"date","log_return","price"
2017-01-02,0.0231932356156817,1021.75
2017-01-03,0.0213893448040254,1043.83996582031
2017-01-04,0.100960345232004,1154.72998046875
2017-01-05,-0.130575250358725,1013.38000488281
2017-01-06,-0.116209241194181,902.200988769531
2017-01-07,0.00705114753008562,908.585021972656
2017-01-08,0.00287281835579645,911.198974609375
2017-01-09,-0.0092292244847636,902.828002929688
2017-01-10,0.005358747291349,907.679016113281
2017-01-11,-0.154476649076822,777.757019042969
2017-01-12,0.0342218650168942,804.833984375
2017-01-13,0.0235150973517184,823.984008789062
2017-01-14,-0.00678526113737821,818.411987304688
2017-01-15,0.00412872890504268,821.797973632812
2017-01-16,0.011777592965049,831.533996582031
2017-01-17,0.0879038977801754,907.93798828125
2017-01-18,-0.0237618785196361,886.617980957031
2017-01-19,0.01395002743239,899.072998046875
2017-01-20,-0.00451146111407663,895.026000976562
2017-01-21,0.029463579406781,921.789001464844
2017-01-22,0.00312378435301675,924.672973632812
2017-01-23,-0.0039670415190356,921.012023925781
2017-01-24,-0.031237062820324,892.68701171875
2017-01-25,0.00987059326696027,901.5419921875
2017-01-26,0.01763968499895,917.585998535156
2017-01-27,0.00235558707520234,919.75
2017-01-28,0.00199857434379336,921.590026855469
2017-01-29,-0.00227480528390611,919.495971679688
2017-01-30,0.000963158901019945,920.382019042969
2017-01-31,0.052922642786311,970.403015136719
2017-02-01,0.0190061328018638,989.023010253906
2017-02-02,0.0227685922592018,1011.79998779297
2017-02-03,0.0177405421590633,1029.91003417969
2017-02-04,0.0125338645847188,1042.90002441406
2017-02-05,-0.0150324133234712,1027.33996582031
2017-02-06,0.0104674022593958,1038.15002441406
2017-02-07,0.0221013532147394,1061.34997558594
2017-02-08,0.00161923832592503,1063.06994628906
2017-02-09,-0.0667937371186484,994.382995605469
2017-02-10,-0.00575777713634196,988.674011230469
2017-02-11,0.0158307564025604,1004.45001220703
2017-02-12,-0.00525944544445078,999.181030273438
2017-02-13,-0.00858272683424754,990.642028808594
2017-02-14,0.013941699990017,1004.54998779297
2017-02-15,0.00291247624850755,1007.47998046875
2017-02-16,0.0196180703549862,1027.43994140625
2017-02-17,0.0181038584795923,1046.2099609375
2017-02-18,0.00781682142360829,1054.42004394531
2017-02-19,-0.00623136665372837,1047.86999511719
2017-02-20,0.0301829766180575,1079.97998046875
2017-02-21,0.0321809664373003,1115.30004882812
2017-02-22,0.00191683155467359,1117.43994140625
2017-02-23,0.043156065604359,1166.71997070312
2017-02-24,0.0059477896544502,1173.68005371094
2017-02-25,-0.0257531644572211,1143.83996582031
2017-02-26,0.018501711042906,1165.19995117188
2017-02-27,0.0125962853992974,1179.96997070312
2017-02-28,0,1179.96997070312
2017-03-01,0.0354089527698109,1222.5
2017-03-02,0.0230532904972431,1251.01000976562
2017-03-03,0.0189870949188693,1274.98999023438
2017-03-04,-0.0156832209779685,1255.15002441406
2017-03-05,0.00949149811352079,1267.11999511719
2017-03-06,0.00449612840115066,1272.82995605469
2017-03-07,-0.0394944049341355,1223.5400390625
2017-03-08,-0.0619863860104113,1150
2017-03-09,0.0329216432235357,1188.48999023438
2017-03-10,-0.062287794611084,1116.71997070312
2017-03-11,0.0515784528423398,1175.82995605469
2017-03-12,0.0380071271886253,1221.38000488281
2017-03-13,0.00859259259165679,1231.92004394531
2017-03-14,0.00653741600671331,1240
2017-03-15,0.00772011129273054,1249.60998535156
2017-03-16,-0.050720166090521,1187.81005859375
2017-03-17,-0.0765920937141678,1100.22998046875
2017-03-18,-0.12205008924073,973.817993164062
2017-03-19,0.0626120232871399,1036.73999023438
2017-03-20,0.0167294589542859,1054.22998046875
2017-03-21,0.0610001227253658,1120.5400390625
2017-03-22,-0.0658399519210997,1049.14001464844
2017-03-23,-0.0101068037837733,1038.58996582031
2017-03-24,-0.102381158325078,937.52001953125
2017-03-25,0.036918803491548,972.778991699219
2017-03-26,-0.0062428702158206,966.724975585938
2017-03-27,0.0785947087867767,1045.77001953125
2017-03-28,0.00131873655355097,1047.15002441406
2017-03-29,-0.0068803730046616,1039.96997070312
2017-03-30,-0.0131050238214279,1026.43005371094
2017-03-31,0.0432433697911625,1071.7900390625
2017-04-01,0.00809371258257752,1080.5
2017-04-02,0.0198571067127054,1102.17004394531
2017-04-03,0.0370838427973714,1143.81005859375
2017-04-04,-0.00927523563605881,1133.25
2017-04-05,-0.0075021238147146,1124.78002929688
2017-04-06,0.0501956080633219,1182.68005371094
2017-04-07,-0.00489921144156824,1176.90002441406
2017-04-08,-0.00080759360238325,1175.94995117188
2017-04-09,0.010085493189349,1187.86999511719
2017-04-10,-0.000623149691217684,1187.13000488281
2017-04-11,0.0149492402259472,1205.01000976562
2017-04-12,-0.00385803523297845,1200.36999511719
2017-04-13,-0.0262416387116451,1169.28002929688
2017-04-14,-0.00148919514985302,1167.5400390625
2017-04-15,0.00425629074653333,1172.52001953125
2017-04-16,0.00884752024584223,1182.93994140625
2017-04-17,0.0092308482079142,1193.91003417969
2017-04-18,0.0147659457402396,1211.67004394531
2017-04-19,-0.00113957702427747,1210.2900390625
2017-04-20,0.0154058536934407,1229.07995605469
2017-04-21,-0.00573606988423592,1222.05004882812
2017-04-22,0.00787359967987911,1231.7099609375
2017-04-23,-0.0200915363673468,1207.2099609375
2017-04-24,0.0349516839326229,1250.15002441406
2017-04-25,0.0121958275962424,1265.48999023438
2017-04-26,0.0122440466313272,1281.07995605469
2017-04-27,0.0282071065591545,1317.72998046875
2017-04-28,-0.000949051223979147,1316.47998046875
2017-04-29,0.00402541493082254,1321.7900390625
2017-04-30,0.0195535095169941,1347.89001464844
2017-05-01,0.0532425630304001,1421.59997558594
2017-05-02,0.0217234776351782,1452.81994628906
2017-05-03,0.025330039559929,1490.08996582031
2017-05-04,0.0314318143913104,1537.67004394531
2017-05-05,0.0114965491710715,1555.44995117188
2017-05-06,0.0149002342917779,1578.80004882812
2017-05-07,0.0112801420628852,1596.7099609375
2017-05-08,0.0763248190219104,1723.34997558594
2017-05-09,0.0184038989233519,1755.35998535156
2017-05-10,0.017937028143165,1787.13000488281
2017-05-11,0.0338013542789843,1848.56994628906
2017-05-12,-0.0696259701385227,1724.23999023438
2017-05-13,0.045724379957238,1804.91003417969
2017-05-14,0.00221372484399485,1808.91003417969
2017-05-15,-0.0397420348714723,1738.43005371094
2017-05-16,-0.00229210584644779,1734.44995117188
2017-05-17,0.0585805333716722,1839.08996582031
2017-05-18,0.0265914355797294,1888.65002441406
2017-05-19,0.0511209016296235,1987.7099609375
2017-05-20,0.0476561384037524,2084.72998046875
2017-05-21,-0.0211014948073895,2041.19995117188
2017-05-22,0.0627548704277388,2173.39990234375
2017-05-23,0.0654554533936045,2320.419921875
2017-05-24,0.051740516883191,2443.63989257812
2017-05-25,-0.0584166958430501,2304.97998046875
2017-05-26,-0.0455152708126532,2202.419921875
2017-05-27,-0.0771609899138195,2038.86999511719
2017-05-28,0.0557661765936386,2155.80004882812
2017-05-29,0.0452585869605073,2255.61010742188
2017-05-30,-0.0361757742923032,2175.46997070312
2017-05-31,0.0497381437480966,2286.40991210938
2017-06-01,0.0517637802181046,2407.8798828125
2017-06-02,0.0329535875114413,2488.55004882812
2017-06-03,0.0107117665423182,2515.35009765625
2017-06-04,-0.00140836557324864,2511.81005859375
2017-06-05,0.0673510059812665,2686.81005859375
2017-06-06,0.0635852253047613,2863.19995117188
2017-06-07,-0.0468473904374997,2732.15991210938
2017-06-08,0.0265321172087178,2805.6201171875
2017-06-09,0.00646246747699042,2823.81005859375
2017-06-10,0.0429415267947828,2947.7099609375
2017-06-11,0.00352200274126702,2958.11010742188
2017-06-12,-0.10636361588757,2659.6298828125
2017-06-13,0.0213487273529163,2717.02001953125
2017-06-14,-0.0807001606839597,2506.3701171875
2017-06-15,-0.016814098700646,2464.580078125
2017-06-16,0.0216658936081684,2518.56005859375
2017-06-17,0.0530886728576663,2655.8798828125
2017-06-18,-0.0413534444277346,2548.2900390625
2017-06-19,0.0160809000217492,2589.60009765625
2017-06-20,0.0497863051090235,2721.7900390625
2017-06-21,-0.0120831649930935,2689.10009765625
2017-06-22,0.00604683803345019,2705.40991210938
2017-06-23,0.0144948160290364,2744.90991210938
2017-06-24,-0.0508885871668889,2608.71997070312
2017-06-25,-0.00742965176123977,2589.40991210938
2017-06-26,-0.0437966715092255,2478.44995117188
2017-06-27,0.0294203180144299,2552.44995117188
2017-06-28,0.00871432946679285,2574.7900390625
2017-06-29,-0.0138716369902321,2539.32006835938
2017-06-30,-0.0232991076399856,2480.84008789062
2017-07-01,-0.018835293348693,2434.55004882812
2017-07-02,0.029113422496172,2506.46997070312
2017-07-03,0.0227165854922218,2564.06005859375
2017-07-04,0.0145500115442418,2601.63989257812
2017-07-05,0.000134559015403823,2601.98999023438
2017-07-06,0.00252183427075892,2608.56005859375
2017-07-07,-0.0350713882342708,2518.65991210938
2017-07-08,0.0207002188153087,2571.34008789062
2017-07-09,-0.0207875590347459,2518.43994140625
2017-07-10,-0.0596700732919979,2372.56005859375
2017-07-11,-0.0147635102916421,2337.7900390625
2017-07-12,0.0257792684505,2398.84008789062
2017-07-13,-0.0172139728379186,2357.89990234375
2017-07-14,-0.0542730888253677,2233.34008789062
2017-07-15,-0.110921251433084,1998.85998535156
2017-07-16,-0.0351503042331807,1929.81994628906
2017-07-17,0.143861580751566,2228.40991210938
2017-07-18,0.0397959727176405,2318.8798828125
2017-07-19,-0.0197945857472845,2273.42993164062
2017-07-20,0.214595819210644,2817.60009765625
2017-07-21,-0.0546463207738759,2667.76000976562
2017-07-22,0.0519880561168256,2810.1201171875
2017-07-23,-0.0287791459180475,2730.39990234375
2017-07-24,0.00891858076625773,2754.86010742188
2017-07-25,-0.0669425449033829,2576.47998046875
2017-07-26,-0.0184222502086389,2529.44995117188
2017-07-27,0.0547430594223046,2671.78002929688
2017-07-28,0.0500871836574461,2809.01000976562
2017-07-29,-0.0298317328005391,2726.44995117188
2017-07-30,0.0112080146966278,2757.17993164062
2017-07-31,0.041962565219495,2875.34008789062
2017-08-01,-0.0561789853746069,2718.26000976562
2017-08-02,-0.00279616533330884,2710.669921875
2017-08-03,0.0341114627077781,2804.72998046875
2017-08-04,0.0319851825885555,2895.88989257812
2017-08-05,0.1162575000382,3252.90991210938
2017-08-06,-0.0120523727364041,3213.93994140625
2017-08-07,0.0500644529170078,3378.93994140625
2017-08-08,0.0120609564271206,3419.93994140625
2017-08-09,-0.0229129440572233,3342.46997070312
2017-08-10,0.0115442988253687,3381.28002929688
2017-08-11,0.0766427035875843,3650.6201171875
2017-08-12,0.0621512766196375,3884.7099609375
2017-08-13,0.0473953391340931,4073.26000976562
2017-08-14,0.05999850660357,4325.1298828125
2017-08-15,-0.0336692661438267,4181.93017578125
2017-08-16,0.0455060905777138,4376.6298828125
2017-08-17,-0.0103212425036521,4331.68994140625
2017-08-18,-0.0402936227758026,4160.6201171875
2017-08-19,0.00791931594043405,4193.7001953125
2017-08-20,-0.0256107880491783,4087.65991210938
2017-08-21,-0.0212433935922363,4001.73999023438
2017-08-22,0.0243845356050443,4100.52001953125
2017-08-23,0.0123607372492582,4151.52001953125
2017-08-24,0.0431732933489641,4334.68017578125
2017-08-25,0.00848126686142869,4371.60009765625
2017-08-26,-0.0044017025017844,4352.39990234375
2017-08-27,0.00697862115906034,4382.8798828125
2017-08-28,-0.0000501341757761509,4382.66015625
2017-08-29,0.0438291240560158,4579.02001953125
2017-08-30,-0.00300081917589878,4565.2998046875
2017-08-31,0.0297993678641468,4703.39013671875
2017-09-01,0.0393196596818672,4892.009765625
2017-09-02,-0.0661728066954748,4578.77001953125
2017-09-03,0.000914661686666207,4582.9599609375
2017-09-04,-0.0786524479178023,4236.31005859375
2017-09-05,0.0325635027293369,4376.52978515625
2017-09-06,0.0491739220862204,4597.1201171875
2017-09-07,0.000600144766300659,4599.8798828125
2017-09-08,-0.0841237496092671,4228.75
2017-09-09,-0.00063631033183853,4226.06005859375
2017-09-10,-0.0247036438840187,4122.93994140625
2017-09-11,0.00925383394032586,4161.27001953125
2017-09-12,-0.00734679300192376,4130.81005859375
2017-09-13,-0.0619710484860665,3882.59008789062
2017-09-14,-0.207529846818872,3154.94995117188
2017-09-15,0.142329503603282,3637.52001953125
2017-09-16,-0.00343680262940893,3625.0400390625
2017-09-17,-0.0116984199375025,3582.8798828125
2017-09-18,0.126296016703469,4065.19995117188
2017-09-19,-0.0351042298413962,3924.96997070312
2017-09-20,-0.00485768137648712,3905.94995117188
2017-09-21,-0.072981899673918,3631.0400390625
2017-09-22,-0.0000936656755357035,3630.69995117188
2017-09-23,0.0435735846082625,3792.39990234375
2017-09-24,-0.0293148207724947,3682.84008789062
2017-09-25,0.063954725420583,3926.07006835938
2017-09-26,-0.0086258295319368,3892.35009765625
2017-09-27,0.0762309043507496,4200.669921875
2017-09-28,-0.00619433690360083,4174.72998046875
2017-09-29,-0.00279694022990817,4163.06982421875
2017-09-30,0.0413243192583899,4338.7099609375
2017-10-01,0.0148771731976645,4403.740234375
2017-10-02,0.00126620959170332,4409.31982421875
2017-10-03,-0.0210485484984613,4317.47998046875
2017-10-04,-0.0206212451452057,4229.35986328125
2017-10-05,0.0231496560852786,4328.41015625
2017-10-06,0.00974805489429897,4370.81005859375
2017-10-07,0.0127489767702453,4426.89013671875
2017-10-08,0.0406346320286168,4610.47998046875
2017-10-09,0.0344377306075163,4772.02001953125
2017-10-10,0.00208712743613582,4781.990234375
2017-10-11,0.00926059259103873,4826.47998046875
2017-10-12,0.120931084632637,5446.91015625
2017-10-13,0.0361131068750851,5647.2099609375
2017-10-14,0.0321623815563044,5831.7900390625
2017-10-15,-0.026691482867168,5678.18994140625
2017-10-16,0.0083130639504887,5725.58984375
2017-10-17,-0.0211955728485531,5605.509765625
2017-10-18,-0.00264729698675303,5590.68994140625
2017-10-19,0.0208570953230627,5708.52001953125
2017-10-20,0.0517062173997829,6011.4501953125
2017-10-21,0.00334631520362016,6031.60009765625
2017-10-22,-0.00385052589344603,6008.419921875
2017-10-23,-0.0130836609937397,5930.31982421875
2017-10-24,-0.0704980841380269,5526.64013671875
2017-10-25,0.0397588809285736,5750.7998046875
2017-10-26,0.0264317317002423,5904.830078125
2017-10-27,-0.0212113102913847,5780.89990234375
2017-10-28,-0.0048222884011988,5753.08984375
2017-10-29,0.0673408434699869,6153.85009765625
2017-10-30,-0.00379674688287679,6130.52978515625
2017-10-31,0.0536475964258134,6468.39990234375
2017-11-01,0.0451749077861567,6767.31005859375
2017-11-02,0.0449583454420424,7078.5
2017-11-03,0.0180961700448456,7207.759765625
2017-11-04,0.0236086990897064,7379.9501953125
2017-11-05,0.00371398165042081,7407.41015625
2017-11-06,-0.0533246018482192,7022.759765625
2017-11-07,0.0171697474570198,7144.3798828125
2017-11-08,0.0431878332915474,7459.68994140625
2017-11-09,-0.0432997883488841,7143.580078125
2017-11-10,-0.0763996778276805,6618.14013671875
2017-11-11,-0.0401634213567856,6357.60009765625
2017-11-12,-0.066248008352888,5950.06982421875
2017-11-13,0.0975099371105212,6559.490234375
2017-11-14,0.0115588065593553,6635.75
2017-11-15,0.0975291596816703,7315.5400390625
2017-11-16,0.073271913446586,7871.68994140625
2017-11-17,-0.0208855607556409,7708.990234375
2017-11-18,0.0104728919231327,7790.14990234375
2017-11-19,0.0311323472502352,8036.490234375
2017-11-20,0.0202197072675592,8200.6396484375
2017-11-21,-0.0159025822498986,8071.259765625
2017-11-22,0.0223338122740149,8253.5498046875
2017-11-23,-0.026367298316563,8038.77001953125
2017-11-24,0.0263843362948091,8253.6904296875
2017-11-25,0.0630589365872147,8790.919921875
2017-11-26,0.0595745800895813,9330.5498046875
2017-11-27,0.0509591022094948,9818.349609375
2017-11-28,0.0241948098217737,10058.7998046875
2017-11-29,-0.0170642285420382,9888.6103515625
2017-11-30,0.0342927607433072,10233.599609375
2017-12-01,0.0699982055338513,10975.599609375
2017-12-02,0.00897957104484171,11074.599609375
2017-12-03,0.0221995729629558,11323.2001953125
2017-12-04,0.0290702960299232,11657.2001953125
2017-12-05,0.022016762442421,11916.7001953125
2017-12-06,0.181724160881808,14291.5
2017-12-07,0.225118954341328,17899.69921875
2017-12-08,-0.0772262649438904,16569.400390625
2017-12-09,-0.0876974436103222,15178.2001953125
2017-12-10,0.0180982813856829,15455.400390625
2017-12-11,0.0915303333847479,16936.80078125
2017-12-12,0.0278660791892271,17415.400390625
2017-12-13,-0.0595737324307724,16408.19921875
2017-12-14,0.00945050342490639,16564
2017-12-15,0.0667227505013752,17706.900390625
2017-12-16,0.0963267271967148,19497.400390625
2017-12-17,-0.0184589201309553,19140.80078125
2017-12-18,-0.00139074979938414,19114.19921875
2017-12-19,-0.072542906339212,17776.69921875
2017-12-20,-0.0670050645065743,16624.599609375
2017-12-21,-0.0506900103921986,15802.900390625
2017-12-22,-0.133223217282159,13831.7998046875
2017-12-23,0.0608228088914249,14699.2001953125
2017-12-24,-0.0540498630560897,13925.7998046875
2017-12-25,0.00721227828320359,14026.599609375
2017-12-26,0.137851338372183,16099.7998046875
2017-12-27,-0.0163631524891077,15838.5
2017-12-28,-0.0809770498133542,14606.5
2017-12-29,0.0033968323339586,14656.2001953125
2017-12-30,-0.123597794486912,12952.2001953125
2017-12-31,0.0889011732809522,14156.400390625
2018-01-01,-0.0358999768524146,13657.2001953125
2018-01-02,0.0925892597121418,14982.099609375
2018-01-03,0.0145050860549691,15201
2018-01-04,0.0258584282480321,15599.2001953125
2018-01-05,0.110944529537294,17429.5
2018-01-06,0.00557837614383061,17527
2018-01-07,-0.0617406899893336,16477.599609375
2018-01-08,-0.0826754995548455,15170.099609375
2018-01-09,-0.0386199222066566,14595.400390625
2018-01-10,0.0255621646355237,14973.2998046875
2018-01-11,-0.110581167413622,13405.7998046875
2018-01-12,0.041983191837021,13980.599609375
2018-01-13,0.0267898783015248,14360.2001953125
2018-01-14,-0.0418229592243744,13772
2018-01-15,0.00346478684569895,13819.7998046875
2018-01-16,-0.184581725307153,11490.5
2018-01-17,-0.0266252391377613,11188.599609375
2018-01-18,0.025266707476316,11474.900390625
2018-01-19,0.0114807840550171,11607.400390625
2018-01-20,0.105522449673758,12899.2001953125
2018-01-21,-0.106151623991616,11600.099609375
2018-01-22,-0.0593742675387645,10931.400390625
2018-01-23,-0.00577988542365304,10868.400390625
2018-01-24,0.0441860972564356,11359.400390625
2018-01-25,-0.00884225936755278,11259.400390625
2018-01-26,-0.00784639410255572,11171.400390625
2018-01-27,0.0238202140481611,11440.7001953125
2018-01-28,0.0297606334864113,11786.2998046875
2018-01-29,-0.0424536979806067,11296.400390625
2018-01-30,-0.111325153029668,10106.2998046875
2018-01-31,0.0112952004213174,10221.099609375
2018-02-01,-0.108457996388728,9170.5400390625
2018-02-02,-0.0377562277501244,8830.75
2018-02-03,0.0382326529371486,9174.91015625
2018-02-04,-0.102990837905004,8277.009765625
2018-02-05,-0.173982115331249,6955.27001953125
2018-02-06,0.108709190826632,7754
2018-02-07,-0.0172619060539834,7621.2998046875
2018-02-08,0.0811541619867011,8265.58984375
2018-02-09,0.055463550667886,8736.98046875
2018-02-10,-0.0132591225225873,8621.900390625
2018-02-11,-0.058748263384599,8129.97021484375
2018-02-12,0.0934749976251279,8926.5703125
2018-02-13,-0.0374666352201505,8598.3095703125
2018-02-14,0.099160740937517,9494.6298828125
2018-02-15,0.0683618402315496,10166.400390625
2018-02-16,0.00661757363827142,10233.900390625
2018-02-17,0.0823828388494885,11112.7001953125
2018-02-18,-0.0517921730312878,10551.7998046875
2018-02-19,0.0618736989571076,11225.2998046875
2018-02-20,0.015767739342639,11403.7001953125
2018-02-21,-0.0645917022479114,10690.400390625
2018-02-22,-0.0662612109888094,10005
2018-02-23,0.0291656796933921,10301.099609375
2018-02-24,-0.0485354452904136,9813.0703125
2018-02-25,-0.015231977518507,9664.73046875
2018-02-26,0.0701155398661992,10366.7001953125
2018-02-27,0.0340346060989738,10725.599609375
2018-02-28,-0.0310294706364651,10397.900390625
2018-03-01,0.0518268760447462,10951
2018-03-02,0.0122883908319693,11086.400390625
2018-03-03,0.0357318317325568,11489.7001953125
2018-03-04,0.00199105496597696,11512.599609375
2018-03-05,0.00525865023530692,11573.2998046875
2018-03-06,-0.0710173788230346,10779.900390625
2018-03-07,-0.0785471416488406,9965.5703125
2018-03-08,-0.0589575112734924,9395.009765625
2018-03-09,-0.00613478803401257,9337.5498046875
2018-03-10,-0.0518201479571889,8866
2018-03-11,0.0773108269362233,9578.6298828125
2018-03-12,-0.0397746995350658,9205.1201171875
2018-03-13,-0.00111636149752137,9194.849609375
2018-03-14,-0.106032020020404,8269.8095703125
2018-03-15,0.00374768403922054,8300.8603515625
2018-03-16,0.00450614197866628,8338.349609375
2018-03-17,-0.0518681342083269,7916.8798828125
2018-03-18,0.0380205854342641,8223.6796875
2018-03-19,0.048302106725167,8630.650390625
2018-03-20,0.0322437188708733,8913.4697265625
2018-03-21,0.00177221011481521,8929.2802734375
2018-03-22,-0.0227457297277365,8728.4697265625
2018-03-23,0.0171687110599663,8879.6201171875
2018-03-24,-0.0241068353713558,8668.1201171875
2018-03-25,-0.0200823393108447,8495.7802734375
2018-03-26,-0.0342897150422043,8209.400390625
2018-03-27,-0.0469291968093657,7833.0400390625
2018-03-28,0.0153845995453032,7954.47998046875
2018-03-29,-0.104429508601003,7165.7001953125
2018-03-30,-0.0391592241931882,6890.52001953125
2018-03-31,0.011974965288978,6973.52978515625
2018-04-01,-0.0187155633094118,6844.22998046875
2018-04-02,0.0344045006234843,7083.7998046875
2018-04-03,0.0512233528434791,7456.10986328125
2018-04-04,-0.084224755807055,6853.83984375
2018-04-05,-0.00620106891030581,6811.47021484375
2018-04-06,-0.0260504209413384,6636.31982421875
2018-04-07,0.0405697786351027,6911.08984375
2018-04-08,0.0161371745154426,7023.52001953125
2018-04-09,-0.0366556127664541,6770.72998046875
2018-04-10,0.00941241499855572,6834.759765625
2018-04-11,0.01935281561415,6968.31982421875
2018-04-12,0.124126935810382,7889.25
2018-04-13,0.000850158009713553,7895.9599609375
2018-04-14,0.0113688588137784,7986.240234375
2018-04-15,0.0420365598136083,8329.1103515625
2018-04-16,-0.0330081291414395,8058.669921875
2018-04-17,-0.0196212591282876,7902.08984375
2018-04-18,0.0325359275749459,8163.419921875
2018-04-19,0.0159064964896274,8294.3095703125
2018-04-20,0.0643764846304897,8845.830078125
2018-04-21,0.00560836257813868,8895.580078125
2018-04-22,-0.0105233095104538,8802.4599609375
2018-04-23,0.0144836977090819,8930.8798828125
2018-04-24,0.0823531991874269,9697.5
2018-04-25,-0.0919321066375041,8845.740234375
2018-04-26,0.0480882101323168,9281.509765625
2018-04-27,-0.0322395933068442,8987.0498046875
2018-04-28,0.0394291828621398,9348.48046875
2018-04-29,0.00752361418749636,9419.080078125
2018-04-30,-0.0191360410144039,9240.5498046875
2018-05-01,-0.013240166694592,9119.009765625
2018-05-02,0.0127390013769837,9235.919921875
2018-05-03,0.0535371578910659,9743.8603515625
2018-05-04,-0.00443317033356294,9700.759765625
2018-05-05,0.0160943550650838,9858.150390625
2018-05-06,-0.0208433830794323,9654.7998046875
2018-05-07,-0.0296209231279896,9373.009765625
2018-05-08,-0.0148531014187707,9234.8203125
2018-05-09,0.0097370785472517,9325.1796875
2018-05-10,-0.0306232671090534,9043.9404296875
2018-05-11,-0.0689361065966985,8441.490234375
2018-05-12,0.00748238978371063,8504.8896484375
2018-05-13,0.025429769131291,8723.9404296875
2018-05-14,-0.000819964626876057,8716.7900390625
2018-05-15,-0.0239644741961946,8510.3798828125
2018-05-16,-0.0167724820478465,8368.830078125
2018-05-17,-0.0333515397056416,8094.31982421875
2018-05-18,0.0191681766387202,8250.9697265625
2018-05-19,-0.000459450212755286,8247.1796875
2018-05-20,0.0317524874815422,8513.25
2018-05-21,-0.011133876917274,8418.990234375
2018-05-22,-0.0458394713982138,8041.77978515625
2018-05-23,-0.0620676594447254,7557.81982421875
2018-05-24,0.00389828269388914,7587.33984375
2018-05-25,-0.01422952158876,7480.14013671875
2018-05-26,-0.0167515492021604,7355.8798828125
2018-05-27,0.00167620905030041,7368.22021484375
2018-05-28,-0.0320251597389678,7135.990234375
2018-05-29,0.046090611580091,7472.58984375
2018-05-30,-0.00888094235145154,7406.52001953125
2018-05-31,0.011764678499798,7494.169921875
2018-06-01,0.00628912261800529,7541.4501953125
2018-06-02,0.0134346003626717,7643.4501953125
2018-06-03,0.00999764944741699,7720.25
2018-06-04,-0.0270162232389151,7514.47021484375
2018-06-05,0.0157499611309539,7633.759765625
2018-06-06,0.00264528661143615,7653.97998046875
2018-06-07,0.00316461331927798,7678.240234375
2018-06-08,-0.0069685643656463,7624.919921875
2018-06-09,-0.0122638675281053,7531.97998046875
2018-06-10,-0.104293336380861,6786.02001953125
2018-06-11,0.0176591797958725,6906.919921875
2018-06-12,-0.0481304733993824,6582.35986328125
2018-06-13,-0.0359542735067482,6349.89990234375
2018-06-14,0.049982602628063,6675.35009765625
2018-06-15,-0.0333218740560124,6456.580078125
2018-06-16,0.0143897227421341,6550.16015625
2018-06-17,-0.00779963477666001,6499.27001953125
2018-06-18,0.0356011914394614,6734.81982421875
2018-06-19,0.00520115825376521,6769.93994140625
2018-06-20,0.000975878464416269,6776.5498046875
2018-06-21,-0.00693154931460249,6729.740234375
2018-06-22,-0.100925134603076,6083.68994140625
2018-06-23,0.0128678806106421,6162.47998046875
2018-06-24,0.00174290782700481,6173.22998046875
2018-06-25,0.0122280846844678,6249.18017578125
2018-06-26,-0.0251997686174938,6093.669921875
2018-06-27,0.0103602262003086,6157.1298828125
2018-06-28,-0.0420755189266746,5903.43994140625
2018-06-29,0.0519613041625018,6218.2998046875
2018-06-30,0.029426269046299,6404
2018-07-01,-0.00284291542425485,6385.81982421875
2018-07-02,0.0351359760539776,6614.18017578125
2018-07-03,-0.0128717255128681,6529.58984375
2018-07-04,0.0103542081397769,6597.5498046875
2018-07-05,0.00628411922960304,6639.14013671875
2018-07-06,0.00516200231136565,6673.5
2018-07-07,0.0271153854075994,6856.93017578125
2018-07-08,-0.0121858231927572,6773.8798828125
2018-07-09,-0.00475448700743009,6741.75
2018-07-10,-0.0630271670534501,6329.9501953125
2018-07-11,0.0101787118798935,6394.7099609375
2018-07-12,-0.0262857672405943,6228.81005859375
2018-07-13,0.00148228950784102,6238.0498046875
2018-07-14,0.00608437158567732,6276.1201171875
2018-07-15,0.0132198196554185,6359.64013671875
2018-07-16,0.0583477416652141,6741.75
2018-07-17,0.082432864580209,7321.0400390625
2018-07-18,0.00677110619749222,7370.77978515625
2018-07-19,0.0129510384875573,7466.85986328125
2018-07-20,-0.0152125001623808,7354.1298828125
2018-07-21,0.00882132629206112,7419.2900390625
2018-07-22,-0.000107806514659359,7418.490234375
2018-07-23,0.0386865643344496,7711.10986328125
2018-07-24,0.0884546416030787,8424.26953125
2018-07-25,-0.0292546904172202,8181.39013671875
2018-07-26,-0.0284914186569747,7951.580078125
2018-07-27,0.0264872615735232,8165.009765625
2018-07-28,0.00331850390261579,8192.150390625
2018-07-29,0.00320641247214581,8218.4599609375
2018-07-30,-0.00463201261925228,8180.47998046875
2018-07-31,-0.0501379418819976,7780.43994140625
2018-08-01,-0.0201923446929566,7624.91015625
2018-08-02,-0.00760404211125731,7567.14990234375
2018-08-03,-0.0176999469742469,7434.39013671875
2018-08-04,-0.0555245075925281,7032.85009765625
2018-08-05,0.00505341814403693,7068.47998046875
2018-08-06,-0.0166448703488093,6951.7998046875
2018-08-07,-0.0289959530864028,6753.1201171875
2018-08-08,-0.0685348238477204,6305.7998046875
2018-08-09,0.0407745730135645,6568.22998046875
2018-08-10,-0.0601642760359624,6184.7099609375
2018-08-11,0.0177915119243632,6295.72998046875
2018-08-12,0.00427311852473622,6322.68994140625
2018-08-13,-0.00398092445461451,6297.56982421875
2018-08-14,-0.0156613063294788,6199.7099609375
2018-08-15,0.0173985933395429,6308.52001953125
2018-08-16,0.0041460856161688,6334.72998046875
2018-08-17,0.0380832782083367,6580.6298828125
2018-08-18,-0.0241268880663537,6423.759765625
2018-08-19,0.0127319807138004,6506.06982421875
2018-08-20,-0.0308329084674419,6308.52978515625
2018-08-21,0.0281687613599324,6488.759765625
2018-08-22,-0.0174191289226933,6376.7099609375
2018-08-23,0.0245016820682409,6534.8798828125
2018-08-24,0.0279282300110975,6719.9599609375
2018-08-25,0.0064124672521686,6763.18994140625
2018-08-26,-0.0083041766839802,6707.259765625
2018-08-27,0.0261023761987218,6884.64013671875
2018-08-28,0.0302778097129153,7096.27978515625
2018-08-29,-0.00694595184708469,7047.16015625
2018-08-30,-0.00982942079998317,6978.22998046875
2018-08-31,0.00846907201925262,7037.580078125
2018-09-01,0.0218787141185395,7193.25
2018-09-02,0.010987305122022,7272.72021484375
2018-09-03,-0.00174229007999394,7260.06005859375
2018-09-04,0.0138973706767107,7361.66015625
2018-09-05,-0.0804178163774729,6792.830078125
2018-09-06,-0.0395878380572583,6529.169921875
2018-09-07,-0.00955669816881866,6467.06982421875
2018-09-08,-0.0379922628673892,6225.97998046875
2018-09-09,0.0119552537773746,6300.85986328125
2018-09-10,0.00456676220536423,6329.7001953125
2018-09-11,-0.00134377807375152,6321.2001953125
2018-09-12,0.00482911210306192,6351.7998046875
2018-09-13,0.0257235165548657,6517.31005859375
2018-09-14,-0.000706076865649052,6512.7099609375
2018-09-15,0.00467072604521945,6543.2001953125
2018-09-16,-0.00398457827693832,6517.18017578125
2018-09-17,-0.0368807178879447,6281.2001953125
2018-09-18,0.0142424236164196,6371.2998046875
2018-09-19,0.00426634570621331,6398.5400390625
2018-09-20,0.0187539037316853,6519.669921875
2018-09-21,0.0324866657518861,6734.9501953125
2018-09-22,-0.00192766384170007,6721.97998046875
2018-09-23,-0.00168993225783787,6710.6298828125
2018-09-24,-0.0173188425931503,6595.41015625
2018-09-25,-0.0228412487397254,6446.47021484375
2018-09-26,0.00749992262533716,6495
2018-09-27,0.0275986920872473,6676.75
2018-09-28,-0.00489760176174414,6644.1298828125
2018-09-29,-0.0063671717222924,6601.9599609375
2018-09-30,0.00356833671967571,6625.56005859375
2018-10-01,-0.00543920393591435,6589.6201171875
2018-10-02,-0.00509977264562878,6556.10009765625
2018-10-03,-0.00819539381745749,6502.58984375
2018-10-04,0.0113310353009695,6576.68994140625
2018-10-05,0.00693834885532318,6622.47998046875
2018-10-06,-0.00517304384884554,6588.31005859375
2018-10-07,0.00221967309383508,6602.9501953125
2018-10-08,0.00743558541651446,6652.22998046875
2018-10-09,-0.00144263845057147,6642.64013671875
2018-10-10,-0.00863471012793582,6585.52978515625
2018-10-11,-0.0512953821446231,6256.240234375
2018-10-12,0.00292715981678349,6274.580078125
2018-10-13,0.0018168218647272,6285.990234375
2018-10-14,0.000785556638538409,6290.93017578125
2018-10-15,0.0474363336055337,6596.5400390625
2018-10-16,-0.0000652144617774297,6596.10986328125
2018-10-17,-0.00786572755709258,6544.43017578125
2018-10-18,-0.0104016736956893,6476.7099609375
2018-10-19,-0.001746206565306,6465.41015625
2018-10-20,0.00367125371464105,6489.18994140625
2018-10-21,-0.00105459249454043,6482.35009765625
2018-10-22,0.000741748719899959,6487.16015625
2018-10-23,-0.00176193976428607,6475.740234375
2018-10-24,0.00309902499776449,6495.83984375
2018-10-25,-0.00301412638708776,6476.2900390625
2018-10-26,-0.000237824771618378,6474.75
2018-10-27,0.000869135735083404,6480.3798828125
2018-10-28,0.000927024128230869,6486.39013671875
2018-10-29,-0.0239905434703136,6332.6298828125
2018-10-30,0.000258964188644129,6334.27001953125
2018-10-31,-0.00263362694459168,6317.60986328125
2018-11-01,0.00947909029634708,6377.77978515625
2018-11-02,0.00167005722226321,6388.43994140625
2018-11-03,-0.00426366386363775,6361.259765625
2018-11-04,0.00233487776593044,6376.1298828125
2018-11-05,0.00680386927764154,6419.66015625
2018-11-06,0.00642043491036581,6461.009765625
2018-11-07,0.0106427874574742,6530.14013671875
2018-11-08,-0.0117716614744143,6453.72021484375
2018-11-09,-0.0106081363243149,6385.6201171875
2018-11-10,0.00368900647571024,6409.22021484375
2018-11-11,0.000319770097320315,6411.27001953125
2018-11-12,-0.00625855744520543,6371.27001953125
2018-11-13,-0.00185060252226776,6359.490234375
2018-11-14,-0.102776492731737,5738.35009765625
2018-11-15,-0.0158649558272757,5648.02978515625
2018-11-16,-0.0129158415943884,5575.5498046875
2018-11-17,-0.00381311433669929,5554.330078125
2018-11-18,0.0123835479690317,5623.5400390625
2018-11-19,-0.143561472553914,4871.490234375
2018-11-20,-0.0900756342861104,4451.8701171875
2018-11-21,0.0332036554650958,4602.169921875
2018-11-22,-0.0526944123593172,4365.93994140625
2018-11-23,-0.00432227701264232,4347.10986328125
2018-11-24,-0.113480211784907,3880.76000976562
2018-11-25,0.0327527394287177,4009.96997070312
2018-11-26,-0.0592899592860938,3779.1298828125
2018-11-27,0.010945085463911,3820.71997070312
2018-11-28,0.108224445792372,4257.419921875
2018-11-29,0.00502018126020332,4278.8466796875
2018-11-30,-0.0630812982355575,4017.2685546875
2018-12-01,0.0479695337659365,4214.671875
2018-12-02,-0.0179054396287111,4139.8779296875
2018-12-03,-0.0611957900479343,3894.130859375
2018-12-04,0.0159888114610904,3956.89379882812
2018-12-05,-0.052638750800277,3753.99487304688
2018-12-06,-0.0640466185509077,3521.10180664062
2018-12-07,-0.0291517492154867,3419.93725585938
2018-12-08,0.0162930131511025,3476.11474609375
2018-12-09,0.0389648242144478,3614.234375
2018-12-10,-0.0313585025072562,3502.65600585938
2018-12-11,-0.022540327664478,3424.58813476562
2018-12-12,0.0180462727697108,3486.9501953125
2018-12-13,-0.050968961408147,3313.67724609375
2018-12-14,-0.0217185542488334,3242.48486328125
2018-12-15,-0.00176660849289867,3236.76171875
2018-12-16,0.00495482723549934,3252.83911132812
2018-12-17,0.0862538765395904,3545.86474609375
2018-12-18,0.0414850747947302,3696.05908203125
2018-12-19,0.0134082998010747,3745.95068359375
2018-12-20,0.0986767913217257,4134.44140625
2018-12-21,-0.0592623004400803,3896.54370117188
2018-12-22,0.0297438146709688,4014.1826171875
2018-12-23,-0.0037943596349006,3998.98022460938
2018-12-24,0.0197141920154174,4078.59912109375
2018-12-25,-0.0666842905276859,3815.49072265625
2018-12-26,0.0108975503306628,3857.29760742188
2018-12-27,-0.0539162995271525,3654.83349609375
2018-12-28,0.0710402860729289,3923.91870117188
2018-12-29,-0.0267334189578214,3820.40869140625
2018-12-30,0.0118507252994728,3865.95263671875
2018-12-31,-0.0324007359607563,3742.70043945312
2019-01-01,0.0265812249520003,3843.52001953125
2019-01-02,0.025657066653892,3943.40942382812
2019-01-03,-0.027422321806192,3836.7412109375
2019-01-04,0.00545233161492042,3857.71752929688
2019-01-05,-0.00325148724893332,3845.19458007812
2019-01-06,0.0584470890549067,4076.63256835938
2019-01-07,-0.0126847005573865,4025.24829101562
2019-01-08,0.00139015477068405,4030.84790039062
2019-01-09,0.00110300203437674,4035.29638671875
2019-01-10,-0.0924592824929817,3678.92456054688
2019-01-11,0.00229177010909076,3687.36547851562
2019-01-12,-0.00709368493148688,3661.30102539062
2019-01-13,-0.030039431790895,3552.953125
2019-01-14,0.0421881015929433,3706.05224609375
2019-01-15,-0.0205485633725466,3630.67529296875
2019-01-16,0.0066793014015456,3655.0068359375
2019-01-17,0.00642448558032882,3678.56396484375
2019-01-18,-0.0056498160197318,3657.83935546875
2019-01-19,0.0191517090587379,3728.568359375
2019-01-20,-0.034808960768915,3601.013671875
2019-01-21,-0.00696144390365561,3576.03247070312
2019-01-22,0.00795053055647266,3604.5771484375
2019-01-23,-0.00541167183944857,3585.123046875
2019-01-24,0.00438143110550904,3600.86547851562
2019-01-25,-0.000305420269544499,3599.76586914062
2019-01-26,0.000748263129965565,3602.46044921875
2019-01-27,-0.00514711180320404,3583.9658203125
2019-01-28,-0.0321855631491488,3470.45043945312
2019-01-29,-0.00645612666107098,3448.11694335938
2019-01-30,0.0109787829709536,3486.181640625
2019-01-31,-0.00817660685034305,3457.79272460938
2019-02-01,0.00868238253365128,3487.9453125
2019-02-02,0.00944947812577368,3521.06079101562
2019-02-03,-0.0163344382344484,3464.01342773438
2019-02-04,-0.00140380131254147,3459.15405273438
2019-02-05,0.00208024252495775,3466.357421875
2019-02-06,-0.0152876937500928,3413.76782226562
2019-02-07,-0.0041965833008426,3399.4716796875
2019-02-08,0.0756939360941562,3666.7802734375
2019-02-09,0.0012056010064363,3671.20361328125
2019-02-10,0.00515789992635085,3690.18823242188
2019-02-11,-0.0113803481619819,3648.4306640625
2019-02-12,0.00139631051320954,3653.52856445312
2019-02-13,-0.00589054366087005,3632.07055664062
2019-02-14,-0.00419087358317149,3616.880859375
2019-02-15,0.00108596282258944,3620.81079101562
2019-02-16,0.0024761573448373,3629.78759765625
2019-02-17,0.012062263719125,3673.83618164062
2019-02-18,0.0637613818317888,3915.71435546875
2019-02-19,0.00798195510191135,3947.09448242188
2019-02-20,0.0132697650984959,3999.82055664062
2019-02-21,-0.0114918902823291,3954.1181640625
2019-02-22,0.012917451356472,4005.52661132812
2019-02-23,0.0336308928630515,4142.52685546875
2019-02-24,-0.0835645682052935,3810.42749023438
2019-02-25,0.0187884471459778,3882.6962890625
2019-02-26,-0.0073253992798108,3854.35791015625
2019-02-27,-0.000859279158257564,3851.04736328125
2019-02-28,0.000970183889846155,3854.78540039062
2019-03-01,0.00124400074071573,3859.58374023438
2019-03-02,0.00125098400355661,3864.4150390625
2019-03-03,-0.00447100654891308,3847.17578125
2019-03-04,-0.0225063140968977,3761.55712890625
2019-03-05,0.0352136320131553,3896.375
2019-03-06,0.00194033876294064,3903.94262695312
2019-03-07,0.00192996502581977,3911.484375
2019-03-08,-0.00265027471129109,3901.13159179688
2019-03-09,0.0158138107108474,3963.31372070312
2019-03-10,-0.002959950384815,3951.59985351562
2019-03-11,-0.0118045353948464,3905.22729492188
2019-03-12,0.00100557014807556,3909.15625
2019-03-13,-0.00062410552370018,3906.71728515625
2019-03-14,0.00450815746490285,3924.369140625
2019-03-15,0.00926847303169787,3960.9111328125
2019-03-16,0.0219281389164561,4048.72583007812
2019-03-17,-0.00582041712864978,4025.22900390625
2019-03-18,0.00180654268036839,4032.50732421875
2019-03-19,0.00954703827395953,4071.19018554688
2019-03-20,0.00399235694623279,4087.47631835938
2019-03-21,-0.0143284017903387,4029.32690429688
2019-03-22,-0.00133079522320045,4023.96826171875
2019-03-23,0.00294254713109865,4035.82641601562
2019-03-24,-0.00338997897962301,4022.16821289062
2019-03-25,-0.0148019957754375,3963.07055664062
2019-03-26,0.00553847282280273,3985.08081054688
2019-03-27,0.0252698021617785,4087.06616210938
2019-03-28,-0.00440378414003284,4069.10717773438
2019-03-29,0.00716682580250527,4098.37451171875
2019-03-30,0.00201964956467826,4106.66015625
2019-03-31,-0.000305857167088419,4105.404296875
2019-04-01,0.0127739984353124,4158.18310546875
2019-04-02,0.160041979768394,4879.8779296875
2019-04-03,0.0189074929695092,4973.02197265625
2019-04-04,-0.0101504618478838,4922.798828125
2019-04-05,0.022870127391311,5036.68115234375
2019-04-06,0.00458302863801308,5059.8173828125
2019-04-07,0.0271160901487466,5198.89697265625
2019-04-08,0.0173284725262093,5289.77099609375
2019-04-09,-0.0161632267879206,5204.95849609375
2019-04-10,0.0227168029339158,5324.5517578125
2019-04-11,-0.0500755252871912,5064.48779296875
2019-04-12,0.00493426316763745,5089.5390625
2019-04-13,0.0013837183556813,5096.58642578125
2019-04-14,0.0138610176152909,5167.72216796875
2019-04-15,-0.0196616856812462,5067.1083984375
2019-04-16,0.0327034095462473,5235.5595703125
2019-04-17,0.00312342028068358,5251.93798828125
2019-04-18,0.00880504810644922,5298.3857421875
2019-04-19,0.00102370436063381,5303.8125
2019-04-20,0.00640383603711392,5337.88623046875
2019-04-21,-0.00438492350363795,5314.53125
2019-04-22,0.0158365833575136,5399.365234375
2019-04-23,0.0315376787102419,5572.3623046875
2019-04-24,-0.0194793465759453,5464.86669921875
2019-04-25,-0.0476609104068952,5210.515625
2019-04-26,0.0131238134231584,5279.34814453125
2019-04-27,-0.00209660812030776,5268.291015625
2019-04-28,0.0031929256297154,5285.13916015625
2019-04-29,-0.00717527899226234,5247.3525390625
2019-04-30,0.0195086866231993,5350.7265625
2019-05-01,0.00966596473719505,5402.697265625
2019-05-02,0.0188099797549057,5505.28369140625
2019-05-03,0.0466672959800345,5768.28955078125
2019-05-04,0.0108416360200021,5831.16748046875
2019-05-05,-0.00609950504004253,5795.70849609375
2019-05-06,-0.0084733105601611,5746.80712890625
2019-05-07,0.0142870660185714,5829.50146484375
2019-05-08,0.0258999553140455,5982.45751953125
2019-05-09,0.0316011333155384,6174.52880859375
2019-05-10,0.0325551192394684,6378.84912109375
2019-05-11,0.121755820151012,7204.771484375
2019-05-12,-0.0327880901222137,6972.37158203125
2019-05-13,0.114078669723003,7814.9150390625
2019-05-14,0.0227092076256792,7994.416015625
2019-05-15,0.02602089592488,8205.16796875
2019-05-16,-0.0398134936070438,7884.9091796875
2019-05-17,-0.0710812772588181,7343.8955078125
2019-05-18,-0.0099469838506181,7271.2080078125
2019-05-19,0.119929899427996,8197.689453125
2019-05-20,-0.0271258460286958,7978.30908203125
2019-05-21,-0.00187953721279399,7963.32763671875
2019-05-22,-0.0362187635444826,7680.06640625
2019-05-23,0.0259340328588813,7881.8466796875
2019-05-24,0.0132995155792166,7987.37158203125
2019-05-25,0.00812631735109548,8052.5439453125
2019-05-26,0.0742515759933582,8673.2158203125
2019-05-27,0.015168497755127,8805.7783203125
2019-05-28,-0.00979326304904582,8719.9619140625
2019-05-29,-0.00695935212814547,8659.4873046875
2019-05-30,-0.0400566479677291,8319.47265625
2019-05-31,0.0301940399349085,8574.501953125
2019-06-01,-0.00122360084242601,8564.0166015625
2019-06-02,0.0206792679831427,8742.9580078125
2019-06-03,-0.0630180586838609,8208.9951171875
2019-06-04,-0.0630014783427022,7707.77099609375
2019-06-05,0.0149964735399362,7824.2314453125
2019-06-06,-0.000282241065825417,7822.0234375
2019-06-07,0.0279771290768078,8043.951171875
2019-06-08,-0.0112293714137479,7954.1279296875
2019-06-09,-0.0340203238142553,7688.0771484375
2019-06-10,0.0398120330275908,8000.32958984375
2019-06-11,-0.00911797301798423,7927.71435546875
2019-06-12,0.0271447396905522,8145.857421875
2019-06-13,0.0103887534460547,8230.923828125
2019-06-14,0.0547156649508107,8693.8330078125
2019-06-15,0.0164891115914312,8838.375
2019-06-16,0.0175089403176933,8994.48828125
2019-06-17,0.0355884775215607,9320.3525390625
2019-06-18,-0.025932150849556,9081.7626953125
2019-06-19,0.0208948838816383,9273.521484375
2019-06-20,0.0269834962641227,9527.16015625
2019-06-21,0.0627905867100171,10144.556640625
2019-06-22,0.0534645342577349,10701.69140625
2019-06-23,0.0142581848549987,10855.37109375
2019-06-24,0.0142440963278929,11011.1025390625
2019-06-25,0.0684254031313092,11790.9169921875
2019-06-26,0.0988676627192397,13016.2314453125
2019-06-27,-0.151819673936988,11182.806640625
2019-06-28,0.103910113286812,12407.33203125
2019-06-29,-0.036772427703724,11959.37109375
2019-06-30,-0.100381837885175,10817.1552734375
2019-07-01,-0.0218716509286736,10583.134765625
2019-07-02,0.0204397936493041,10801.677734375
2019-07-03,0.101972423146268,11961.26953125
2019-07-04,-0.0643827135215851,11215.4375
2019-07-05,-0.0213560097878958,10978.4599609375
2019-07-06,0.0207417819458069,11208.55078125
2019-07-07,0.0213867234673,11450.8466796875
2019-07-08,0.0703933117560034,12285.9580078125
2019-07-09,0.0231592932804574,12573.8125
2019-07-10,-0.0337512276446859,12156.5126953125
2019-07-11,-0.0678844161871304,11358.662109375
2019-07-12,0.0394727538685657,11815.986328125
2019-07-13,-0.0365087733161271,11392.37890625
2019-07-14,-0.105076001566566,10256.05859375
2019-07-15,0.0604436014100305,10895.08984375
2019-07-16,-0.139376705580665,9477.6416015625
2019-07-17,0.0225512788560902,9693.802734375
2019-07-18,0.0956195530666193,10666.482421875
2019-07-19,-0.0128084615726038,10530.732421875
2019-07-20,0.0222009913304166,10767.1396484375
2019-07-21,-0.01572926297459,10599.10546875
2019-07-22,-0.0244493539420212,10343.1064453125
2019-07-23,-0.0437079665954752,9900.767578125
2019-07-24,-0.00901372499100894,9811.92578125
2019-07-25,0.0101316211442786,9911.841796875
2019-07-26,-0.00419955934195748,9870.3037109375
2019-07-27,-0.0405913025604629,9477.677734375
2019-07-28,0.00790130137032286,9552.8603515625
2019-07-29,-0.00353553570801779,9519.1455078125
2019-07-30,0.00923102785706398,9607.423828125
2019-07-31,0.048575318145776,10085.6279296875
2019-08-01,0.0306625402642418,10399.6689453125
2019-08-02,0.0113307211446436,10518.1748046875
2019-08-03,0.0284511374799141,10821.7265625
2019-08-04,0.0136252670675585,10970.1845703125
2019-08-05,0.073397412532719,11805.6533203125
2019-08-06,-0.0281316330512382,11478.1689453125
2019-08-07,0.0396121026739937,11941.96875
2019-08-08,0.00204434505278606,11966.4072265625
2019-08-09,-0.00868436449677112,11862.9365234375
2019-08-10,-0.0438467068556427,11354.0244140625
2019-08-11,0.014823037907254,11523.5791015625
2019-08-12,-0.0123079951251768,11382.6162109375
2019-08-13,-0.0437071433894047,10895.830078125
2019-08-14,-0.0806379719242738,10051.7041015625
2019-08-15,0.0255220459657206,10311.5458984375
2019-08-16,0.00607111200048216,10374.3388671875
2019-08-17,-0.0138402822807286,10231.744140625
2019-08-18,0.0110866015258893,10345.810546875
2019-08-19,0.0536528635334399,10916.0537109375
2019-08-20,-0.0140986026461185,10763.232421875
2019-08-21,-0.0598402678622865,10138.0498046875
2019-08-22,-0.000690128226267461,10131.0556640625
2019-08-23,0.0269658389084864,10407.96484375
2019-08-24,-0.0241167659854682,10159.9609375
2019-08-25,-0.00211280538443503,10138.517578125
2019-08-26,0.0226543314762484,10370.8203125
2019-08-27,-0.0180309832250298,10185.5
2019-08-28,-0.0432443323215175,9754.4228515625
2019-08-29,-0.0253558805864209,9510.2001953125
2019-08-30,0.00920792677396953,9598.173828125
2019-08-31,0.00337932697537546,9630.6640625
2019-09-01,0.0131322779280261,9757.970703125
2019-09-02,0.0585890399112614,10346.7607421875
2019-09-03,0.0263987983247187,10623.5400390625
2019-09-04,-0.00273794398070315,10594.4931640625
2019-09-05,-0.00179120853965387,10575.533203125
2019-09-06,-0.0212375711817199,10353.302734375
2019-09-07,0.0157116569808515,10517.2548828125
2019-09-08,-0.00725039818455819,10441.2763671875
2019-09-09,-0.0102330960053969,10334.974609375
2019-09-10,-0.0214178209755875,10115.9755859375
2019-09-11,0.00614916843295532,10178.3720703125
2019-09-12,0.0225139940304349,10410.126953125
2019-09-13,-0.00477405525720442,10360.546875
2019-09-14,-0.00024114056019009,10358.048828125
2019-09-15,-0.000998363498904808,10347.712890625
2019-09-16,-0.00687718018077277,10276.7939453125
2019-09-17,-0.00346246270575179,10241.2724609375
2019-09-18,-0.00420993022721206,10198.248046875
2019-09-19,0.00666194640136553,10266.4150390625
2019-09-20,-0.00829163618618622,10181.6416015625
2019-09-21,-0.0160314241702935,10019.716796875
2019-09-22,0.00504485941629262,10070.392578125
2019-09-23,-0.0344552504686142,9729.32421875
2019-09-24,-0.120993649521468,8620.56640625
2019-09-25,-0.015616015371176,8486.9931640625
2019-09-26,-0.044331750932276,8118.9677734375
2019-09-27,0.016233872320436,8251.845703125
2019-09-28,-0.000718965974915164,8245.9150390625
2019-09-29,-0.0173372685412811,8104.185546875
2019-09-30,0.0231358039600007,8293.8681640625
2019-10-01,0.00593952264869735,8343.2763671875
2019-10-02,0.00594703931942497,8393.0419921875
2019-10-03,-0.0159793866182874,8259.9921875
2019-10-04,-0.00656542608285982,8205.939453125
2019-10-05,-0.0066561963279792,8151.50048828125
2019-10-06,-0.0202421044708583,7988.15576171875
2019-10-07,0.0317226049603434,8245.623046875
2019-10-08,-0.00204436498160021,8228.783203125
2019-10-09,0.0436286041566607,8595.740234375
2019-10-10,-0.00107862729826991,8586.4736328125
2019-10-11,-0.031314740956697,8321.7568359375
2019-10-12,0.00177675043833325,8336.5556640625
2019-10-13,-0.00186699706105564,8321.005859375
2019-10-14,0.00643050288808311,8374.6865234375
2019-10-15,-0.0204249337266109,8205.369140625
2019-10-16,-0.0194238919419796,8047.52685546875
2019-10-17,0.00698197973906822,8103.9111328125
2019-10-18,-0.0162599400769494,7973.20751953125
2019-10-19,0.00192372574449706,7988.560546875
2019-10-20,0.0288124036652224,8222.078125
2019-10-21,0.00262879327197219,8243.720703125
2019-10-22,-0.0202823213666399,8078.203125
2019-10-23,-0.0723121027048297,7514.671875
2019-10-24,-0.00282288016995658,7493.48876953125
2019-10-25,0.144761093860932,8660.7001953125
2019-10-26,0.0652843338868667,9244.97265625
2019-10-27,0.0326407960085007,9551.71484375
2019-10-28,-0.0314326765056148,9256.1484375
2019-10-29,0.0183628119185322,9427.6875
2019-10-30,-0.0238250957188306,9205.7265625
2019-10-31,-0.000667372761675722,9199.5849609375
2019-11-01,0.00666494706371878,9261.1044921875
2019-11-02,0.0068453823292387,9324.7177734375
2019-11-03,-0.00962970084741244,9235.3544921875
2019-11-04,0.0190115258543919,9412.6123046875
2019-11-05,-0.00747371530956542,9342.52734375
2019-11-06,0.00196248145916122,9360.8798828125
2019-11-07,-0.0100189960017421,9267.5615234375
2019-11-08,-0.051214083806272,8804.880859375
2019-11-09,0.000987733451712103,8813.58203125
2019-11-10,0.0270812753610041,9055.5263671875
2019-11-11,-0.0334318481909399,8757.7880859375
2019-11-12,0.00658655324044766,8815.662109375
2019-11-13,-0.000839701097149259,8808.2626953125
2019-11-14,-0.011437202181483,8708.0947265625
2019-11-15,-0.0251293975638376,8491.9921875
2019-11-16,0.00689663082793857,8550.7607421875
2019-11-17,0.00317768528036488,8577.9755859375
2019-11-18,-0.031824239383397,8309.2861328125
2019-11-19,-0.0124903748385563,8206.1455078125
2019-11-20,-0.0220390715609398,8027.26806640625
2019-11-21,-0.0490867681256866,7642.75
2019-11-22,-0.0463520647192883,7296.57763671875
2019-11-23,0.0137768149507451,7397.796875
2019-11-24,-0.048450125222665,7047.9169921875
2019-11-25,0.0138393705913398,7146.1337890625
2019-11-26,0.0100578355100449,7218.37109375
2019-11-27,0.0424866264353021,7531.66357421875
2019-11-28,-0.00914426790792255,7463.10595703125
2019-11-29,0.0391709101370825,7761.24365234375
2019-11-30,-0.024998412204507,7569.6298828125
2019-12-01,-0.0193867823041902,7424.29248046875
2019-12-02,-0.0138754771108136,7321.98828125
2019-12-03,-0.000251708319808586,7320.1455078125
2019-12-04,-0.00934813254089484,7252.03466796875
2019-12-05,0.0267047677560743,7448.3076171875
2019-12-06,0.0131628393042842,7546.99658203125
2019-12-07,0.00122373948007493,7556.23779296875
2019-12-08,0.00107236905452091,7564.34521484375
2019-12-09,-0.0218442536808556,7400.8994140625
2019-12-10,-0.0167289991526953,7278.11962890625
2019-12-11,-0.00837398381717058,7217.42724609375
2019-12-12,0.00355547165846382,7243.13427734375
2019-12-13,0.00365887879775428,7269.6845703125
2019-12-14,-0.0201489561535961,7124.673828125
2019-12-15,0.00387028247095422,7152.3017578125
2019-12-16,-0.0312165479110362,6932.48046875
2019-12-17,-0.0430281398477508,6640.51513671875
2019-12-18,0.0915020395898463,7276.802734375
2019-12-19,-0.0102155997884914,7202.84423828125
2019-12-20,0.00221502570235721,7218.81640625
2019-12-21,-0.00383869487892952,7191.15869140625
2019-12-22,0.0435946983330791,7511.5888671875
2019-12-23,-0.0209812189442786,7355.62841796875
2019-12-24,-0.00450959058098199,7322.5322265625
2019-12-25,-0.00649097736895676,7275.15576171875
2019-12-26,-0.00498673477391165,7238.966796875
2019-12-27,0.00703718065386205,7290.08837890625
2019-12-28,0.00382006287590286,7317.990234375
2019-12-29,0.0142007856853965,7422.65283203125
2019-12-30,-0.0176222033336941,7292.9951171875
2019-12-31,-0.0137226948232403,7193.59912109375
2020-01-01,0.000913616682714391,7200.17431640625
2020-01-02,-0.0302729280961938,6985.47021484375
2020-01-03,0.0501717459600322,7344.88427734375
2020-01-04,0.00891500982389637,7410.65673828125
2020-01-05,0.0000891439326888843,7411.3173828125
2020-01-06,0.0471614672356608,7769.21923828125
2020-01-07,0.0495268893264047,8163.6923828125
2020-01-08,-0.0103216732028049,8079.86279296875
2020-01-09,-0.0251648511144182,7879.0712890625
2020-01-10,0.035837017057327,8166.55419921875
2020-01-11,-0.0159242899307745,8037.53759765625
2020-01-12,0.0190956190457587,8192.494140625
2020-01-13,-0.00591306438726313,8144.1943359375
2020-01-14,0.0805965063783667,8827.7646484375
2020-01-15,-0.00235374881413541,8807.0107421875
2020-01-16,-0.0094947463248598,8723.7861328125
2020-01-17,0.0232553387156411,8929.0380859375
2020-01-18,0.001541028275863,8942.80859375
2020-01-19,-0.0268091025161983,8706.2451171875
2020-01-20,-0.00559813180609936,8657.642578125
2020-01-21,0.0101419279340558,8745.89453125
2020-01-22,-0.00746195129476668,8680.8759765625
2020-01-23,-0.0321153677231969,8406.515625
2020-01-24,0.0046189330082953,8445.4345703125
2020-01-25,-0.00922930618240869,8367.84765625
2020-01-26,0.0269968381027716,8596.830078125
2020-01-27,0.035760424982362,8909.8193359375
2020-01-28,0.0491406566935488,9358.58984375
2020-01-29,-0.00449365867281415,9316.6298828125
2020-01-30,0.0204370369180804,9508.9931640625
2020-01-31,-0.0168050486759412,9350.529296875
2020-02-01,0.00451847215164314,9392.875
2020-02-02,-0.00517791023652592,9344.365234375
2020-02-03,-0.00545597007771548,9293.521484375
2020-02-04,-0.012185453649078,9180.962890625
2020-02-05,0.0460283479927526,9613.423828125
2020-02-06,0.0120330844939431,9729.8017578125
2020-02-07,0.00677483539277191,9795.943359375
2020-02-08,0.00703685944746013,9865.119140625
2020-02-09,0.025179720219251,10116.673828125
2020-02-10,-0.026042505869956,9856.611328125
2020-02-11,0.0350524467462705,10208.236328125
2020-02-12,0.0114754049400521,10326.0546875
2020-02-13,-0.0108737626421842,10214.3798828125
2020-02-14,0.00952301516070087,10312.1162109375
2020-02-15,-0.0418535503992423,9889.4248046875
2020-02-16,0.0045408785208565,9934.43359375
2020-02-17,-0.0248977234415797,9690.142578125
2020-02-18,0.0455756924777511,10141.99609375
2020-02-19,-0.0514499840432894,9633.38671875
2020-02-20,-0.0025892656683304,9608.4755859375
2020-02-21,0.00808153200971162,9686.44140625
2020-02-22,-0.00240415813497385,9663.181640625
2020-02-23,0.0266850654757906,9924.515625
2020-02-24,-0.0280319921936556,9650.1748046875
2020-02-25,-0.0324872375384526,9341.705078125
2020-02-26,-0.0574076879254886,8820.5224609375
2020-02-27,-0.00409296638844836,8784.494140625
2020-02-28,-0.0128362177683368,8672.455078125
2020-02-29,-0.00844683596417184,8599.5087890625
2020-03-01,-0.00431824090480326,8562.4541015625
2020-03-02,0.0352507395901505,8869.669921875
2020-03-03,-0.00927476481175482,8787.7861328125
2020-03-04,-0.003709743670397,8755.24609375
2020-03-05,0.0362848420114208,9078.7626953125
2020-03-06,0.0048110043680758,9122.5458984375
2020-03-07,-0.0235798305303501,8909.9541015625
2020-03-08,-0.0943035287692275,8108.1162109375
2020-03-09,-0.023014293291844,7923.64453125
2020-03-10,-0.00175768508018415,7909.7294921875
2020-03-11,0.00021498848832735,7911.43017578125
2020-03-12,-0.464730175339774,4970.7880859375
2020-03-13,0.112686222197546,5563.70703125
2020-03-14,-0.067535570046573,5200.3662109375
2020-03-15,0.0362457326308459,5392.31494140625
2020-03-16,-0.0726450577091189,5014.47998046875
2020-03-17,0.0412455256701918,5225.62939453125
2020-03-18,0.0024482043860683,5238.4384765625
2020-03-19,0.167104324249614,6191.19287109375
2020-03-20,0.00122445000868687,6198.7783203125
2020-03-21,-0.00221448507612898,6185.06640625
2020-03-22,-0.05907702386253,5830.2548828125
2020-03-23,0.0957832376514638,6416.31494140625
2020-03-24,0.0484447085736406,6734.8037109375
2020-03-25,-0.00801155993972102,6681.06298828125
2020-03-26,0.00528121136141735,6716.4404296875
2020-03-27,-0.0374133766993126,6469.79833984375
2020-03-28,-0.0358132407907892,6242.19384765625
2020-03-29,-0.0526502133056646,5922.04296875
2020-03-30,0.082268448602786,6429.841796875
2020-03-31,0.00136810740961479,6438.64453125
2020-04-01,0.0257778031656759,6606.7763671875
2020-04-02,0.0278887559659609,6793.62451171875
2020-04-03,-0.00890628382934722,6733.38720703125
2020-04-04,0.0197258038443877,6867.52734375
2020-04-05,-0.0111868608197057,6791.12939453125
2020-04-06,0.068384015513649,7271.78125
2020-04-07,-0.0132013831407587,7176.41455078125
2020-04-08,0.0217346261162099,7334.0986328125
2020-04-09,-0.00437399798396143,7302.08935546875
2020-04-10,-0.0616526461959843,6865.4931640625
2020-04-11,-0.000934113612810705,6859.0830078125
2020-04-12,0.0161980943393072,6971.091796875
2020-04-13,-0.0182479033680671,6845.03759765625
2020-04-14,-0.00038135085635993,6842.427734375
2020-04-15,-0.0297129370766829,6642.10986328125
2020-04-16,0.0690291127264349,7116.80419921875
2020-04-17,-0.00290152109548281,7096.1845703125
2020-04-18,0.0225009020006066,7257.6650390625
2020-04-19,-0.00944698795728449,7189.4248046875
2020-04-20,-0.0437078926190573,6881.95849609375
2020-04-21,-0.000237642848045283,6880.3232421875
2020-04-22,0.0338498124617335,7117.20751953125
2020-04-23,0.042973347176261,7429.724609375
2020-04-24,0.0161780844964259,7550.90087890625
2020-04-25,0.00251773978034819,7569.93603515625
2020-04-26,0.0144176360833299,7679.8671875
2020-04-27,0.0149573560480274,7795.60107421875
2020-04-28,0.00146866262990208,7807.05859375
2020-04-29,0.119841406444289,8801.0380859375
2020-04-30,-0.016321978185923,8658.5537109375
2020-05-01,0.0235369104465697,8864.7666015625
2020-05-02,0.0138721272790345,8988.5966796875
2020-05-03,-0.0101899122041704,8897.46875
2020-05-04,0.00170527182938862,8912.654296875
2020-05-05,0.0100935669896458,9003.0703125
2020-05-06,0.0290841262398249,9268.76171875
2020-05-07,0.0710753668546626,9951.5185546875
2020-05-08,-0.0109985471722904,9842.666015625
2020-05-09,-0.0255994975141949,9593.896484375
2020-05-10,-0.0913387499263454,8756.4306640625
2020-05-11,-0.0178173566160176,8601.7958984375
2020-05-12,0.0232893964825251,8804.4775390625
2020-05-13,0.0515216067309936,9269.9873046875
2020-05-14,0.048814308336528,9733.7216796875
2020-05-15,-0.0425545413366315,9328.197265625
2020-05-16,0.00521956338711504,9377.013671875
2020-05-17,0.0308434146689862,9670.7392578125
2020-05-18,0.00575709507152311,9726.5751953125
2020-05-19,0.000253180468027026,9729.0380859375
2020-05-20,-0.0214070538650404,9522.9814453125
2020-05-21,-0.0474397811200529,9081.76171875
2020-05-22,0.0110397046754223,9182.5771484375
2020-05-23,0.00290454293713971,9209.287109375
2020-05-24,-0.0465558480535435,8790.3681640625
2020-05-25,0.0131735433089482,8906.9345703125
2020-05-26,-0.00810306399321981,8835.052734375
2020-05-27,0.0384109712226941,9181.017578125
2020-05-28,0.0368607148089737,9525.7509765625
2020-05-29,-0.00913557886418559,9439.1240234375
2020-05-30,0.0273053897295643,9700.4140625
2020-05-31,-0.0249842925629959,9461.05859375
2020-06-01,0.0719893164023375,10167.2685546875
2020-06-02,-0.0647494748028361,9529.8037109375
2020-06-03,0.0132296949908959,9656.7177734375
2020-06-04,0.0147935393856518,9800.63671875
2020-06-05,-0.0138810752726641,9665.533203125
2020-06-06,-0.0012271221586051,9653.6796875
2020-06-07,0.0108356683586361,9758.8525390625
2020-06-08,0.00129406035438251,9771.4892578125
2020-06-09,0.00247464766602334,9795.7001953125
2020-06-10,0.00756591700730525,9870.0947265625
2020-06-11,-0.0571557191412833,9321.78125
2020-06-12,0.016919583790143,9480.84375
2020-06-13,-0.00058729382266165,9475.27734375
2020-06-14,-0.00938284381856924,9386.7880859375
2020-06-15,0.00678586233768641,9450.7021484375
2020-06-16,0.00919733936802558,9538.0244140625
2020-06-17,-0.006075177257296,9480.2548828125
2020-06-18,-0.00724264397501173,9411.8408203125
2020-06-19,-0.0132433162041465,9288.0185546875
2020-06-20,0.00476063307275254,9332.3408203125
2020-06-21,-0.00308124118379638,9303.6298828125
2020-06-22,0.0364203993156309,9648.7177734375
2020-06-23,-0.00197730104916083,9629.658203125
2020-06-24,-0.0333709232737807,9313.6103515625
2020-06-25,-0.00525308149532222,9264.8134765625
2020-06-26,-0.0110590439869025,9162.91796875
2020-06-27,-0.012909378740094,9045.390625
2020-06-28,0.0107969110711696,9143.58203125
2020-06-29,0.00515669686722298,9190.8544921875
2020-06-30,-0.00576811763396634,9137.9931640625
2020-07-01,0.00983678469207661,9228.3251953125
2020-07-02,-0.0114339249180109,9123.41015625
2020-07-03,-0.00396541210726653,9087.3037109375
2020-07-04,0.00495995376506109,9132.48828125
2020-07-05,-0.00643136497403596,9073.9423828125
2020-07-06,0.0326903640545275,9375.474609375
2020-07-07,-0.0132274750284935,9252.27734375
2020-07-08,0.0188495850546211,9428.3330078125
2020-07-09,-0.0160767727161915,9277.9677734375
2020-07-10,0.0000905161304061153,9278.8076171875
2020-07-11,-0.00415364461895962,9240.3466796875
2020-07-12,0.00390491608833976,9276.5
2020-07-13,-0.00355135786885441,9243.6142578125
2020-07-14,-0.0000433163139028636,9243.2138671875
2020-07-15,-0.0054650618081169,9192.8369140625
2020-07-16,-0.00661493946327596,9132.2275390625
2020-07-17,0.0020964170070048,9151.392578125
2020-07-18,0.000835311927582794,9159.0400390625
2020-07-19,0.00291933179437542,9185.8173828125
2020-07-20,-0.00235268556055956,9164.2314453125
2020-07-21,0.0227265724190087,9374.8876953125
2020-07-22,0.0159234674311861,9525.36328125
2020-07-23,0.0058314531883763,9581.072265625
2020-07-24,-0.00462180640093379,9536.892578125
2020-07-25,0.0145959352300391,9677.11328125
2020-07-26,0.0232928973245592,9905.1669921875
2020-07-27,0.104008665985063,10990.873046875
2020-07-28,-0.00712666337212298,10912.8232421875
2020-07-29,0.0170487071772527,11100.4677734375
2020-07-30,0.000967607474507304,11111.2138671875
2020-07-31,0.0189224233737271,11323.466796875
2020-08-01,0.0377920337321473,11759.5927734375
2020-08-02,-0.0619118571228263,11053.6142578125
2020-08-03,0.0172860533562407,11246.3486328125
2020-08-04,-0.00360374700155397,11205.892578125
2020-08-05,0.0471600379035362,11747.0224609375
2020-08-06,0.00278414433138607,11779.7734375
2020-08-07,-0.0152519020491884,11601.47265625
2020-08-08,0.0130654699240473,11754.0458984375
2020-08-09,-0.00668439182616609,11675.7392578125
2020-08-10,0.0171842009045893,11878.111328125
2020-08-11,-0.040161112862787,11410.525390625
2020-08-12,0.0151693007557725,11584.9345703125
2020-08-13,0.0170488539554157,11784.1376953125
2020-08-14,-0.00129636122817622,11768.87109375
2020-08-15,0.00819373425312442,11865.6982421875
2020-08-16,0.00228174996585118,11892.8037109375
2020-08-17,0.0299517604098849,12254.40234375
2020-08-18,-0.0217094147549997,11991.2333984375
2020-08-19,-0.0196178869913659,11758.283203125
2020-08-20,0.0101613277417592,11878.3720703125
2020-08-21,-0.0243618627931248,11592.4892578125
2020-08-22,0.00767682128039304,11681.8251953125
2020-08-23,-0.00145438642697293,11664.84765625
2020-08-24,0.00936445863523616,11774.595703125
2020-08-25,-0.0353060044085325,11366.134765625
2020-08-26,0.0106963347639653,11488.36328125
2020-08-27,-0.0144634776739618,11323.3974609375
2020-08-28,0.0191647185956025,11542.5
2020-08-29,-0.00309204124745399,11506.865234375
2020-08-30,0.0176279312086738,11711.505859375
2020-08-31,-0.00262355819172377,11680.8203125
2020-09-01,0.0244952878450402,11970.478515625
2020-09-02,-0.0475998283628147,11414.0341796875
2020-09-03,-0.108024907829682,10245.296875
2020-09-04,0.0256809589055749,10511.8134765625
2020-09-05,-0.0331000471341181,10169.5673828125
2020-09-06,0.010834787536524,10280.3515625
2020-09-07,0.00864046839153687,10369.5634765625
2020-09-08,-0.0232239055901111,10131.5166015625
2020-09-09,0.0108798357097584,10242.34765625
2020-09-10,0.0117242949135239,10363.138671875
2020-09-11,0.00363863524842145,10400.9150390625
2020-09-12,0.00395871449907759,10442.1708984375
2020-09-13,-0.0114048675959459,10323.755859375
2020-09-14,0.0340036509277635,10680.837890625
2020-09-15,0.0108125107428236,10796.951171875
2020-09-16,0.0163475324262432,10974.9052734375
2020-09-17,-0.00236409183058228,10948.990234375
2020-09-18,-0.000402336913788659,10944.5859375
2020-09-19,0.0135907713828374,11094.3466796875
2020-09-20,-0.0141678855300924,10938.271484375
2020-09-21,-0.0444933108280505,10462.259765625
2020-09-22,0.00725694459207382,10538.4599609375
2020-09-23,-0.0281258288104684,10246.1865234375
2020-09-24,0.0489361364351204,10760.06640625
2020-09-25,-0.00627888978373115,10692.716796875
2020-09-26,0.00541023047293621,10750.7236328125
2020-09-27,0.00228058318974078,10775.26953125
2020-09-28,-0.00610822714634907,10709.65234375
2020-09-29,0.0125255833075162,10844.640625
2020-09-30,-0.00556190323104033,10784.4912109375
2020-10-01,-0.0154216754012211,10619.4521484375
2020-10-02,-0.00410254537827548,10575.974609375
2020-10-03,-0.00252261669769993,10549.3291015625
2020-10-04,0.0113347181141172,10669.5830078125
2020-10-05,0.011532279024733,10793.33984375
2020-10-06,-0.0176596640622524,10604.40625
2020-10-07,0.00606981245062244,10668.96875
2020-10-08,0.0228613846473138,10915.685546875
2020-10-09,0.0135371939231899,11064.4580078125
2020-10-10,0.0207426777737272,11296.361328125
2020-10-11,0.0077441489400023,11384.181640625
2020-10-12,0.0149248661016284,11555.36328125
2020-10-13,-0.0112670255308664,11425.8994140625
2020-10-14,0.000315673400464789,11429.5068359375
2020-10-15,0.00574424137763607,11495.349609375
2020-10-16,-0.0151839682907955,11322.123046875
2020-10-17,0.00317267984989655,11358.1015625
2020-10-18,0.0109676932179159,11483.359375
2020-10-19,0.022276341465064,11742.037109375
2020-10-20,0.0147348266052489,11916.3349609375
2020-10-21,0.073384054305869,12823.689453125
2020-10-22,0.0110279875667967,12965.8916015625
2020-10-23,-0.00265297045537771,12931.5390625
2020-10-24,0.0135582828497842,13108.0625
2020-10-25,-0.0058830252475115,13031.173828125
2020-10-26,0.00337650719309401,13075.248046875
2020-10-27,0.0433275589626536,13654.21875
2020-10-28,-0.028445849418457,13271.28515625
2020-10-29,0.0124751034586481,13437.8828125
2020-10-30,0.00805207558330778,13546.5224609375
2020-10-31,0.0171606081406299,13780.9951171875
2020-11-01,-0.00318959319352352,13737.109375
2020-11-02,-0.0136782301231175,13550.4892578125
2020-11-03,0.0290784151533732,13950.30078125
2020-11-04,0.0130614446957189,14133.70703125
2020-11-05,0.0974158108042449,15579.8486328125
2020-11-06,-0.000896930308048383,15565.880859375
2020-11-07,-0.0481761412742969,14833.75390625
2020-11-08,0.0426156675918445,15479.5673828125
2020-11-09,-0.00955820032729982,15332.3154296875
2020-11-10,-0.00270468710961502,15290.90234375
2020-11-11,0.0264880155918146,15701.33984375
2020-11-12,0.0359667008912634,16276.34375
2020-11-13,0.00254431320571591,16317.80859375
2020-11-14,-0.015418716403051,16068.138671875
2020-11-15,-0.00702924092609436,15955.587890625
2020-11-16,0.0465638986904136,16716.111328125
2020-11-17,0.0541024758441377,17645.40625
2020-11-18,0.00894799987636219,17804.005859375
2020-11-19,0.000734620016881848,17817.08984375
2020-11-20,0.0441487626981942,18621.314453125
2020-11-21,0.00112270423517913,18642.232421875
2020-11-22,-0.0147105616597472,18370.001953125
2020-11-23,-0.000320185099710102,18364.12109375
2020-11-24,0.0396802677655614,19107.46484375
2020-11-25,-0.0198393323746373,18732.12109375
2020-11-26,-0.0882052536237854,17150.623046875
2020-11-27,-0.00246479425602786,17108.40234375
2020-11-28,0.0349782933002665,17717.4140625
2020-11-29,0.0256357047024114,18177.484375
2020-11-30,0.0766631523401529,19625.8359375
2020-12-01,-0.0428305306024281,18802.998046875
2020-12-02,0.0209508141373078,19201.091796875
2020-12-03,0.0126433160461819,19445.3984375
2020-12-04,-0.0390994675242329,18699.765625
2020-12-05,0.0240126130758753,19154.23046875
2020-12-06,0.00991664438989837,19345.12109375
2020-12-07,-0.00796595656131771,19191.630859375
2020-12-08,-0.0464184595562447,18321.14453125
2020-12-09,0.0126250410295796,18553.916015625
2020-12-10,-0.015694640220806,18264.9921875
2020-12-11,-0.0113473565301518,18058.904296875
2020-12-12,0.0404124563234589,18803.65625
2020-12-13,0.0178535398272857,19142.3828125
2020-12-14,0.00543186333797863,19246.64453125
2020-12-15,0.00881615847720241,19417.076171875
2020-12-16,0.0930515975767783,21310.59765625
2020-12-17,0.0677824271107497,22805.162109375
2020-12-18,0.014487680725324,23137.9609375
2020-12-19,0.0311408041468404,23869.83203125
2020-12-20,-0.0165816229456173,23477.294921875
2020-12-21,-0.0291380769323268,22803.08203125
2020-12-22,0.0420765679457773,23783.029296875
2020-12-23,-0.0230394366630087,23241.345703125
2020-12-24,0.021057908650393,23735.94921875
2020-12-25,0.0383860181705789,24664.791015625
2020-12-26,0.0693891860501825,26437.037109375
2020-12-27,-0.00625098887012498,26272.294921875
2020-12-28,0.0304580432942423,27084.80859375
2020-12-29,0.0101981764862753,27362.4375
2020-12-30,0.0526251818893506,28840.953125
2020-12-31,0.00555880222905358,29001.720703125
2021-01-01,0.0127599528482261,29374.15234375
2021-01-02,0.0895900111488075,32127.267578125
2021-01-03,0.0201751724033929,32782.0234375
2021-01-04,-0.0250224673558161,31971.9140625
2021-01-05,0.0612800117132046,33992.4296875
2021-01-06,0.0800218282308798,36824.36328125
2021-01-07,0.0668709242585273,39371.04296875
2021-01-08,0.0355928898794495,40797.609375
2021-01-09,-0.0134005226205147,40254.546875
2021-01-10,-0.0483004859568652,38356.44140625
2021-01-11,-0.0755139006037258,35566.65625
2021-01-12,-0.0473164778588302,33922.9609375
2021-01-13,0.0953397207362574,37316.359375
2021-01-14,0.0489216127788517,39187.328125
2021-01-15,-0.0621664989723083,36825.3671875
2021-01-16,-0.0177318471436188,36178.140625
2021-01-17,-0.0107508721993383,35791.27734375
2021-01-18,0.023165388859228,36630.07421875
2021-01-19,-0.015413522880193,36069.8046875
2021-01-20,-0.0145792169753385,35547.75
2021-01-21,-0.142528130818359,30825.69921875
2021-01-22,0.0683334114753027,33005.76171875
2021-01-23,-0.0288346413942708,32067.642578125
2021-01-24,0.00689084735174461,32289.37890625
2021-01-25,0.00238226863679003,32366.392578125
2021-01-26,0.00626638346068376,32569.849609375
2021-01-27,-0.0678743452244088,30432.546875
2021-01-28,0.0950202595471694,33466.09765625
2021-01-29,0.0250900708478188,34316.38671875
2021-01-30,-0.00136655731290247,34269.5234375
2021-01-31,-0.0342894233895716,33114.359375
2021-02-01,0.0126875420679955,33537.17578125
2021-02-02,0.0571679388794202,35510.2890625
2021-02-03,0.0537738978015394,37472.08984375
2021-02-04,-0.0146786767038236,36926.06640625
2021-02-05,0.0324588533084338,38144.30859375
2021-02-06,0.0289827412811317,39266.01171875
2021-02-07,-0.00927658818340582,38903.44140625
2021-02-08,0.171820561888124,46196.46484375
2021-02-09,0.00614261938545191,46481.10546875
2021-02-10,-0.0342032034296285,44918.18359375
2021-02-11,0.0644676160583941,47909.33203125
2021-02-12,-0.00847846465792479,47504.8515625
2021-02-13,-0.00844174525182062,47105.515625
2021-02-14,0.0336438799062382,48717.2890625
2021-02-15,-0.0159782359288112,47945.05859375
2021-02-16,0.0258352607407488,49199.87109375
2021-02-17,0.058214152169521,52149.0078125
2021-02-18,-0.00903822658930409,51679.796875
2021-02-19,0.0782851354369321,55888.1328125
2021-02-20,0.00377518352037853,56099.51953125
2021-02-21,0.0253521597105326,57539.9453125
2021-02-22,-0.0596634472552537,54207.3203125
2021-02-23,-0.10458524450101,48824.42578125
2021-02-24,0.0178814957381217,49705.33203125
2021-02-25,-0.0539697592520518,47093.8515625
2021-02-26,-0.0161420754568873,46339.76171875
2021-02-27,-0.00327054247999037,46188.453125
2021-02-28,-0.0230104765667605,45137.76953125
2021-03-01,0.0949011603271384,49631.2421875
2021-03-02,-0.0255549252084908,48378.98828125
2021-03-03,0.0436647276939013,50538.2421875
2021-03-04,-0.0399061221991275,48561.16796875
2021-03-05,0.00751142017653628,48927.3046875
2021-03-06,-0.000305027039578576,48912.3828125
2021-03-07,0.0458396233606813,51206.69140625
2021-03-08,0.0201031365155036,52246.5234375
2021-03-09,0.0481568402532346,54824.1171875
2021-03-10,0.0213741797980287,56008.55078125
2021-03-11,0.0315730003902974,57805.12109375
2021-03-12,-0.00821687285311512,57332.08984375
2021-03-13,0.0659904612617126,61243.0859375
2021-03-14,-0.0322025926592886,59302.31640625
2021-03-15,-0.0589552084168226,55907.19921875
2021-03-16,0.0159294715476097,56804.90234375
2021-03-17,0.0357241870803566,58870.89453125
2021-03-18,-0.0173391519166124,57858.921875
2021-03-19,0.00839431905057886,58346.65234375
2021-03-20,-0.000565879125375091,58313.64453125
2021-03-21,-0.0136439041398457,57523.421875
2021-03-22,-0.0534568810444327,54529.14453125
2021-03-23,0.00384011543294349,54738.9453125
2021-03-24,-0.0365517577776586,52774.265625
2021-03-25,-0.0204854329155548,51704.16015625
2021-03-26,0.064288419319892,55137.3125
2021-03-27,0.015051908974824,55973.51171875
2021-03-28,-0.000406804132703442,55950.74609375
2021-03-29,0.0316550293933169,57750.19921875
2021-03-30,0.0200146099199845,58917.69140625
2021-03-31,0.0000193594475934589,58918.83203125
2021-04-01,0.00299923287868786,59095.80859375
2021-04-02,0.00487009084408818,59384.3125
2021-04-03,-0.0304399811679676,57603.890625
2021-04-04,0.0198466431323769,58758.5546875
2021-04-05,0.00508120732621364,59057.87890625
2021-04-06,-0.0147638975496207,58192.359375
2021-04-07,-0.0375288708531656,56048.9375
2021-04-08,0.0397876757042273,58323.953125
2021-04-09,-0.00135454983611538,58245.00390625
2021-04-10,0.0262341980966649,59793.234375
2021-04-11,0.00686230438740409,60204.96484375
2021-04-12,-0.00518761899814457,59893.453125
2021-04-13,0.0585271434502683,63503.45703125
2021-04-14,-0.00621993814917055,63109.6953125
2021-04-15,0.00323225111697667,63314.01171875
2021-04-16,-0.0278866218745684,61572.7890625
2021-04-17,-0.0145429261014058,60683.8203125
2021-04-18,-0.0764724310981197,56216.18359375
2021-04-19,-0.00878897911779575,55724.265625
2021-04-20,0.0133475005589663,56473.03125
2021-04-21,-0.0465197455418274,53906.08984375
2021-04-22,-0.0405818837468068,51762.2734375
2021-04-23,-0.0130013026852058,51093.65234375
2021-04-24,-0.02062043718011,50050.8671875
2021-04-25,-0.0211327232789671,49004.25390625
2021-04-26,0.0974797068019555,54021.75390625
2021-04-27,0.0185483191486533,55033.1171875
2021-04-28,-0.00379425537373557,54824.703125
2021-04-29,-0.0234296738251345,53555.109375
2021-04-30,0.0754151877209619,57750.17578125
2021-05-01,0.00134757236031291,57828.05078125
2021-05-02,-0.0209160475902248,56631.078125
2021-05-03,0.0100011022054023,57200.29296875
2021-05-04,-0.0699936362237761,53333.5390625
2021-05-05,0.0738970864744761,57424.0078125
2021-05-06,-0.018055093557642,56396.515625
2021-05-07,0.0168770967814353,57356.40234375
2021-05-08,0.0249216197027895,58803.77734375
2021-05-09,-0.00976562803402814,58232.31640625
2021-05-10,-0.0415955411597153,55859.796875
2021-05-11,0.0150099573442901,56704.57421875
2021-05-12,-0.142967146773037,49150.53515625
2021-05-13,0.0114429281100925,49716.19140625
2021-05-14,0.00330018675976618,49880.53515625
2021-05-15,-0.0645987031952835,46760.1875
2021-05-16,-0.00652525709023521,46456.05859375
2021-05-17,-0.0648839844864657,43537.51171875
2021-05-18,-0.0145319340846282,42909.40234375
2021-05-19,-0.148107076351886,37002.44140625
2021-05-20,0.0972750161239606,40782.73828125
2021-05-21,-0.0891398168367932,37304.69140625
2021-05-22,0.00619823743724446,37536.6328125
2021-05-23,-0.0765456457983333,34770.58203125
2021-05-24,0.107222436826643,38705.98046875
2021-05-25,-0.00787878258102381,38402.22265625
2021-05-26,0.0229615658127678,39294.19921875
2021-05-27,-0.0220571810715349,38436.96875
2021-05-28,-0.0739361115014425,35697.60546875
2021-05-29,-0.0307656915421521,34616.06640625
2021-05-30,0.0302199440789863,35678.12890625
2021-05-31,0.0453359172324657,37332.85546875
2021-06-01,-0.0175078535731181,36684.92578125
2021-06-02,0.0239777887023145,37575.1796875
2021-06-03,0.0425566169513694,39208.765625
2021-06-04,-0.0608403872671257,36894.40625
2021-06-05,-0.0370647425747759,35551.95703125
2021-06-06,0.00869359985018825,35862.37890625
2021-06-07,-0.0663328556353431,33560.70703125
2021-06-08,-0.00262777506345735,33472.6328125
2021-06-09,0.109474102382139,37345.12109375
2021-06-10,-0.0173547429931293,36702.59765625
2021-06-11,0.0170675784159862,37334.3984375
2021-06-12,-0.0489041950404054,35552.515625
2021-06-13,0.0950568012946569,39097.859375
2021-06-14,0.0282587879663208,40218.4765625
2021-06-15,0.00465845332752757,40406.26953125
2021-06-16,-0.0523070315961434,38347.0625
2021-06-17,-0.00768476078766867,38053.50390625
2021-06-18,-0.0614015913917374,35787.24609375
2021-06-19,-0.0048002198172945,35615.87109375
2021-06-20,0.00231162531379248,35698.296875
2021-06-21,-0.119521795848678,31676.693359375
2021-06-22,0.0258330476093924,32505.66015625
2021-06-23,0.0367666751556133,33723.02734375
2021-06-24,0.0274756998576446,34662.4375
2021-06-25,-0.0913046539742641,31637.779296875
2021-06-26,0.017188238400923,32186.27734375
2021-06-27,0.0737472744793095,34649.64453125
2021-06-28,-0.00623326245575484,34434.3359375
2021-06-29,0.0407851211241397,35867.77734375
2021-06-30,-0.0233252029658519,35040.8359375
2021-07-01,-0.0428182456008752,33572.1171875
2021-07-02,0.00963202091343973,33897.046875
2021-07-03,0.0225049480213446,34668.546875
2021-07-04,0.017703918010918,35287.78125
2021-07-05,-0.0446747562616672,33746.00390625
2021-07-06,0.0143922100794622,34235.1953125
2021-07-07,-0.011157826650301,33855.328125
2021-07-08,-0.0293117785379646,32877.37109375
2021-07-09,0.0276173634478738,33798.01171875
2021-07-10,-0.00824420123359459,33520.51953125
2021-07-11,0.0212422526738756,34240.1875
2021-07-12,-0.0321809263478308,33155.84765625
2021-07-13,-0.0137820864258007,32702.025390625
2021-07-14,0.00367259983643109,32822.34765625
2021-07-15,-0.0322494683568433,31780.73046875
2021-07-16,-0.0113665308584867,31421.5390625
2021-07-17,0.00354316921734643,31533.068359375
2021-07-18,0.00832920311317586,31796.810546875
2021-07-19,-0.0312725029887115,30817.83203125
2021-07-20,-0.0333385557342112,29807.34765625
2021-07-21,0.0744341723569324,32110.693359375
2021-07-22,0.0062837888821683,32313.10546875
2021-07-23,0.0385039422719053,33581.55078125
2021-07-24,0.0209482443566706,34292.4453125
2021-07-25,0.0303786197976574,35350.1875
2021-07-26,0.0546954286916126,37337.53515625
2021-07-27,0.0539428534880368,39406.94140625
2021-07-28,0.0148351265164539,39995.90625
2021-07-29,0.000312873700597294,40008.421875
2021-07-30,0.0541722306526182,42235.546875
2021-07-31,-0.0145325453751504,41626.1953125
2021-08-01,-0.040478043755714,39974.89453125
2021-08-02,-0.0195252494648095,39201.9453125
2021-08-03,-0.027122491205132,38152.98046875
2021-08-04,0.0409431646384775,39747.50390625
2021-08-05,0.0278383573712464,40869.5546875
2021-08-06,0.0465381406264154,42816.5
2021-08-07,0.0398188114587761,44555.80078125
2021-08-08,-0.0171515239020898,43798.1171875
2021-08-09,0.0569627120900691,46365.40234375
2021-08-10,-0.016974141392609,45585.03125
2021-08-11,0.000188760572342517,45593.63671875
2021-08-12,-0.0258917535442009,44428.2890625
2021-08-13,0.0730094797189178,47793.3203125
2021-08-14,-0.0146777437579733,47096.9453125
2021-08-15,-0.00106095848642518,47047.00390625
2021-08-16,-0.0224083069211662,46004.484375
2021-08-17,-0.0288691990345864,44695.359375
2021-08-18,0.00236496665001162,44801.1875
2021-08-19,0.0418858533323494,46717.578125
2021-08-20,0.0545979069838527,49339.17578125
2021-08-21,-0.00882870123546731,48905.4921875
2021-08-22,0.00847347539726506,49321.65234375
2021-08-23,0.00454134668328088,49546.1484375
2021-08-24,-0.0378448943309504,47706.1171875
2021-08-25,0.0259601219504297,48960.7890625
2021-08-26,-0.0421022974523755,46942.21875
2021-08-27,0.0440994303022677,49058.66796875
2021-08-28,-0.00319036443857357,48902.40234375
2021-08-29,-0.00148508475840714,48829.83203125
2021-08-30,-0.0370246399472762,47054.984375
2021-08-31,0.00237107185873064,47166.6875
2021-09-01,0.0350056537880175,48847.02734375
2021-09-02,0.00979272478817172,49327.72265625
2021-09-03,0.0140441280061872,50025.375
2021-09-04,-0.00161548499673358,49944.625
2021-09-05,0.035575435016673,51753.41015625
2021-09-06,0.016863140380222,52633.53515625
2021-09-07,-0.1172324952973,46811.12890625
2021-09-08,-0.0154947935729908,46091.390625
2021-09-09,0.00648839053395278,46391.421875
2021-09-10,-0.0330351866444651,44883.91015625
2021-09-11,0.00704993941035603,45201.45703125
2021-09-12,0.0188865545282386,46063.26953125
2021-09-13,-0.0241742960521183,44963.07421875
2021-09-14,0.0462720067779099,47092.4921875
2021-09-15,0.0227546013145083,48176.34765625
2021-09-16,-0.00819073943593907,47783.359375
2021-09-17,-0.0108540797092775,47267.51953125
2021-09-18,0.0211601261540242,48278.36328125
2021-09-19,-0.0213145947025648,47260.21875
2021-09-20,-0.0981079383699566,42843.80078125
2021-09-21,-0.0514882678633253,40693.67578125
2021-09-22,0.0683996019967825,43574.5078125
2021-09-23,0.0298563090232236,44895.09765625
2021-09-24,-0.046862195289874,42839.75
2021-09-25,-0.00287895273840988,42716.59375
2021-09-26,0.0114506820444973,43208.5390625
2021-09-27,-0.02277158282957,42235.73046875
2021-09-28,-0.028852332947741,41034.54296875
2021-09-29,0.0128289248145723,41564.36328125
2021-09-30,0.0521827601181641,43790.89453125
2021-10-01,0.0942084189312791,48116.94140625
2021-10-02,-0.00846211392114071,47711.48828125
2021-10-03,0.0101858351791364,48199.953125
2021-10-04,0.0187637285934272,49112.90234375
2021-10-05,0.0477476105346852,51514.8125
2021-10-06,0.0720141013773112,55361.44921875
2021-10-07,-0.0284987943333466,53805.984375
2021-10-08,0.00300376074416775,53967.84765625
2021-10-09,0.0183667929108164,54968.22265625
2021-10-10,-0.00358383631687609,54771.578125
2021-10-11,0.0483489627075731,57484.7890625
2021-10-12,-0.0254357635060849,56041.05859375
2021-10-13,0.0239788148164823,57401.09765625
2021-10-14,-0.0013872457018973,57321.5234375
2021-10-15,0.0718874583745794,61593.94921875
2021-10-16,-0.0114588846325887,60892.1796875
2021-10-17,0.0108038650675404,61553.6171875
2021-10-18,0.00764629234929082,62026.078125
2021-10-19,0.0354134436604987,64261.9921875
2021-10-20,0.0265778345420369,65992.8359375
2021-10-21,-0.0590276683907298,62210.171875
2021-10-22,-0.0247022510827044,60692.265625
2021-10-23,0.0114896048885758,61393.6171875
2021-10-24,-0.00756649134488718,60930.8359375
2021-10-25,0.0340272733340043,63039.82421875
2021-10-26,-0.043377186101063,60363.79296875
2021-10-27,-0.0316638438636829,58482.38671875
2021-10-28,0.0359344915880246,60622.13671875
2021-10-29,0.0261443755051545,62227.96484375
2021-10-30,-0.0054647503804901,61888.83203125
2021-10-31,-0.00925069864935857,61318.95703125
2021-11-01,-0.00514295006501975,61004.40625
2021-11-02,0.035775877348474,63226.40234375
2021-11-03,-0.004062805617151,62970.046875
2021-11-04,-0.0243990342546088,61452.23046875
2021-11-05,-0.00532812918796743,61125.67578125
2021-11-06,0.00655190844094733,61527.48046875
2021-11-07,0.0288276815397843,63326.98828125
2021-11-08,0.0648055609615579,67566.828125
2021-11-09,-0.00884509918220111,66971.828125
2021-11-10,-0.0299581654204442,64995.23046875
2021-11-11,-0.000696748107282374,64949.9609375
2021-11-12,-0.0123004375187143,64155.94140625
2021-11-13,0.00487596370827603,64469.52734375
2021-11-14,0.0153510846380698,65466.83984375
2021-11-15,-0.0295929058467159,63557.87109375
2021-11-16,-0.0549224542515834,60161.24609375
2021-11-17,0.0034309649222326,60368.01171875
2021-11-18,-0.0584237504033087,56942.13671875
2021-11-19,0.0204669730463056,58119.578125
2021-11-20,0.0267824596180404,59697.1953125
2021-11-21,-0.0163262556388535,58730.4765625
2021-11-22,-0.0424545144774484,56289.2890625
2021-11-23,0.0224812481032117,57569.07421875
2021-11-24,-0.0226387199646378,56280.42578125
2021-11-25,0.0175118381607806,57274.6796875
2021-11-26,-0.0668738010212824,53569.765625
2021-11-27,0.0229804696074218,54815.078125
2021-11-28,0.0434353862778885,57248.45703125
2021-11-29,0.00970168421822493,57806.56640625
2021-11-30,-0.0139559224210757,57005.42578125
2021-12-01,0.00392878073484226,57229.828125
2021-12-02,-0.0132273021087421,56477.81640625
2021-12-03,-0.0523315856653426,53598.24609375
2021-12-04,-0.0856084308551637,49200.703125
2021-12-05,0.00341169647244755,49368.84765625
2021-12-06,0.0242885268514286,50582.625
2021-12-07,0.00231946773686609,50700.0859375
2021-12-08,-0.00385928622138643,50504.796875
2021-12-09,-0.0577215558084756,47672.12109375
2021-12-10,-0.0090358194216158,47243.3046875
2021-12-11,0.0438802407167245,49362.5078125
2021-12-12,0.0147966078381643,50098.3359375
2021-12-13,-0.0694413703081747,46737.48046875
2021-12-14,-0.00267482762042626,46612.6328125
2021-12-15,0.0478387780999814,48896.72265625
2021-12-16,-0.0255040641984596,47665.42578125
2021-12-17,-0.0311800932560402,46202.14453125
2021-12-18,0.0138986956563087,46848.77734375
2021-12-19,-0.00303053018413557,46707.015625
2021-12-20,0.00370268037899102,46880.27734375
2021-12-21,0.0429287928874675,48936.61328125
2021-12-22,-0.00631583440648953,48628.51171875
2021-12-23,0.0433819393295867,50784.5390625
2021-12-24,0.000741215667556361,50822.1953125
2021-12-25,-0.00774972719899303,50429.859375
2021-12-26,0.00750020492983516,50809.515625
2021-12-27,-0.00333362096669276,50640.41796875
2021-12-28,-0.0621514265119778,47588.85546875
2021-12-29,-0.0243360119563416,46444.7109375
2021-12-30,0.0156677387131339,47178.125
2021-12-31,-0.0186491727568665,46306.4453125
2022-01-01,0.0293737331477697,47686.8125
2022-01-02,-0.00718905440002082,47345.21875
2022-01-03,-0.0189146366957633,46458.1171875
2022-01-04,-0.0121389346638612,45897.57421875
2022-01-05,-0.0520662884548138,43569.00390625
2022-01-06,-0.00941029730358878,43160.9296875
2022-01-07,-0.0378479886503751,41557.90234375
2022-01-08,0.00422704833259679,41733.94140625
2022-01-09,0.00424793520611288,41911.6015625
2022-01-10,-0.00215781176620133,41821.26171875
2022-01-11,0.0216334106374383,42735.85546875
2022-01-12,0.0279939072519131,43949.1015625
2022-01-13,-0.0313758279520702,42591.5703125
2022-01-14,0.0118596646958213,43099.69921875
2022-01-15,0.00180115562221062,43177.3984375
2022-01-16,-0.00147221236440132,43113.87890625
2022-01-17,-0.0202275716990492,42250.55078125
2022-01-18,0.00295610925661194,42375.6328125
2022-01-19,-0.0150099104428705,41744.328125
2022-01-20,-0.0258167430956036,40680.41796875
2022-01-21,-0.109604682915441,36457.31640625
2022-01-22,-0.0399301888396462,35030.25
2022-01-23,0.0349665737811815,36276.8046875
2022-01-24,0.010352967106698,36654.328125
2022-01-25,0.00814248682695151,36954.00390625
2022-01-26,-0.00276082444956494,36852.12109375
2022-01-27,0.00773383789078608,37138.234375
2022-01-28,0.0172475050904151,37784.33203125
2022-01-29,0.00932135173920834,38138.1796875
2022-01-30,-0.00580044645715461,37917.6015625
2022-01-31,0.0148044080663929,38483.125
2022-02-01,0.00673731850263337,38743.2734375
2022-02-02,-0.0473107399591228,36952.984375
2022-02-03,0.00544121583199164,37154.6015625
2022-02-04,0.110626883457448,41500.875
2022-02-05,-0.00143982348373406,41441.1640625
2022-02-06,0.0231668765175783,42412.43359375
2022-02-07,0.0331115827095374,43840.28515625
2022-02-08,0.00632480896533849,44118.4453125
2022-02-09,0.00498211368199719,44338.796875
2022-02-10,-0.0176033937813891,43565.11328125
2022-02-11,-0.0269211260551714,42407.9375
2022-02-12,-0.00386212183286716,42244.46875
2022-02-13,-0.00111208020954301,42197.515625
2022-02-14,0.00918576831463191,42586.91796875
2022-02-15,0.0456306044872399,44575.203125
2022-02-16,-0.0138552950498987,43961.859375
2022-02-17,-0.081082330719104,40538.01171875
2022-02-18,-0.0125865264237603,40030.9765625
2022-02-19,0.00227513819189262,40122.15625
2022-02-20,-0.0430544217465254,38431.37890625
2022-02-21,-0.0359238109483542,37075.28125
2022-02-22,0.0321345343415071,38286.02734375
2022-02-23,-0.0261836346154212,37296.5703125
2022-02-24,0.0273995799515507,38332.609375
2022-02-25,0.0227384505953054,39214.21875
2022-02-26,-0.0027852723260775,39105.1484375
2022-02-27,-0.036334517924427,37709.78515625
2022-02-28,0.135764257303322,43193.234375
2022-03-01,0.0265333803325252,44354.63671875
2022-03-02,-0.00975371593540686,43924.1171875
2022-03-03,-0.0340944786524133,42451.7890625
2022-03-04,-0.0812852755652358,39137.60546875
2022-03-05,0.00669690622863328,39400.5859375
2022-03-06,-0.0252029370523577,38419.984375
2022-03-07,-0.00936031527073489,38062.0390625
2022-03-08,0.0175847382159606,38737.26953125
2022-03-09,0.0804608330138592,41982.92578125
2022-03-10,-0.0625468568005303,39437.4609375
2022-03-11,-0.0164254822906464,38794.97265625
2022-03-12,0.00280670680466777,38904.01171875
2022-03-13,-0.0274752699749854,37849.6640625
2022-03-14,0.0468912994095341,39666.75390625
2022-03-15,-0.0083024718981779,39338.78515625
2022-03-16,0.0448654676741995,41143.9296875
2022-03-17,-0.00469091687779333,40951.37890625
2022-03-18,0.020538517974936,41801.15625
2022-03-19,0.0092746874320131,42190.65234375
2022-03-20,-0.0226003228859675,41247.82421875
2022-03-21,-0.00412576188746527,41077.99609375
2022-03-22,0.030703791309973,42358.80859375
2022-03-23,0.0125312460906315,42892.95703125
2022-03-24,0.0245937259657865,43960.93359375
2022-03-25,0.0087827164076657,44348.73046875
2022-03-26,0.00342371548557097,44500.828125
2022-03-27,0.0508131757923831,46820.4921875
2022-03-28,0.00654641276337031,47128.00390625
2022-03-29,0.00714059973918957,47465.73046875
2022-03-30,-0.00852799523473102,47062.6640625
2022-03-31,-0.0329180095425823,45538.67578125
2022-04-01,0.016183454010017,46281.64453125
2022-04-02,-0.00895703554066962,45868.94921875
2022-04-03,0.0126648412430477,46453.56640625
2022-04-04,0.00363378574613193,46622.67578125
2022-04-05,-0.0231448606058962,45555.9921875
2022-04-06,-0.0529457051005746,43206.73828125
2022-04-07,0.0068529242315325,43503.84765625
2022-04-08,-0.0283539722589374,42287.6640625
2022-04-09,0.0116252352899338,42782.13671875
2022-04-10,-0.0135186465773174,42207.671875
2022-04-11,-0.0657469945548499,39521.90234375
2022-04-12,0.0151989918017605,40127.18359375
2022-04-13,0.0255764174954916,41166.73046875
2022-04-14,-0.0303643733545407,39935.515625
2022-04-15,0.0153551792271287,40553.46484375
2022-04-16,-0.00318557283970478,40424.484375
2022-04-17,-0.017657522881942,39716.953125
2022-04-18,0.0275462683643859,40826.21484375
2022-04-19,0.0164352943392352,41502.75
2022-04-20,-0.00309786784621124,41374.37890625
2022-04-21,-0.0206844397083188,40527.36328125
2022-04-22,-0.0196110852519205,39740.3203125
2022-04-23,-0.00640161932757799,39486.73046875
2022-04-24,-0.000441701583344667,39469.29296875
2022-04-25,0.0247490500760961,40458.30859375
2022-04-26,-0.0595995569885481,38117.4609375
2022-04-27,0.0290527349945204,39241.12109375
2022-04-28,0.0134839067215253,39773.828125
2022-04-29,-0.029702353660829,38609.82421875
2022-04-30,-0.0234521785579194,37714.875
2022-05-01,0.0198005802004015,38469.09375
2022-05-02,0.00156456160581797,38529.328125
2022-05-03,-0.020422241840901,37750.453125
2022-05-04,0.0503126775329914,39698.37109375
2022-05-05,-0.0819413647290759,36575.140625
2022-05-06,-0.0147137801076376,36040.921875
2022-05-07,-0.0150672990569394,35501.953125
2022-05-08,-0.0414855987869966,34059.265625
2022-05-09,-0.117054963258152,30296.953125
2022-05-10,0.0236786923864827,31022.90625
2022-05-11,-0.0696270636865197,28936.35546875
2022-05-12,0.00384231564051163,29047.751953125
2022-05-13,0.00806958299328464,29283.103515625
2022-05-14,0.0275565403508562,30101.265625
2022-05-15,0.0392142296088771,31305.11328125
2022-05-16,-0.0471639388259302,29862.91796875
2022-05-17,0.0186753109718669,30425.857421875
2022-05-18,-0.0576896230339532,28720.271484375
2022-05-19,0.0540174725108962,30314.333984375
2022-05-20,-0.0374266099996028,29200.740234375
2022-05-21,0.0078961561565265,29432.2265625
2022-05-22,0.0298401165357856,30323.72265625
2022-05-23,-0.0412296103366661,29098.91015625
2022-05-24,0.0189497817670681,29655.5859375
2022-05-25,-0.00314852813015953,29562.361328125
2022-05-26,-0.0100336995448718,29267.224609375
2022-05-27,-0.0220978890225627,28627.57421875
2022-05-28,0.00652224115391498,28814.900390625
2022-05-29,0.0216639901789595,29445.95703125
2022-05-30,0.0745922281639189,31726.390625
2022-05-31,0.00207560747700697,31792.310546875
2022-06-01,-0.0647469306708341,29799.080078125
2022-06-02,0.0221826339109832,30467.48828125
2022-06-03,-0.0253652897101908,29704.390625
2022-06-04,0.00431741536890407,29832.9140625
2022-06-05,0.00246898585708699,29906.662109375
2022-06-06,0.0477921711289664,31370.671875
2022-06-07,-0.0068833346588697,31155.478515625
2022-06-08,-0.0306729469834313,30214.35546875
2022-06-09,-0.00339345954579606,30111.998046875
2022-06-10,-0.0347422192377991,29083.8046875
2022-06-11,-0.025173197410302,28360.810546875
2022-06-12,-0.058001081518821,26762.6484375
2022-06-13,-0.17405255177667,22487.388671875
2022-06-14,-0.0125564169410559,22206.79296875
2022-06-15,0.016349175083862,22572.83984375
2022-06-16,-0.102112401330103,20381.650390625
2022-06-17,0.00439781088256197,20471.482421875
2022-06-18,-0.0736657112248889,19017.642578125
2022-06-19,0.077653019524071,20553.271484375
2022-06-20,0.00224848053257709,20599.537109375
2022-06-21,0.0053769282080971,20710.59765625
2022-06-22,-0.0355620053246319,19987.029296875
2022-06-23,0.0535199496525518,21085.876953125
2022-06-24,0.00688980961376195,21231.65625
2022-06-25,0.012668381046625,21502.337890625
2022-06-26,-0.0223403163672966,21027.294921875
2022-06-27,-0.0139751808447972,20735.478515625
2022-06-28,-0.0221796927954205,20280.634765625
2022-06-29,-0.00874651225988821,20104.0234375
2022-06-30,-0.016009711756281,19784.7265625
2022-07-01,-0.0263936116679631,19269.3671875
2022-07-02,-0.00140795585637399,19242.255859375
2022-07-03,0.00284490397651282,19297.076171875
2022-07-04,0.047275427183008,20231.26171875
2022-07-05,-0.00203587812630524,20190.115234375
2022-07-06,0.0175824492578833,20548.24609375
2022-07-07,0.0516563933886189,21637.587890625
2022-07-08,0.00431322271242252,21731.1171875
2022-07-09,-0.00641274116384416,21592.20703125
2022-07-10,-0.0344774797250267,20860.44921875
2022-07-11,-0.0435959633947665,19970.556640625
2022-07-12,-0.0329156213890212,19323.9140625
2022-07-13,0.0449367599448216,20212.07421875
2022-07-14,0.0175496512632414,20569.919921875
2022-07-15,0.0128681970428932,20836.328125
2022-07-16,0.0168462962919698,21190.31640625
2022-07-17,-0.0195848997097468,20779.34375
2022-07-18,0.0789196782301289,22485.689453125
2022-07-19,0.0394052820034183,23389.43359375
2022-07-20,-0.00676524363636943,23231.732421875
2022-07-21,-0.00289262177004801,23164.62890625
2022-07-22,-0.0196019457648831,22714.978515625
2022-07-23,-0.0110447105971883,22465.478515625
2022-07-24,0.00637547079025857,22609.1640625
2022-07-25,-0.0567556597820325,21361.701171875
2022-07-26,-0.00572504382684258,21239.75390625
2022-07-27,0.0765954215493618,22930.548828125
2022-07-28,0.0390578308920144,23843.88671875
2022-07-29,-0.00164764469143996,23804.6328125
2022-07-30,-0.00625468346618163,23656.20703125
2022-07-31,-0.0135898860596075,23336.896484375
2022-08-01,-0.000973064708290394,23314.19921875
2022-08-02,-0.0145202470826131,22978.1171875
2022-08-03,-0.00574406170754216,22846.5078125
2022-08-04,-0.00947952556852094,22630.95703125
2022-08-05,0.0286758990881602,23289.314453125
2022-08-06,-0.0141853598130535,22961.279296875
2022-08-07,0.00930325273004406,23175.890625
2022-08-08,0.0269715453445798,23809.486328125
2022-08-09,-0.0274709934963759,23164.318359375
2022-08-10,0.033256795053882,23947.642578125
2022-08-11,0.000412762067368178,23957.529296875
2022-08-12,0.0184159820568972,24402.818359375
2022-08-13,0.000870422128858905,24424.068359375
2022-08-14,-0.00429738307733096,24319.333984375
2022-08-15,-0.00752687118445472,24136.97265625
2022-08-16,-0.0105657062741358,23883.291015625
2022-08-17,-0.0231819448838646,23335.998046875
2022-08-18,-0.00529595703077845,23212.73828125
2022-08-19,-0.106026641901687,20877.552734375
2022-08-20,0.0137244313026628,21166.060546875
2022-08-21,0.0172397235125565,21534.12109375
2022-08-22,-0.00629880257162441,21398.908203125
2022-08-23,0.00601859385466419,21528.087890625
2022-08-24,-0.00620033327852987,21395.01953125
2022-08-25,0.00957701665295652,21600.904296875
2022-08-26,-0.0640857165596636,20260.01953125
2022-08-27,-0.0108324498139272,20041.73828125
2022-08-28,-0.021429934307255,19616.814453125
2022-08-29,0.0341349916299833,20297.994140625
2022-08-30,-0.025001327783567,19796.80859375
2022-08-31,0.0126966241687931,20049.763671875
2022-09-01,0.00385181736353601,20127.140625
2022-09-02,-0.0078494796911599,19969.771484375
2022-09-03,-0.00691847793549805,19832.087890625
2022-09-04,0.00776647082227022,19986.712890625
2022-09-05,-0.00876115199617189,19812.37109375
2022-09-06,-0.0504480646723611,18837.66796875
2022-09-07,0.023745153749136,19290.32421875
2022-09-08,0.00204607030353721,19329.833984375
2022-09-09,0.100860097667891,21381.15234375
2022-09-10,0.0139052384133986,21680.5390625
2022-09-11,0.00408365196304494,21769.255859375
2022-09-12,0.027242163871664,22370.44921875
2022-09-13,-0.0972821989234234,20296.70703125
2022-09-14,-0.00274396867537341,20241.08984375
2022-09-15,-0.0270345862412622,19701.2109375
2022-09-16,0.0036162281734331,19772.583984375
2022-09-17,0.017794492715737,20127.576171875
2022-09-18,-0.0358128060475007,19419.505859375
2022-09-19,0.00639691202291282,19544.12890625
2022-09-20,-0.034000477547087,18890.7890625
2022-09-21,-0.018344813515224,18547.400390625
2022-09-22,0.0456416775491295,19413.55078125
2022-09-23,-0.00598857629671201,19297.638671875
2022-09-24,-0.0188644407093292,18937.01171875
2022-09-25,-0.00714985803708679,18802.09765625
2022-09-26,0.0221219681572951,19222.671875
2022-09-27,-0.00585003417016949,19110.546875
2022-09-28,0.0164090991571904,19426.720703125
2022-09-29,0.00750418575509215,19573.05078125
2022-09-30,-0.0072433234917515,19431.7890625
2022-10-01,-0.00617871650655033,19312.095703125
2022-10-02,-0.0139738879362774,19044.107421875
2022-10-03,0.0299741763073449,19623.580078125
2022-10-04,0.0357022957027784,20336.84375
2022-10-05,-0.00869820607502625,20160.716796875
2022-10-06,-0.0102340417585953,19955.443359375
2022-10-07,-0.0206878280674747,19546.849609375
2022-10-08,-0.00668738741716268,19416.568359375
2022-10-09,0.00153654798914182,19446.42578125
2022-10-10,-0.0158053521470887,19141.484375
2022-10-11,-0.00471640371270432,19051.41796875
2022-10-12,0.00554989637447179,19157.4453125
2022-10-13,0.0117000265222966,19382.904296875
2022-10-14,-0.0102285262293709,19185.65625
2022-10-15,-0.00617054667559103,19067.634765625
2022-10-16,0.0104581714868175,19268.09375
2022-10-17,0.0145634941314672,19550.7578125
2022-10-18,-0.01112732734933,19334.416015625
2022-10-19,-0.0101306218959412,19139.53515625
2022-10-20,-0.00449267915912976,19053.740234375
2022-10-21,0.0062119106533931,19172.46875
2022-10-22,0.00186139139405306,19208.189453125
2022-10-23,0.0185081509541725,19567.0078125
2022-10-24,-0.0113813032552681,19345.572265625
2022-10-25,0.0380501255998631,20095.857421875
2022-10-26,0.0330171943589477,20770.44140625
2022-10-27,-0.0236079843216217,20285.8359375
2022-10-28,0.0151424925794181,20595.3515625
2022-10-29,0.0107754906532644,20818.4765625
2022-10-30,-0.00882297871962479,20635.603515625
2022-10-31,-0.00679921885289936,20495.7734375
2022-11-01,-0.000512432015794317,20485.2734375
2022-11-02,-0.016030424015856,20159.50390625
2022-11-03,0.00250111649078733,20209.98828125
2022-11-04,0.0453319982476721,21147.23046875
2022-11-05,0.00638518251971121,21282.69140625
2022-11-06,-0.0168784872680536,20926.486328125
2022-11-07,-0.0155878598652262,20602.81640625
2022-11-08,-0.105428646811461,18541.271484375
2022-11-09,-0.154889548170148,15880.7802734375
2022-11-10,0.102037409011285,17586.771484375
2022-11-11,-0.0319184536013015,17034.29296875
2022-11-12,-0.013898139747381,16799.185546875
2022-11-13,-0.0268967049846989,16353.365234375
2022-11-14,0.0160647324045993,16618.19921875
2022-11-15,0.0159043171795155,16884.61328125
2022-11-16,-0.0128256803707369,16669.439453125
2022-11-17,0.00108391942064934,16687.517578125
2022-11-18,0.000614627845701321,16697.77734375
2022-11-19,0.000824292759679324,16711.546875
2022-11-20,-0.0254360302944203,16291.83203125
2022-11-21,-0.0314590625870732,15787.2841796875
2022-11-22,0.0251747150803912,16189.76953125
2022-11-23,0.0256679569857372,16610.70703125
2022-11-24,-0.000375863632257278,16604.46484375
2022-11-25,-0.00498837489510251,16521.841796875
2022-11-26,-0.00348998912162379,16464.28125
2022-11-27,-0.00119446680458068,16444.626953125
2022-11-28,-0.0139188482409711,16217.322265625
2022-11-29,0.0139404641103464,16444.982421875
2022-11-30,0.0430597665839443,17168.56640625
2022-12-01,-0.0118020685953688,16967.1328125
2022-12-02,0.00713698604580593,17088.66015625
2022-12-03,-0.0106142348677967,16908.236328125
2022-12-04,0.0130588424633657,17130.486328125
2022-12-05,-0.00912826921715393,16974.826171875
2022-12-06,0.0067330352508197,17089.50390625
2022-12-07,-0.0142249778324377,16848.126953125
2022-12-08,0.0226142000810388,17233.474609375
2022-12-09,-0.00583837050588798,17133.15234375
2022-12-10,-0.000258464205314723,17128.724609375
2022-12-11,-0.00143319679738951,17104.193359375
2022-12-12,0.00595992791230593,17206.4375
2022-12-13,0.0328647887307287,17781.318359375
2022-12-14,0.00192893064217081,17815.650390625
2022-12-15,-0.0256283810210238,17364.865234375
2022-12-16,-0.0421898089815009,16647.484375
2022-12-17,0.00882757235289233,16795.091796875
2022-12-18,-0.00221233117135888,16757.9765625
2022-12-19,-0.0191764518948538,16439.6796875
2022-12-20,0.027988705082473,16906.3046875
2022-12-21,-0.00526450942017753,16817.53515625
2022-12-22,0.000761215411079874,16830.341796875
2022-12-23,-0.00198580842882201,16796.953125
2022-12-24,0.0030199561547235,16847.755859375
2022-12-25,-0.000342509673970426,16841.986328125
2022-12-26,0.0046098559846719,16919.8046875
2022-12-27,-0.0120482468683782,16717.173828125
2022-12-28,-0.00989505030025128,16552.572265625
2022-12-29,0.00540864482552017,16642.341796875
2022-12-30,-0.0023916958787602,16602.5859375
2022-12-31,-0.00332366564955855,16547.49609375
2023-01-01,0.00467760631157788,16625.080078125
2023-01-02,0.00380570068470476,16688.470703125
2023-01-03,-0.000516254899498136,16679.857421875
2023-01-04,0.0109341539620349,16863.23828125
2023-01-05,-0.0015728177184382,16836.736328125
2023-01-06,0.00682079223555299,16951.96875
2023-01-07,0.000183405828304117,16955.078125
2023-01-08,0.00799308234902085,17091.14453125
2023-01-09,0.00614858918730654,17196.5546875
2023-01-10,0.0144181338708869,17446.29296875
2023-01-11,0.0276211504977315,17934.896484375
2023-01-12,0.0508031804901865,18869.587890625
2023-01-13,0.0536492128036699,19909.57421875
2023-01-14,0.0521924405608409,20976.298828125
2023-01-15,-0.0045631527773633,20880.798828125
2023-01-16,0.0137377199522764,21169.6328125
2023-01-17,-0.000383324379333416,21161.51953125
2023-01-18,-0.0225928311533004,20688.78125
2023-01-19,0.0190553341028981,21086.79296875
2023-01-20,0.0726845526110473,22676.552734375
2023-01-21,0.0044472229944521,22777.625
2023-01-22,-0.00251479023043188,22720.416015625
2023-01-23,0.00937544219856967,22934.431640625
2023-01-24,-0.0130770792009063,22636.46875
2023-01-25,0.0210431847013233,23117.859375
2023-01-26,-0.00368714859384411,23032.77734375
2023-01-27,0.00199304647416554,23078.728515625
2023-01-28,-0.0020663143130939,23031.08984375
2023-01-29,0.0317713353850451,23774.56640625
2023-01-30,-0.040096914665952,22840.138671875
2023-01-31,0.0130122885395139,23139.283203125
2023-02-01,0.0249457345900037,23723.76953125
2023-02-02,-0.0106747498773689,23471.87109375
2023-02-03,-0.000961136247671135,23449.322265625
2023-02-04,-0.00502231374286488,23331.84765625
2023-02-05,-0.0162544882312758,22955.666015625
2023-02-06,-0.00855537642128468,22760.109375
2023-02-07,0.0219101957149324,23264.291015625
2023-02-08,-0.0140637224840052,22939.3984375
2023-02-09,-0.0500729479211177,21819.0390625
2023-02-10,-0.00772281772490402,21651.18359375
2023-02-11,0.0100957206218251,21870.875
2023-02-12,-0.00378716076294516,21788.203125
2023-02-13,0.000912849794238113,21808.1015625
2023-02-14,0.0187474660501366,22220.8046875
2023-02-15,0.089770007863196,24307.841796875
2023-02-16,-0.0285581014815648,23623.474609375
2023-02-17,0.0391062494260996,24565.6015625
2023-02-18,0.00307582364881398,24641.27734375
2023-02-19,-0.0128097190944381,24327.642578125
2023-02-20,0.0204050447443151,24829.1484375
2023-02-21,-0.0159463815377237,24436.353515625
2023-02-22,-0.0101803968810028,24188.84375
2023-02-23,-0.0100279167620183,23947.4921875
2023-02-24,-0.0317920674064442,23198.126953125
2023-02-25,-0.000981248083164132,23175.375
2023-02-26,0.01651154583387,23561.212890625
2023-02-27,-0.00162865249169464,23522.87109375
2023-02-28,-0.0160927308751031,23147.353515625
2023-03-01,0.0213368049391622,23646.55078125
2023-03-02,-0.00726135020948071,23475.466796875
2023-03-03,-0.0485624257297719,22362.6796875
2023-03-04,-0.000417303522119994,22353.349609375
2023-03-05,0.0036689546753248,22435.513671875
2023-03-06,-0.000256584178192298,22429.7578125
2023-03-07,-0.00940613896604248,22219.76953125
2023-03-08,-0.0228373150611318,21718.080078125
2023-03-09,-0.0644245133285324,20363.021484375
2023-03-10,-0.00866965688311438,20187.244140625
2023-03-11,0.0218122212441116,20632.41015625
2023-03-12,0.0716039118453295,22163.94921875
2023-03-13,0.0877836343684848,24197.533203125
2023-03-14,0.022416164797507,24746.07421875
2023-03-15,-0.0150694198256183,24375.9609375
2023-03-16,0.0273877219696494,25052.7890625
2023-03-17,0.0904308173547879,27423.9296875
2023-03-18,-0.016843655914947,26965.87890625
2023-03-19,0.0390125123969636,28038.67578125
2023-03-20,-0.00972805867707471,27767.236328125
2023-03-21,0.0146072594573106,28175.81640625
2023-03-22,-0.031304934786025,27307.4375
2023-03-23,0.0369024309214421,28333.97265625
2023-03-24,-0.0301197331855558,27493.28515625
2023-03-25,0.0000517158362658421,27494.70703125
2023-03-26,0.0180084779034715,27994.330078125
2023-03-27,-0.0309974400560318,27139.888671875
2023-03-28,0.00471410009391349,27268.130859375
2023-03-29,0.0388533993126909,28348.44140625
2023-03-30,-0.0111695987413327,28033.5625
2023-03-31,0.0157464148884543,28478.484375
2023-04-01,-0.00237123642140169,28411.03515625
2023-04-02,-0.00748017184497485,28199.30859375
2023-04-03,-0.0146132741503955,27790.220703125
2023-04-04,0.013505585874638,28168.08984375
2023-04-05,0.000351205704706814,28177.984375
2023-04-06,-0.00476125734657984,28044.140625
2023-04-07,-0.00422660089629545,27925.859375
2023-04-08,0.000785183939658651,27947.794921875
2023-04-09,0.0136906925289075,28333.05078125
2023-04-10,0.0455336467573897,29652.98046875
2023-04-11,0.0194394895643324,30235.05859375
2023-04-12,-0.00318036781613351,30139.052734375
2023-04-13,0.00859013376828166,30399.06640625
2023-04-14,0.00284579796201712,30485.69921875
2023-04-15,-0.00549973716752206,30318.49609375
2023-04-16,-0.000103593122386059,30315.35546875
2023-04-17,-0.0291287232768198,29445.044921875
2023-04-18,0.0318364609978161,30397.552734375
2023-04-19,-0.0531995366286733,28822.6796875
2023-04-20,-0.0202111266192802,28245.98828125
2023-04-21,-0.034910877271713,27276.91015625
2023-04-22,0.0196247565563983,27817.5
2023-04-23,-0.00816174122737934,27591.384765625
2023-04-24,-0.00239654855957028,27525.33984375
2023-04-25,0.0280232077739537,28307.59765625
2023-04-26,0.00405792586857956,28422.701171875
2023-04-27,0.0363131328622952,29473.787109375
2023-04-28,-0.00454060288975278,29340.26171875
2023-04-29,-0.00313280322788323,29248.48828125
2023-04-30,0.000694439488997389,29268.806640625
2023-05-01,-0.0410528562110155,28091.568359375
2023-05-02,0.0207492702911214,28680.537109375
2023-05-03,0.0112946008250283,29006.30859375
2023-05-04,-0.00548269782537503,28847.7109375
2023-05-05,0.0235245236353521,29534.384765625
2023-05-06,-0.0215536205091471,28904.623046875
2023-05-07,-0.0156784123199927,28454.978515625
2023-05-08,-0.0270974803125892,27694.2734375
2023-05-09,-0.00128260511364608,27658.775390625
2023-05-10,-0.00133933361155414,27621.755859375
2023-05-11,-0.0227376278728038,27000.7890625
2023-05-12,-0.00727801715592413,26804.990234375
2023-05-13,-0.000780461802257548,26784.078125
2023-05-14,0.00545701138594623,26930.638671875
2023-05-15,0.00968368817972376,27192.693359375
2023-05-16,-0.00575494330669102,27036.650390625
2023-05-17,0.0133059491984699,27398.802734375
2023-05-18,-0.0208963229384924,26832.208984375
2023-05-19,0.00215627043017008,26890.12890625
2023-05-20,0.00886560028543393,27129.5859375
2023-05-21,-0.0139473668145378,26753.826171875
2023-05-22,0.00363589557114352,26851.27734375
2023-05-23,0.0138489626434257,27225.7265625
2023-05-24,-0.033270400187897,26334.818359375
2023-05-25,0.00535452620513865,26476.20703125
2023-05-26,0.00913933266205724,26719.291015625
2023-05-27,0.00556333034484879,26868.353515625
2023-05-28,0.0443094997536004,28085.646484375
2023-05-29,-0.0121711121073336,27745.884765625
2023-05-30,-0.00157029942203302,27702.349609375
2023-05-31,-0.0175777927232659,27219.658203125
2023-06-01,-0.0147925819911876,26819.97265625
2023-06-02,0.015891611065797,27249.58984375
2023-06-03,-0.00642291543442042,27075.12890625
2023-06-04,0.00162148397530082,27119.06640625
2023-06-05,-0.0514103456988924,25760.09765625
2023-06-06,0.0558151185623359,27238.783203125
2023-06-07,-0.0333254241208092,26345.998046875
2023-06-08,0.00613836606370555,26508.216796875
2023-06-09,-0.00105086013773992,26480.375
2023-06-10,-0.0240453146774726,25851.240234375
2023-06-11,0.00343407622434455,25940.16796875
2023-06-12,-0.00145316500305448,25902.5
2023-06-13,0.000626326955973866,25918.728515625
2023-06-14,-0.0311153540326199,25124.67578125
2023-06-15,0.0178193754101166,25576.39453125
2023-06-16,0.0289427732653706,26327.462890625
2023-06-17,0.00693490079320647,26510.67578125
2023-06-18,-0.00660260343831354,26336.212890625
2023-06-19,0.0193592472017414,26851.029296875
2023-06-20,0.0535284952851409,28327.48828125
2023-06-21,0.0582742132068201,30027.296875
2023-06-22,-0.0038377235796947,29912.28125
2023-06-23,0.0258459057681542,30695.46875
2023-06-24,-0.00479306790249368,30548.6953125
2023-06-25,-0.00224266072242862,30480.26171875
2023-06-26,-0.00688483593817679,30271.130859375
2023-06-27,0.0136825634152427,30688.1640625
2023-06-28,-0.0198089179130374,30086.24609375
2023-06-29,0.0118651975377304,30445.3515625
2023-06-30,0.0010472432791655,30477.251953125
2023-07-01,0.00369514436307838,30590.078125
2023-07-02,0.00100280946914388,30620.76953125
2023-07-03,0.0173424263179598,31156.439453125
2023-07-04,-0.0122343790504438,30777.58203125
2023-07-05,-0.00859553352129261,30514.166015625
2023-07-06,-0.0200202996399472,29909.337890625
2023-07-07,0.0143709099802987,30342.265625
2023-07-08,-0.00164013454570622,30292.541015625
2023-07-09,-0.00401254478734003,30171.234375
2023-07-10,0.00802953880516633,30414.470703125
2023-07-11,0.00676594836558486,30620.951171875
2023-07-12,-0.00751666953896724,30391.646484375
2023-07-13,0.0350591179994648,31476.048828125
2023-07-14,-0.036955452769762,30334.068359375
2023-07-15,-0.00126214094385801,30295.806640625
2023-07-16,-0.00154179152848677,30249.1328125
2023-07-17,-0.00341896529411301,30145.888671875
2023-07-18,-0.00964388649490999,29856.5625
2023-07-19,0.00191938695028249,29913.923828125
2023-07-20,-0.00408362630764536,29792.015625
2023-07-21,0.00391045825316638,29908.744140625
2023-07-22,-0.00458915521913106,29771.802734375
2023-07-23,0.0104496587833918,30084.5390625
2023-07-24,-0.0306335381648584,29176.916015625
2023-07-25,0.00172845548024014,29227.390625
2023-07-26,0.0043556533334641,29354.97265625
2023-07-27,-0.004927238584294,29210.689453125
2023-07-28,0.00370944420453512,29319.24609375
2023-07-29,0.00128406076907162,29356.91796875
2023-07-30,-0.00278377378743855,29275.30859375
2023-07-31,-0.00154506282244249,29230.111328125
2023-08-01,0.0151302338260884,29675.732421875
2023-08-02,-0.0178075075169097,29151.958984375
2023-08-03,0.00091618077917488,29178.6796875
2023-08-04,-0.00359083354629597,29074.091796875
2023-08-05,-0.00110003188992103,29042.126953125
2023-08-06,-0.0000093479945295627,29041.85546875
2023-08-07,0.00476527380237712,29180.578125
2023-08-08,0.0198463869790526,29765.4921875
2023-08-09,-0.00687710141706077,29561.494140625
2023-08-10,-0.00447194898932857,29429.591796875
2023-08-11,-0.00108374692180568,29397.71484375
2023-08-12,0.00062060393713459,29415.96484375
2023-08-13,-0.00453334072444278,29282.9140625
2023-08-14,0.0042776140747165,29408.443359375
2023-08-15,-0.00812912011875433,29170.34765625
2023-08-16,-0.0161935848387031,28701.779296875
2023-08-17,-0.0736241200960635,26664.55078125
2023-08-18,-0.0233342486538106,26049.556640625
2023-08-19,0.00178915595079054,26096.205078125
2023-08-20,0.00357186942010657,26189.583984375
2023-08-21,-0.00250195886460602,26124.140625
2023-08-22,-0.00354646951925197,26031.65625
2023-08-23,0.0152484555491608,26431.640625
2023-08-24,-0.0102395657611254,26162.373046875
2023-08-25,-0.00439399243694005,26047.66796875
2023-08-26,-0.00150626198644588,26008.462890625
2023-08-27,0.00311836504099361,26089.693359375
2023-08-28,0.000630587825121154,26106.150390625
2023-08-29,0.0602498925708517,27727.392578125
2023-08-30,-0.0156342893713237,27297.265625
2023-08-31,-0.0513291454495892,25931.47265625
2023-09-01,-0.00505481430067256,25800.724609375
2023-09-02,0.0026349868784763,25868.798828125
2023-09-03,0.00388776554168757,25969.56640625
2023-09-04,-0.00606971250403454,25812.416015625
2023-09-05,-0.00125730142442926,25779.982421875
2023-09-06,-0.00103801380159396,25753.236328125
2023-09-07,0.0187321055019503,26240.1953125
2023-09-08,-0.0128311498605083,25905.654296875
2023-09-09,-0.000385185563079204,25895.677734375
2023-09-10,-0.00245326790485656,25832.2265625
2023-09-11,-0.026261881067482,25162.654296875
2023-09-12,0.0263051279529183,25833.34375
2023-09-13,0.0151738529586858,26228.32421875
2023-09-14,0.0118008351309715,26539.673828125
2023-09-15,0.00259724140931894,26608.693359375
2023-09-16,-0.00151991035411925,26568.28125
2023-09-17,-0.00128407418664978,26534.1875
2023-09-18,0.00826051138975181,26754.28125
2023-09-19,0.0169311026624328,27211.1171875
2023-09-20,-0.00291147889939225,27132.0078125
2023-09-21,-0.0210204677166974,26567.6328125
2023-09-22,0.000449150540855925,26579.568359375
2023-09-23,-0.00000668690201699462,26579.390625
2023-09-24,-0.0122101270753152,26256.826171875
2023-09-25,0.00158516078621673,26298.48046875
2023-09-26,-0.00309356959552431,26217.25
2023-09-27,0.00515378285278878,26352.716796875
2023-09-28,0.0250632062349609,27021.546875
2023-09-29,-0.00407267457029903,26911.720703125
2023-09-30,0.00208595812068602,26967.916015625
2023-10-01,0.0369761208563819,27983.75
2023-10-02,-0.0163191457885148,27530.78515625
2023-10-03,-0.00366831706594439,27429.978515625
2023-10-04,0.0133777193024827,27799.39453125
2023-10-05,-0.013890662255843,27415.912109375
2023-10-06,0.0191718837881556,27946.59765625
2023-10-07,0.000795565220181871,27968.83984375
2023-10-08,-0.00120742868306145,27935.08984375
2023-10-09,-0.0126593877279273,27583.677734375
2023-10-10,-0.00700900601259136,27391.01953125
2023-10-11,-0.0190812208422706,26873.3203125
2023-10-12,-0.00434538164717857,26756.798828125
2023-10-13,0.00393800578323145,26862.375
2023-10-14,-0.000024866641728849,26861.70703125
2023-10-15,0.0110307603158706,27159.65234375
2023-10-16,0.0488543973047655,28519.466796875
2023-10-17,-0.00364339943277514,28415.748046875
2023-10-18,-0.00308071974968627,28328.341796875
2023-10-19,0.013724231161472,28719.806640625
2023-10-20,0.0329857689825523,29682.94921875
2023-10-21,0.00790129991607813,29918.412109375
2023-10-22,0.0025198299552347,29993.896484375
2023-10-23,0.0981234055291615,33086.234375
2023-10-24,0.0243427517877741,33901.52734375
2023-10-25,0.0175810011251265,34502.8203125
2023-10-26,-0.010083818433932,34156.6484375
2023-10-27,-0.00725316925657182,33909.80078125
2023-10-28,0.0052875149613989,34089.57421875
2023-10-29,0.0130824822181381,34538.48046875
2023-10-30,-0.00104625577652051,34502.36328125
2023-10-31,0.00478293880169289,34667.78125
2023-11-01,0.0219528756206895,35437.25390625
2023-11-02,-0.014181643038139,34938.2421875
2023-11-03,-0.00591120695514569,34732.32421875
2023-11-04,0.0100229586936837,35082.1953125
2023-11-05,-0.000936521316994288,35049.35546875
2023-11-06,-0.000341987012507872,35037.37109375
2023-11-07,0.0115264053036004,35443.5625
2023-11-08,0.00595552529347465,35655.27734375
2023-11-09,0.0286922398244656,36693.125
2023-11-10,0.0167783460503355,37313.96875
2023-11-11,-0.00472568231840853,37138.05078125
2023-11-12,-0.00225174259208138,37054.51953125
2023-11-13,-0.0150135370550295,36502.35546875
2023-11-14,-0.0267843578397944,35537.640625
2023-11-15,0.0638461992762771,37880.58203125
2023-11-16,-0.046629756190665,36154.76953125
2023-11-17,0.0121487469666803,36596.68359375
2023-11-18,-0.000300085015664919,36585.703125
2023-11-19,0.0216533913915047,37386.546875
2023-11-20,0.00241533445499442,37476.95703125
2023-11-21,-0.0453926219219483,35813.8125
2023-11-22,0.0442013894678368,37432.33984375
2023-11-23,-0.00381999941543398,37289.62109375
2023-11-24,0.0114828809236318,37720.28125
2023-11-25,0.00202634293560067,37796.79296875
2023-11-26,-0.00844024984109204,37479.12109375
2023-11-27,-0.0060201767439203,37254.16796875
2023-11-28,0.0153673136112324,37831.0859375
2023-11-29,0.000724175028494756,37858.4921875
2023-11-30,-0.00385718899847198,37712.74609375
2023-12-01,0.0255507301146292,38688.75
2023-12-02,0.0201524431387199,39476.33203125
2023-12-03,0.0126377705204899,39978.390625
2023-12-04,0.0488565668865633,41980.09765625
2023-12-05,0.0488252345597306,44080.6484375
2023-12-06,-0.00761051570339966,43746.4453125
2023-12-07,-0.0104271600369863,43292.6640625
2023-12-08,0.0199856832348004,44166.6015625
2023-12-09,-0.0100263491847272,43725.984375
2023-12-10,0.00122768826642172,43779.69921875
2023-12-11,-0.0596686466968368,41243.83203125
2023-12-12,0.00499167816429136,41450.22265625
2023-12-13,0.0341627495710384,42890.7421875
2023-12-14,0.0031014611592024,43023.97265625
2023-12-15,-0.0257616788095838,41929.7578125
2023-12-16,0.00737462854915805,42240.1171875
2023-12-17,-0.0209434224084717,41364.6640625
2023-12-18,0.0299796695117891,42623.5390625
2023-12-19,-0.00831657071861436,42270.52734375
2023-12-20,0.0321647372447504,43652.25
2023-12-21,0.00495656564004854,43869.15234375
2023-12-22,0.00293056578719408,43997.90234375
2023-12-23,-0.00588939239897712,43739.54296875
2023-12-24,-0.0166777025964802,43016.1171875
2023-12-25,0.013783631646973,43613.140625
2023-12-26,-0.0253744795398312,42520.40234375
2023-12-27,0.0214623912043397,43442.85546875
2023-12-28,-0.0189384832630335,42627.85546875
2023-12-29,-0.0124743793520086,42099.40234375
2023-12-30,0.0013648832366826,42156.90234375
2023-12-31,0.00256532895205552,42265.1875
2024-01-01,0.0440216648373255,44167.33203125
2024-01-02,0.0177426040136055,44957.96875
2024-01-03,-0.0480649535787556,42848.17578125
2024-01-04,0.0306073577182868,44179.921875
2024-01-05,-0.000390082845152406,44162.69140625
2024-01-06,-0.00393630412751023,43989.1953125
2024-01-07,-0.00104848080077602,43943.09765625
2024-01-08,0.0666242663558734,46970.50390625
2024-01-09,-0.0178454171064377,46139.73046875
2024-01-10,0.0105220327519486,46627.77734375
2024-01-11,-0.00557424114752259,46368.5859375
2024-01-12,-0.0788426288329944,42853.16796875
2024-01-13,-0.000251708664185557,42842.3828125
2024-01-14,-0.0247207753553589,41796.26953125
2024-01-15,0.0169785640464202,42511.96875
2024-01-16,0.0150113645058063,43154.9453125
2024-01-17,-0.00959971282586203,42742.65234375
2024-01-18,-0.0352539060043799,41262.05859375
2024-01-19,0.00859912773807459,41618.40625
2024-01-20,0.00113298345354629,41665.5859375
2024-01-21,-0.00287943492455689,41545.78515625
2024-01-22,-0.0503089102812559,39507.3671875
2024-01-23,0.00852358425792232,39845.55078125
2024-01-24,0.00579370572798688,40077.07421875
2024-01-25,-0.00358115728949393,39933.80859375
2024-01-26,0.0460765744948173,41816.87109375
2024-01-27,0.00722411285539692,42120.0546875
2024-01-28,-0.00200725601730767,42035.59375
2024-01-29,0.0293644157369144,43288.24609375
2024-01-30,-0.00778374498993628,42952.609375
2024-01-31,-0.00865155280904695,42582.60546875
2024-02-01,0.0115148902942401,43075.7734375
2024-02-02,0.00255237453024471,43185.859375
2024-02-03,-0.00449324549215113,42992.25
2024-02-04,-0.00955108622874512,42583.58203125
2024-02-05,0.00176170753164762,42658.66796875
2024-02-06,0.0099368047086994,43084.671875
2024-02-07,0.0282286462102803,44318.22265625
2024-02-08,0.0219456712821149,45301.56640625
2024-02-09,0.039932995408412,47147.19921875
2024-02-10,0.0131499606950634,47771.27734375
2024-02-11,0.0108810642585837,48293.91796875
2024-02-12,0.0338814785316526,49958.22265625
2024-02-13,-0.00432858876011721,49742.44140625
2024-02-14,0.0410468495104084,51826.6953125
2024-02-15,0.00215600922910753,51938.5546875
2024-02-16,0.00425843260976144,52160.203125
2024-02-17,-0.00957802949778674,51662.99609375
2024-02-18,0.00885583428071257,52122.546875
2024-02-19,-0.00661016369404521,51779.14453125
2024-02-20,0.00971967933731932,52284.875
2024-02-21,-0.00856090431522993,51839.1796875
2024-02-22,-0.0103585476400152,51304.97265625
2024-02-23,-0.0112318061155126,50731.94921875
2024-02-24,0.0164055941302177,51571.1015625
2024-02-25,0.00313901336823719,51733.23828125
2024-02-26,0.0525111876569451,54522.40234375
2024-02-27,0.0459362164404737,57085.37109375
2024-02-28,0.0906952929770419,62504.7890625
2024-02-29,-0.0211224142700193,61198.3828125
2024-03-01,0.0200954657884242,62440.6328125
2024-03-02,-0.00660054731209136,62029.84765625
2024-03-03,0.0181722046590131,63167.37109375
2024-03-04,0.0785670808490071,68330.4140625
2024-03-05,-0.0685829818149202,63801.19921875
2024-03-06,0.0354997002008659,66106.8046875
2024-03-07,0.0123081400525162,66925.484375
2024-03-08,0.020331312236987,68300.09375
2024-03-09,0.00290629663201969,68498.8828125
2024-03-10,0.00757582565720583,69019.7890625
2024-03-11,0.0439922985827472,72123.90625
2024-03-12,-0.00894983604934829,71481.2890625
2024-03-13,0.0221668990640751,73083.5
2024-03-14,-0.0233524614583818,71396.59375
2024-03-15,-0.0283089232920002,69403.7734375
2024-03-16,-0.0607177252062971,65315.1171875
2024-03-17,0.0460122407046093,68390.625
2024-03-18,-0.0123885075543679,67548.59375
2024-03-19,-0.0871207318570075,61912.7734375
2024-03-20,0.0925108529687737,67913.671875
2024-03-21,-0.036318674226214,65491.390625
2024-03-22,-0.0264984466521589,63778.76171875
2024-03-23,0.00443428866540074,64062.203125
2024-03-24,0.0483270931506787,67234.171875
2024-03-25,0.0397250476948798,69958.8125
2024-03-26,0.00041477860656336,69987.8359375
2024-03-27,-0.00763744454295079,69455.34375
2024-03-28,0.0183971899718802,70744.953125
2024-03-29,-0.0121181580122034,69892.828125
2024-03-30,-0.0035477570486826,69645.3046875
2024-03-31,0.0239528586963029,71333.6484375
2024-04-01,-0.0231370023332591,69702.1484375
2024-04-02,-0.0629909043698849,65446.97265625
2024-04-03,0.00812374307331964,65980.8125
2024-04-04,0.037598862711862,68508.84375
2024-04-05,-0.00984563041828856,67837.640625
2024-04-06,0.0154824963625639,68896.109375
2024-04-07,0.00674745536362664,69362.5546875
2024-04-08,0.0321857940970212,71631.359375
2024-04-09,-0.0354137612037881,69139.015625
2024-04-10,0.0207393012425356,70587.8828125
2024-04-11,-0.00749778258451173,70060.609375
2024-04-12,-0.0417489701814358,67195.8671875
2024-04-13,-0.0515220497152349,63821.47265625
2024-04-14,0.0295985014949594,65738.7265625
2024-04-15,-0.0358109994965083,63426.2109375
2024-04-16,0.0060619201772294,63811.86328125
2024-04-17,-0.0405395853499453,61276.69140625
2024-04-18,0.0358412020861465,63512.75390625
2024-04-19,0.00519514287691258,63843.5703125
2024-04-20,0.0178658718865048,64994.44140625
2024-04-21,-0.00104366247656706,64926.64453125
2024-04-22,0.0290089017592763,66837.6796875
2024-04-23,-0.00646039848991542,66407.2734375
2024-04-24,-0.032606301316271,64276.8984375
2024-04-25,0.00318128276919083,64481.70703125
2024-04-26,-0.0113289352190158,63755.3203125
2024-04-27,-0.00528691795635616,63419.140625
2024-04-28,-0.004835296290155,63113.23046875
2024-04-29,0.0114670917875568,63841.12109375
2024-04-30,-0.051494629716542,60636.85546875
2024-05-01,-0.0400899234806573,58254.01171875
2024-05-02,0.0148143925496971,59123.43359375
2024-05-03,0.0617572064982479,62889.8359375
2024-05-04,0.0158013443890486,63891.47265625
2024-05-05,0.00218351105696435,64031.1328125
2024-05-06,-0.0136673647637231,63161.94921875
2024-05-07,-0.0131819299956479,62334.81640625
2024-05-08,-0.0185699862584929,61187.94140625
2024-05-09,0.0299773086041792,63049.9609375
2024-05-10,-0.0364564546354895,60792.77734375
2024-05-11,0.0000153568667577986,60793.7109375
2024-05-12,0.0107113641527938,61448.39453125
2024-05-13,0.0233714942378764,62901.44921875
2024-05-14,-0.0216740381115805,61552.7890625
2024-05-15,0.0738042976614999,66267.4921875
2024-05-16,-0.0157557243971524,65231.58203125
2024-05-17,0.0275228349050476,67051.875
2024-05-18,-0.0016578568052914,66940.8046875
2024-05-19,-0.00994515955321873,66278.3671875
2024-05-20,0.0751090888252985,71448.1953125
2024-05-21,-0.0185288571822948,70136.53125
2024-05-22,-0.0145658695101858,69122.3359375
2024-05-23,-0.0174065965877581,67929.5625
2024-05-24,0.00874339466804841,68526.1015625
2024-05-25,0.0107386583854296,69265.9453125
2024-05-26,-0.0108555230580389,68518.09375
2024-05-27,0.0127105489937591,69394.5546875
2024-05-28,-0.0159539990459567,68296.21875
2024-05-29,-0.0105705290938474,67578.09375
2024-05-30,0.0115770099062722,68364.9921875
2024-05-31,-0.0128604927708071,67491.4140625
2024-06-01,0.00318825810485635,67706.9375
2024-06-02,0.000659449960522807,67751.6015625
2024-06-03,0.015425138658129,68804.78125
2024-06-04,0.0253002252489249,70567.765625
2024-06-05,0.00727221781660248,71082.8203125
2024-06-06,-0.00459189027201745,70757.1640625
2024-06-07,-0.0201945570798916,69342.5859375
2024-06-08,-0.00053101963890434,69305.7734375
2024-06-09,0.00492565912658804,69647.9921875
2024-06-10,-0.00195042704602244,69512.28125
2024-06-11,-0.0318673749178799,67332.03125
2024-06-12,0.0134122341743002,68241.1875
2024-06-13,-0.0219981554211603,66756.3984375
2024-06-14,-0.0112273344053886,66011.09375
2024-06-15,0.00272168701648567,66191
2024-06-16,0.00674619312120051,66639.046875
2024-06-17,-0.00223466979873344,66490.296875
2024-06-18,-0.0205057718831529,65140.74609375
2024-06-19,-0.00277398751532587,64960.296875
2024-06-20,-0.00202853427771288,64828.65625
2024-06-21,-0.0113626640759907,64096.19921875
2024-06-22,0.00243678182007834,64252.578125
2024-06-23,-0.0168214413620014,63180.796875
2024-06-24,-0.0470429339934118,60277.4140625
2024-06-25,0.0250209785898576,61804.640625
2024-06-26,-0.0162031982640602,60811.27734375
2024-06-27,0.0129645478634579,61604.80078125
2024-06-28,-0.0210738120086127,60320.13671875
2024-06-29,0.00935992006469277,60887.37890625
2024-06-30,0.0289892727317245,62678.29296875
2024-07-01,0.00276726252690551,62851.98046875
2024-07-02,-0.0131801760562915,62029.015625
2024-07-03,-0.0303632025066172,60173.921875
2024-07-04,-0.0545790489543485,56977.703125
2024-07-05,-0.0055496078407522,56662.375
2024-07-06,0.0285523856250887,58303.5390625
2024-07-07,-0.0430092171893204,55849.109375
2024-07-08,0.0152105337906541,56705.09765625
2024-07-09,0.0227379641121495,58009.2265625
2024-07-10,-0.00460867336984627,57742.49609375
2024-07-11,-0.00690924597826914,57344.9140625
2024-07-12,0.00962398455810387,57899.46484375
2024-07-13,0.0227530032425829,59231.953125
2024-07-14,0.0259278502630043,60787.79296875
2024-07-15,0.0649986203949808,64870.15234375
2024-07-16,0.00349312978267413,65097.1484375
2024-07-17,-0.0151432424548243,64118.79296875
2024-07-18,-0.00225971416035264,63974.06640625
2024-07-19,0.0418794201096357,66710.15625
2024-07-20,0.00677494634833131,67163.6484375
2024-07-21,0.0146453753701437,68154.5234375
2024-07-22,-0.00838776669011132,67585.25
2024-07-23,-0.0248315035462845,65927.671875
2024-07-24,-0.00846219655757707,65372.1328125
2024-07-25,0.00617761367994518,65777.2265625
2024-07-26,0.0319399921931982,67912.0625
2024-07-27,-0.00145479889613931,67813.3359375
2024-07-28,0.00650452563967185,68255.8671875
2024-07-29,-0.0212622456640865,66819.9140625
2024-07-30,-0.00930534623067381,66201.015625
2024-07-31,-0.0241834505774872,64619.25
2024-08-01,0.0113598461110431,65357.5
2024-08-02,-0.0622170138648706,61415.06640625
2024-08-03,-0.0120394867920854,60680.09375
2024-08-04,-0.0431578827242092,58116.9765625
2024-08-05,-0.0736319858212013,53991.45703125
2024-08-06,0.0371384650991171,56034.31640625
2024-08-07,-0.0181319456214233,55027.4609375
2024-08-08,0.114615857432957,61710.13671875
2024-08-09,-0.0135416335526664,60880.11328125
2024-08-10,0.00107857542961831,60945.8125
2024-08-11,-0.0372135465234376,58719.484375
2024-08-12,0.010756599640608,59354.515625
2024-08-13,0.0209245392771162,60609.56640625
2024-08-14,-0.0313783013916655,58737.26953125
2024-08-15,-0.0202448620971349,57560.09765625
2024-08-16,0.0229114301013418,58894.10546875
2024-08-17,0.00988184063726294,59478.97265625
2024-08-18,-0.0168702379264722,58483.96484375
2024-08-19,0.0171136635560067,59493.453125
2024-08-20,-0.00811202460475791,59012.79296875
2024-08-21,0.0359874877747526,61175.19140625
2024-08-22,-0.0130521141055446,60381.9140625
2024-08-23,0.0596666777899255,64094.35546875
2024-08-24,0.00131963081308584,64178.9921875
2024-08-25,0.00240522616054228,64333.54296875
2024-08-26,-0.0228425120791336,62880.66015625
2024-08-27,-0.0551928775609074,59504.1328125
2024-08-28,-0.0080402145092684,59027.625
2024-08-29,0.00608965674273954,59388.1796875
2024-08-30,-0.00453478862002754,59119.4765625
2024-08-31,-0.00253330504958349,58969.8984375
2024-09-01,-0.0282817712577206,57325.48828125
2024-09-02,0.0306967310826494,59112.48046875
2024-09-03,-0.0288574422367045,57431.0234375
2024-09-04,0.00936754896683745,57971.5390625
2024-09-05,-0.0317387301454914,56160.48828125
2024-09-06,-0.0401788599055397,53948.75390625
2024-09-07,0.0035329178561696,54139.6875
2024-09-08,0.0128809053957024,54841.56640625
2024-09-09,0.0389455136654462,57019.53515625
2024-09-10,0.010973955159395,57648.7109375
2024-09-11,-0.00531411042338092,57343.171875
2024-09-12,0.0135766976294001,58127.01171875
2024-09-13,0.0411907229072508,60571.30078125
2024-09-14,-0.00939128628854213,60005.12109375
2024-09-15,-0.0137983437794187,59182.8359375
2024-09-16,-0.016874951656181,58192.5078125
2024-09-17,0.035717088660709,60308.5390625
2024-09-18,0.0219943305683934,61649.6796875
2024-09-19,0.0207211190539169,62940.45703125
2024-09-20,0.00400401164740494,63192.9765625
2024-09-21,0.00318930301647846,63394.83984375
2024-09-22,0.00399660478803021,63648.7109375
2024-09-23,-0.00502306764308003,63329.80078125
2024-09-24,0.015234244172186,64301.96875
2024-09-25,-0.0181859645588887,63143.14453125
2024-09-26,0.0317640306556246,65181.01953125
2024-09-27,0.0093096296486781,65790.6640625
2024-09-28,0.00147305035576117,65887.6484375
2024-09-29,-0.00383726267761375,65635.3046875
2024-09-30,-0.0357624770495679,63329.5
2024-10-01,-0.0401529704172496,60837.0078125
2024-10-02,-0.00336252896593869,60632.78515625
2024-10-03,0.00208608537377586,60759.40234375
2024-10-04,0.0213002835593876,62067.4765625
2024-10-05,0.000362002616499879,62089.94921875
2024-10-06,0.0116727017835174,62818.953125
2024-10-07,-0.00931261159307084,62236.66015625
2024-10-08,-0.00168356653762025,62131.96875
2024-10-09,-0.0252611554684634,60582.1015625
2024-10-10,-0.00509036697595278,60274.5
2024-10-11,0.0353784793604461,62445.08984375
2024-10-12,0.0119062983322582,63193.0234375
2024-10-13,-0.00542109412935865,62851.375
2024-10-14,0.0495805492882901,66046.125
2024-10-15,0.0149526424220383,67041.109375
2024-10-16,0.00849010854745025,67612.71875
2024-10-17,-0.00315352878722663,67399.8359375
2024-10-18,0.0150048970496641,68418.7890625
2024-10-19,-0.000819623721527662,68362.734375
2024-10-20,0.00930333018193963,69001.703125
2024-10-21,-0.0239632629213027,67367.8515625
2024-10-22,-0.0000956779931780005,67361.40625
2024-10-23,-0.0138904382136982,66432.1953125
2024-10-24,0.0256915479674529,68161.0546875
2024-10-25,-0.0225321334727955,66642.4140625
2024-10-26,0.00557070573325014,67014.6953125
2024-10-27,0.0135554840575676,67929.296875
2024-10-28,0.0287092151025554,69907.7578125
2024-10-29,0.0394465905777626,72720.4921875
2024-10-30,-0.00525236341818669,72339.5390625
2024-10-31,-0.0298062208969245,70215.1875
2024-11-01,-0.0104901612367794,69482.46875
2024-11-02,-0.00278436278552974,69289.2734375
2024-11-03,-0.00794258611024823,68741.1171875
2024-11-04,-0.0136156113622654,67811.5078125
2024-11-05,0.0225721124909306,69359.5625
2024-11-06,0.0866690312684639,75639.078125
2024-11-07,0.00350764968747974,75904.859375
2024-11-08,0.00840432333931673,76545.4765625
2024-11-09,0.00304440638133485,76778.8671875
2024-11-10,0.0470070453718439,80474.1875
2024-11-11,0.0973401431249616,88701.484375
2024-11-12,-0.00844206626910626,87955.8125
2024-11-13,0.0294448504877618,90584.1640625
2024-11-14,-0.0374969223188124,87250.4296875
2024-11-15,0.0428021182914264,91066.0078125
2024-11-16,-0.00558881224411856,90558.4765625
2024-11-17,-0.00790035044031789,89845.8515625
2024-11-18,0.00772546540607522,90542.640625
2024-11-19,0.0196975431836517,92343.7890625
2024-11-20,0.0213814449984326,94339.4921875
2024-11-21,0.0432046373822121,98504.7265625
2024-11-22,0.00499172209506149,98997.6640625
2024-11-23,-0.0124040025297933,97777.28125
2024-11-24,0.00241624032647891,98013.8203125
2024-11-25,-0.0514096372932897,93102.296875
2024-11-26,-0.0120698525342817,91985.3203125
2024-11-27,0.0423288133049571,95962.53125
2024-11-28,-0.00323631000313362,95652.46875
2024-11-29,0.0187361629072083,97461.5234375
2024-11-30,-0.0104427304650976,96449.0546875
2024-12-01,0.00857631162029016,97279.7890625
2024-12-02,-0.0146471197983615,95865.3046875
2024-12-03,0.00142660346856083,96002.1640625
2024-12-04,0.0284083108720061,98768.53125
2024-12-05,-0.022266865312222,96593.5703125
2024-12-06,0.0338648017678089,99920.7109375
2024-12-07,0.0000262704848239537,99923.3359375
2024-12-08,0.0130513278197402,101236.015625
2024-12-09,-0.0382925034662129,97432.71875
2024-12-10,-0.00780279355398861,96675.4296875
2024-12-11,0.0454729495707635,101173.03125
2024-12-12,-0.0112321381496034,100043
2024-12-13,0.014057223472296,101459.2578125
2024-12-14,-0.00085084179341699,101372.96875
2024-12-15,0.0284523776965298,104298.6953125
2024-12-16,0.0164605674430298,106029.71875
2024-12-17,0.00104522463303525,106140.6015625
2024-12-18,-0.0591791546537692,100041.5390625
2024-12-19,-0.0258259051251439,97490.953125
2024-12-20,0.00271427355318465,97755.9296875
2024-12-21,-0.00544879117212105,97224.7265625
2024-12-22,-0.0220441803820144,95104.9375
2024-12-23,-0.00441217544912043,94686.2421875
2024-12-24,0.0412739940682787,98676.09375
2024-12-25,0.00629476156273689,99299.1953125
2024-12-26,-0.0359215932968038,95795.515625
2024-12-27,-0.017168804864955,94164.859375
2024-12-28,0.0105539109069124,95163.9296875
2024-12-29,-0.0173163173686017,93530.2265625
2024-12-30,-0.00952898919172895,92643.2109375
2024-12-31,0.00844829005287195,93429.203125
2025-01-01,0.0105463864569462,94419.7578125
2025-01-02,0.0257937106935469,96886.875
2025-01-03,0.0125190387534921,98107.4296875
2025-01-04,0.00131195370335746,98236.2265625
2025-01-05,0.000801159028473108,98314.9609375
2025-01-06,0.0375618565168185,102078.0859375
2025-01-07,-0.0518242829786963,96922.703125
2025-01-08,-0.0195788576965654,95043.5234375
2025-01-09,-0.0272988491790347,92484.0390625
2025-01-10,0.0236932656291593,94701.453125
2025-01-11,-0.001425062497864,94566.59375
2025-01-12,-0.000826809568998499,94488.4375
2025-01-13,0.000297197889064904,94516.5234375
2025-01-14,0.0211210930715602,96534.046875
2025-01-15,0.0403066614062269,100504.4921875
2025-01-16,-0.00746613592099976,99756.90625
2025-01-17,0.0460874538869582,104462.0390625
2025-01-18,-0.000516768544455815,104408.0703125
2025-01-19,-0.0322996292772473,101089.609375
2025-01-20,0.00912882807456583,102016.6640625
2025-01-21,0.0396818342587633,106146.265625
2025-01-22,-0.0237685469930415,103653.0703125
2025-01-23,0.00295840268421443,103960.171875
2025-01-24,0.00823181116278171,104819.484375
2025-01-25,-0.00100065745700384,104714.6484375
2025-01-26,-0.0195973135639242,102682.5
2025-01-27,-0.00580957785144776,102087.6875
2025-01-28,-0.00742516761539669,101332.4765625
2025-01-29,0.0231261207465305,103703.2109375
2025-01-30,0.00990318110772748,104735.3046875
2025-01-31,-0.022500491172309,102405.0234375
2025-02-01,-0.0172279369718282,100655.90625
2025-02-02,-0.0299191082065491,97688.9765625
2025-02-03,0.037337836664646,101405.421875
2025-02-04,-0.0354678933406181,97871.8203125
2025-02-05,-0.0129200487537542,96615.4453125
2025-02-06,-0.0002292695179964,96593.296875
2025-02-07,-0.000664976673661499,96529.0859375
2025-02-08,-0.000483212699446511,96482.453125
2025-02-09,0.000182820937279615,96500.09375
2025-02-10,0.00966772822799378,97437.5546875
2025-02-11,-0.0174979243693834,95747.4296875
2025-02-12,0.0220883159193477,97885.859375
2025-02-13,-0.0129763165895191,96623.8671875
2025-02-14,0.00911857791722959,97508.96875
2025-02-15,0.000731796241549176,97580.3515625
2025-02-16,-0.0145063836274559,96175.03125
2025-02-17,-0.0041849684006614,95773.3828125
2025-02-18,-0.00244453999348515,95539.546875
2025-02-19,0.011407035189924,96635.609375
2025-02-20,0.0174219113580332,98333.9375
2025-02-21,-0.022714094704245,96125.546875
2025-02-22,0.00469334730219551,96577.7578125
2025-02-23,-0.00315098307034134,96273.921875
2025-02-24,-0.0517532055364907,91418.171875
2025-02-25,-0.0297766693549981,88736.171875
2025-02-26,-0.0507280862209694,84347.0234375
2025-02-27,0.0042259806609497,84704.2265625
2025-02-28,-0.00391796299389746,84373.0078125
2025-03-01,0.0194707833624168,86031.9140625
2025-03-02,0.0912150149568642,94248.3515625
2025-03-03,-0.0908227048294563,86065.671875
2025-03-04,0.0133482006343737,87222.1953125
2025-03-05,0.0382554190530353,90623.5625
2025-03-06,-0.00732993151532568,89961.7265625
2025-03-07,-0.0364383782693096,86742.671875
2025-03-08,-0.00680265695012139,86154.59375
2025-03-09,-0.0666317432215333,80601.0390625
2025-03-10,-0.0260053559872766,78532
2025-03-11,0.0536729340651245,82862.2109375
2025-03-12,0.0103269598158153,83722.359375
2025-03-13,-0.0322337677609106,81066.703125
2025-03-14,0.0351765814759233,83969.1015625
2025-03-15,0.00444422215127283,84343.109375
2025-03-16,-0.0211293785421951,82579.6875
2025-03-17,0.0179536985740842,84075.6875
2025-03-18,-0.0162741576821936,82718.5
2025-03-19,0.0487878794530605,86854.2265625
2025-03-20,-0.0314259156183105,84167.1953125
2025-03-21,-0.00147378663628928,84043.2421875
2025-03-22,-0.00251088025103741,83832.484375
2025-03-23,0.0261587898176749,86054.375
2025-03-24,0.0166470186737477,87498.9140625
2025-03-25,-0.000311034368589702,87471.703125
2025-03-26,-0.00654715703687003,86900.8828125
2025-03-27,0.00317350850323628,87177.1015625
2025-03-28,-0.0329295655003286,84353.1484375
2025-03-29,-0.0210316800081269,82597.5859375
2025-03-30,-0.00318995159971358,82334.5234375
2025-03-31,0.00260051281161644,82548.9140625
2025-04-01,0.0312485205315678,85169.171875
2025-04-02,-0.0320144583229851,82485.7109375
2025-04-03,0.00745365649204111,83102.828125
2025-04-04,0.00887686580650637,83843.8046875
2025-04-05,-0.00405152206907289,83504.796875
2025-04-06,-0.0654492252250964,78214.484375
2025-04-07,0.0129675075607985,79235.3359375
2025-04-08,-0.0381170762617487,76271.953125
2025-04-09,0.0793890094423801,82573.953125
2025-04-10,-0.0363518545774042,79626.140625
2025-04-11,0.046363853795274,83404.8359375
2025-04-12,0.0223170294885673,85287.109375
2025-04-13,-0.0189638521368707,83684.9765625
2025-04-14,0.0101936028754448,84542.390625
2025-04-15,-0.0103846276257755,83668.9921875
2025-04-16,0.00435145324422415,84033.8671875
2025-04-17,0.0102041347801549,84895.75
2025-04-18,-0.00525486139588693,84450.8046875
2025-04-19,0.00722785435350382,85063.4140625
2025-04-20,0.00130277404441159,85174.3046875
2025-04-21,0.0271550412785437,87518.90625
2025-04-22,0.0654849109954956,93441.890625
2025-04-23,0.00274893168226598,93699.109375
2025-04-24,0.00260801373823938,93943.796875
2025-04-25,0.00823375196990739,94720.5
2025-04-26,-0.000777011298330521,94646.9296875
2025-04-27,-0.00947010835713868,93754.84375
2025-04-28,0.0129698521864601,94978.75
2025-04-29,-0.00733330942544441,94284.7890625
2025-04-30,-0.000822066985522341,94207.3125
2025-05-01,0.0239657788961871,96492.3359375
2025-05-02,0.00431985343632491,96910.0703125
2025-05-03,-0.0105629983809017,95891.796875
2025-05-04,-0.0165698419005675,94315.9765625
2025-05-05,0.00457071474008686,94748.0546875
2025-05-06,0.021451265529473,96802.4765625
2025-05-07,0.00237154382422311,97032.3203125
2025-05-08,0.0620264035337463,103241.4609375
2025-05-09,-0.00262457199628585,102970.8515625
2025-05-10,0.0166180931818687,104696.328125
2025-05-11,-0.00565098397007624,104106.359375
2025-05-12,-0.0125017146072697,102812.953125
2025-05-13,0.013111031807524,104169.8125
2025-05-14,-0.00607002763940656,103539.4140625
2025-05-15,0.00198014873712182,103744.640625
2025-05-16,-0.0024643811186511,103489.2890625
2025-05-17,-0.00288564728922225,103191.0859375
2025-05-18,0.0310554149584075,106446.0078125
2025-05-19,-0.00792099837264715,105606.1796875
2025-05-20,0.0111575687100771,106791.0859375
2025-05-21,0.0266750544968755,109678.078125
2025-05-22,0.0180279639423642,111673.28125
2025-05-23,-0.0400625623389939,107287.796875
2025-05-24,0.00468070247407582,107791.15625
2025-05-25,0.0114768975511854,109035.390625
2025-05-26,0.00370729485402954,109440.3671875
2025-05-27,-0.00408109657520406,108994.640625
2025-05-28,-0.0109994574937922,107802.328125
2025-05-29,-0.0202455280092551,105641.7578125
2025-05-30,-0.0156765748876122,103998.5703125
2025-05-31,0.00613051827031619,104638.09375
2025-06-01,0.00964396528382316,105652.1015625
2025-06-02,0.00216920377543239,105881.53125
2025-06-03,-0.00425019805592974,105432.46875
2025-06-04,-0.00666608418802994,104731.984375
2025-06-05,-0.0305977318470383,101575.953125
2025-06-06,0.0273303530644604,104390.34375
2025-06-07,0.0116691459869944,105615.625
2025-06-08,0.00168415960836654,105793.6484375
2025-06-09,0.0416599645648681,110294.1015625
2025-06-10,-0.000334318426926217,110257.234375
2025-06-11,-0.0143473886097247,108686.625
2025-06-12,-0.0256991668453335,105929.0546875
2025-06-13,0.00152734719439174,106090.96875
2025-06-14,-0.00584755525466463,105472.40625
2025-06-15,0.000754577954749536,105552.0234375
2025-06-16,0.0117236239769891,106796.7578125
2025-06-17,-0.0207733363618132,104601.1171875
2025-06-18,0.00269433950386144,104883.328125
2025-06-19,-0.0018995217392721,104684.2890625
2025-06-20,-0.013218729770939,103309.6015625
2025-06-21,-0.0102370950736486,102257.40625
2025-06-22,-0.0125000368718649,100987.140625
2025-06-23,0.0444546821160774,105577.7734375
2025-06-24,0.00442162939858726,106045.6328125
2025-06-25,0.0123298892885533,107361.2578125
2025-06-26,-0.00374445620028752,106960
2025-06-27,0.00120000602760051,107088.4296875
2025-06-28,0.00223186132203779,107327.703125
2025-06-29,0.00980816480326574,108385.5703125
2025-06-30,-0.0116021078522053,107135.3359375
2025-07-01,-0.0135042249937296,105698.28125
2025-07-02,0.0294677772013561,108859.3203125
2025-07-03,0.00721861178924321,109647.9765625
2025-07-04,-0.0148259191473681,108034.3359375
2025-07-05,0.00182039012359247,108231.1796875
2025-07-06,0.00920521230696991,109232.0703125
2025-07-07,-0.00857092098248025,108299.8515625
2025-07-08,0.0059877877476886,108950.2734375
2025-07-09,0.0215762452748827,111326.5546875
2025-07-10,0.0410120507184271,115987.203125
2025-07-11,0.0131030703572979,117516.9921875
2025-07-12,-0.000696019205401299,117435.2265625
2025-07-13,0.0142118737528847,119116.1171875
2025-07-14,0.00613969178492368,119849.703125
2025-07-15,-0.0174438858577926,117777.1875
2025-07-16,0.00812906395095148,118738.5078125
2025-07-17,0.0046325315439848,119289.84375
2025-07-18,-0.0108442256179853,118003.2265625
2025-07-19,-0.000536145993420334,117939.9765625
2025-07-20,-0.00543433933607496,117300.7890625
2025-07-21,0.00118215746963379,117439.5390625
2025-07-22,0.0215298859239876,119995.4140625
2025-07-23,-0.0103913075480229,118754.9609375
2025-07-24,-0.00326380270789173,118368
2025-07-25,-0.00620430077034229,117635.8828125
2025-07-26,0.00264436929628431,117947.3671875
2025-07-27,0.0126467665567667,119448.4921875
2025-07-28,-0.0128408603045234,117924.4765625
2025-07-29,-0.0000197427035466546,117922.1484375
2025-07-30,-0.000771661971628035,117831.1875
2025-07-31,-0.0177494259673701,115758.203125
2025-08-01,-0.0212871264623775,113320.0859375
2025-08-02,-0.00702400418011528,112526.9140625
2025-08-03,0.0149136010719246,114217.671875
2025-08-04,0.00745097080932489,115071.8828125
2025-08-05,-0.00811857336682209,114141.4453125
2025-08-06,0.0077371493304792,115028
2025-08-07,0.021236359971132,117496.8984375
2025-08-08,-0.00690200419673381,116688.7265625
2025-08-09,-0.00161557499754927,116500.359375
2025-08-10,0.0238036152710883,119306.7578125
2025-08-11,-0.00483379232958647,118731.4453125
2025-08-12,0.0120674104129606,120172.90625
2025-08-13,0.0260461153103027,123344.0625
2025-08-14,-0.0412504432416689,118359.578125
2025-08-15,-0.00815439709790589,117398.3515625
2025-08-16,0.000791861061784971,117491.3515625
2025-08-17,-0.000325941461444046,117453.0625
2025-08-18,-0.0102758489477459,116252.3125
2025-08-19,-0.0298702202052201,112831.1796875
2025-08-20,0.0127128516068691,114274.7421875
2025-08-21,-0.016372327846506,112419.03125
2025-08-22,0.0388639264247779,116874.0859375
2025-08-23,-0.0129152973185427,115374.328125
2025-08-24,-0.0167453578315033,113458.4296875
2025-08-25,-0.0298263155288314,110124.3515625
2025-08-26,0.0151251233395282,111802.65625
2025-08-27,-0.00520655346926979,111222.0625
2025-08-28,0.0118226403333175,112544.8046875
2025-08-29,-0.037423359714662,108410.8359375
2025-08-30,0.00365746080463403,108808.0703125
2025-08-31,-0.00526491069275892,108236.7109375
2025-09-01,0.00932367209897578,109250.59375
2025-09-02,0.0176913822811819,111200.5859375
2025-09-03,0.00468883057640568,111723.2109375
2025-09-04,-0.00898746169776921,110723.6015625
2025-09-05,-0.00065605715124839,110650.984375
2025-09-06,-0.00385999574418072,110224.6953125
2025-09-07,0.0085181600553792,111167.6171875
2025-09-08,0.00809730601303826,112071.4296875
2025-09-09,-0.00483791669270062,111530.546875
2025-09-10,0.0215082708918217,113955.359375
2025-09-11,0.0135290138245718,115507.5390625
2025-09-12,0.00512968031934946,116101.578125
2025-09-13,-0.00130203814572205,115950.5078125
2025-09-14,-0.00469274607979742,115407.65625
2025-09-15,0.000322446109825236,115444.875
2025-09-16,0.0120396147406812,116843.1875
2025-09-17,-0.0032118407874524,116468.5078125
2025-09-18,0.00572500677512267,117137.203125
2025-09-19,-0.0124415833621789,115688.859375
2025-09-20,0.000286084831133238,115721.9609375
2025-09-21,-0.00360014836497768,115306.09375
2025-09-22,-0.0224305333197474,112748.5078125
2025-09-23,-0.00653141661524437,112014.5
2025-09-24,0.0116635256971236,113328.6328125
2025-09-25,-0.0384918796436153,109049.2890625
2025-09-26,0.00606632543055774,109712.828125
2025-09-27,-0.000281527332854026,109681.9453125
2025-09-28,0.0220085064418889,112122.640625
2025-09-29,0.0201111474090787,114400.3828125
2025-09-30,-0.00301411588423939,114056.0859375
2025-10-01,0.0394786527677944,118648.9296875
2025-10-02,0.016983874858596,120681.2578125
2025-10-03,0.0130505072164251,122266.53125
2025-10-04,0.00129876322235489,122425.4296875
2025-10-05,0.00884816469408456,123513.4765625
2025-10-06,0.00998175292871295,124752.53125
2025-10-07,-0.0268179837651985,121451.3828125
2025-10-08,0.0155512593053881,123354.8671875
2025-10-09,-0.0134604023670502,121705.5859375
2025-10-10,-0.072321821846991,113214.3671875
2025-10-11,-0.0214851600334072,110807.8828125
2025-10-12,0.0386093463438986,115169.765625
2025-10-13,0.000879292966288858,115271.078125
2025-10-14,-0.0188491634455925,113118.6640625
2025-10-15,-0.0208625782908989,110783.1640625
2025-10-16,-0.0237224847831801,108186.0390625
2025-10-17,-0.0160098398053492,106467.7890625
2025-10-18,0.00683758034970694,107198.265625
2025-10-19,0.013605430464267,108666.7109375
2025-10-20,0.0175344907383401,110588.9296875
2025-10-21,-0.0192828301734966,108476.890625
2025-10-22,-0.00729356227081901,107688.5859375
2025-10-23,0.0218704444247777,110069.7265625
2025-10-24,0.00872171428526336,111033.921875
2025-10-25,0.00545911689261835,111641.7265625
2025-10-26,0.0250392677448037,114472.4453125
2025-10-27,-0.00308950285538323,114119.328125
2025-10-28,-0.0102448240868114,112956.1640625
2025-10-29,-0.0260168054657672,110055.3046875
2025-10-30,-0.0160266389546191,108305.546875
2025-10-31,0.0114809611962858,109556.1640625
2025-11-01,0.00462482517249185,110064.015625
2025-11-02,0.00521614123332093,110639.625
2025-11-03,-0.0376871829010099,106547.5234375
2025-11-04,-0.0476408575376084,101590.5234375
2025-11-05,0.0224000613217488,103891.8359375
2025-11-06,-0.02525118249185,101301.2890625
2025-11-07,0.0202389259687337,103372.40625
2025-11-08,-0.0106032122141997,102282.1171875
2025-11-09,0.0235518396996799,104719.640625
2025-11-10,0.0121202693364619,105996.59375
2025-11-11,-0.0287025464768416,102997.46875
2025-11-12,-0.0130391466426776,101663.1875
2025-11-13,-0.0195247429765857,99697.4921875
2025-11-14,-0.0546228711365906,94397.7890625
2025-11-15,0.0121231064987466,95549.1484375
2025-11-16,-0.0144639384619225,94177.078125
2025-11-17,-0.0223683827163441,92093.875
2025-11-18,0.00924117356330711,92948.875
2025-11-19,-0.01608237769981,91465.9921875
2025-11-20,-0.0542991431316118,86631.8984375
2025-11-21,-0.0179504904722894,85090.6875
2025-11-22,-0.00521187239368004,84648.359375
2025-11-23,0.0251585865789998,86805.0078125
2025-11-24,0.0167423578108394,88270.5625
2025-11-25,-0.0105764769567536,87341.890625
2025-11-26,0.0357225879133356,90518.3671875
2025-11-27,0.0084378061084962,91285.375
2025-11-28,-0.00401866677442086,90919.265625
2025-11-29,-0.00074277862694494,90851.7578125
2025-11-30,-0.00504779257313359,90394.3125
2025-12-01,-0.0461018380540761,86321.5703125
2025-12-02,0.0566209938703039,91350.203125
2025-12-03,0.0235582620118322,93527.8046875
2025-12-04,-0.0149319728659325,92141.625
2025-12-05,-0.0303430599756762,89387.7578125
2025-12-06,-0.0012916460625565,89272.375
2025-12-07,0.0126145722260151,90405.640625
2025-12-08,0.00259119597981261,90640.203125
2025-12-09,0.022381192698198,92691.7109375
2025-12-10,-0.00726283284663509,92020.9453125
2025-12-11,0.00531497010814697,92511.3359375
2025-12-12,-0.0245214214521461,90270.4140625
2025-12-13,0.000313418755633066,90298.7109375
2025-12-14,-0.0237976710179169,88175.1796875
2025-12-15,-0.020108914713088,86419.78125
2025-12-16,0.0163457369350777,87843.984375
2025-12-17,-0.0195448330408539,86143.7578125
2025-12-18,-0.00793972849776914,85462.5078125
2025-12-19,0.0304331549684083,88103.3828125
2025-12-20,0.0027273551221505,88344
2025-12-21,0.00313902806692745,88621.75
2025-12-22,-0.00148758495888934,88490.015625
2025-12-23,-0.012234274952954,87414
2025-12-24,0.00226207610406348,87611.9609375
2025-12-25,-0.00431485785562735,87234.7421875
2025-12-26,0.000764168281323307,87301.4296875
2025-12-27,0.00571921956587573,87802.15625
2025-12-28,0.000383512558910226,87835.8359375
2025-12-29,-0.0079748888825808,87138.140625
2025-12-30,0.0147180978087906,88430.1328125
2025-12-31,-0.0104730993492996,87508.828125
2026-01-01,0.0138807336605513,88731.984375
2026-01-02,0.0135745701301939,89944.6953125
2026-01-03,0.00729440962714811,90603.1875
2026-01-04,0.00890368994760671,91413.4921875
2026-01-05,0.0266514983813639,93882.5546875
2026-01-06,-0.00163660971149859,93729.03125
2026-01-07,-0.0261689672501522,91308.0546875
2026-01-08,-0.00308146689275546,91027.125
2026-01-09,-0.00566293014950681,90513.1015625
2026-01-10,-0.00139804665950471,90386.6484375
2026-01-11,0.00486511090110042,90827.4609375
2026-01-12,0.00401638096268009,91192.9921875
2026-01-13,0.0442802850314781,95321.78125
2026-01-14,0.0167237978218786,96929.328125
2026-01-15,-0.0143200382747555,95551.1875
2026-01-16,-0.000272878551889733,95525.1171875
2026-01-17,-0.00446107205798008,95099.921875
2026-01-18,-0.0155299936581255,93634.4296875
2026-01-19,-0.0116102857616074,92553.59375
2026-01-20,-0.0469242550548223,88310.90625
2026-01-21,0.0119993277601491,89376.9609375
2026-01-22,0.000956077769103558,89462.453125
2026-01-23,0.000462901330921639,89503.875
2026-01-24,-0.0044021176235578,89110.734375
2026-01-25,-0.0289008383617944,86572.21875
2026-01-26,0.0193889405513126,88267.140625
2026-01-27,0.00942027656458144,89102.5703125
2026-01-28,0.000919864500541934,89184.5703125
2026-01-29,-0.0532279495040839,84561.5859375
2026-01-30,-0.00513284742954845,84128.65625
2026-01-31,-0.0677069192719859,78621.1171875
2026-02-01,-0.0211668421472115,76974.4453125
2026-02-02,0.0220269081578213,78688.765625
2026-02-03,-0.0396004693749781,75633.546875
2026-02-04,-0.0351706159417589,73019.703125
2026-02-05,-0.152334408030447,62702.09765625
2026-02-06,0.118003181433476,70555.390625
2026-02-07,-0.0182134028127496,69281.96875
2026-02-08,0.0140852358847461,70264.7265625
2026-02-09,-0.00205071542196933,70120.78125
2026-02-10,-0.0191032375898974,68793.9609375
2026-02-11,-0.0265432212123748,66991.96875
2026-02-12,-0.0115623682748343,66221.84375
2026-02-13,0.0390337693571556,68857.84375
2026-02-14,0.0131259330678493,69767.625
2026-02-15,-0.0141380400688789,68788.1875
2026-02-16,0.000798782478248938,68843.15625
2026-02-17,-0.0197888733002856,67494.21875
2026-02-18,-0.015963632260215,66425.3203125
2026-02-19,0.00798012599470432,66957.5234375
2026-02-20,0.0155289956566325,68005.421875
2026-02-21,-0.0000243549723446534,68003.765625
2026-02-22,-0.00507692359830259,67659.390625
2026-02-23,-0.0460126731356425,64616.73828125
2026-02-24,-0.00834051043874418,64080.04296875
2026-02-25,0.0587881628108722,67960.125
2026-02-26,-0.00747861081240053,67453.7734375
2026-02-27,-0.0235803453997576,65881.796875
2026-02-28,0.0167686372009843,66995.859375
2026-03-01,-0.0189521272552451,65738.1015625
2026-03-02,0.0451739987422588,68775.8515625
2026-03-03,-0.00703592140125409,68293.6484375
2026-03-04,0.0626701105436229,72710.578125
2026-03-05,-0.0260471840906877,70841.125
2026-03-06,-0.0389267622298544,68136.4921875
2026-03-07,-0.012760002816373,67272.59375
2026-03-08,-0.0195561512724627,65969.78125
2026-03-09,0.0362108831336734,68402.3828125
2026-03-10,0.0220430630536832,69926.921875
2026-03-11,0.00396714083102445,70204.8828125
2026-03-12,0.00410208851035776,70493.4609375
2026-03-13,0.00671286123854387,70968.265625
2026-03-14,0.00346539053271044,71214.625
2026-03-15,0.0218791978790236,72789.9140625
2026-03-16,0.0280568061089266,74861.0859375
2026-03-17,-0.0126172785632779,73922.4765625
2026-03-18,-0.0368841742334176,71245.578125
2026-03-19,-0.0188841610476285,69912.7890625
2026-03-20,0.00868443164744903,70522.5859375
2026-03-21,-0.0260161056310171,68711.5234375
2026-03-22,-0.0126881200860858,67845.2109375
2026-03-23,0.0442511930346985,70914.859375
2026-03-24,-0.00561399153169617,70517.859375
2026-03-25,0.0111689244808133,71309.8828125
2026-03-26,-0.0359529188074159,68791.625
2026-03-27,-0.0363134696852079,66338.375
2026-03-28,-0.000281621579139468,66319.6953125
2026-03-29,-0.00551540983370025,65954.921875
2026-03-30,0.0111051817312102,66691.4453125
2026-03-31,0.022856210162578,68233.3125
2026-04-01,-0.00227064425402013,68078.5546875
2026-04-02,-0.0176341492288756,66888.5703125
2026-04-03,0.00063565021250156,66931.1015625
2026-04-04,0.00535554449552933,67290.515625
2026-04-05,0.0248248287948485,68981.8984375
2026-04-06,-0.00177116679333267,68859.828125
2026-04-07,0.0437692500886513,71940.703125
2026-04-08,-0.0114263865929018,71123.359375
2026-04-09,0.00902047398791339,71767.828125
2026-04-10,0.0167360714535274,72979.046875
2026-04-11,0.00103026581869337,73054.2734375
2026-04-12,-0.0320019564160106,70753.40625
2026-04-13,0.0513922577822328,74484.640625
2026-04-14,-0.00407667065899631,74181.609375
2026-04-15,0.00836950468372777,74805.078125
2026-04-16,0.00462872448707152,75152.1328125
2026-04-17,0.0259372965784035,77126.875
2026-04-18,-0.0183274450765047,75726.2109375
2026-04-19,-0.0250023364949232,73856.3515625
2026-04-20,0.0269325972722587,75872.5234375
2026-04-21,0.00630974750194646,76352.7734375
2026-04-22,0.023944952373343,78203.1015625
2026-04-23,0.000841703862318965,78268.953125
2026-04-24,-0.0104498554007009,77455.3125
2026-04-25,0.00202109858004285,77612.015625
2026-04-26,0.0133812250281391,78657.5390625
2026-04-27,-0.016547994707933,77366.625
2026-04-28,-0.0132186544907373,76350.671875
2026-04-29,-0.00755345904174121,75776.1328125
2026-04-30,0.00694618687513504,76304.3203125
2026-05-01,0.0242715098940351,78179
2026-05-02,0.0060987365147831,78657.25
2026-05-03,-0.00151433696246528,78538.2265625
2026-05-04,0.0162876768649074,79827.90625
2026-05-05,0.0136750438065238,80927.0546875
2026-05-06,0.00616524805727359,81427.53125
2026-05-07,-0.0175619083509027,80009.9921875
2026-05-08,0.00220695489302081,80186.765625
2026-05-09,0.00593844703118762,80664.3671875
2026-05-10,0.0181151469567915,82138.9296875
2026-05-11,-0.00501178521948908,81728.296875
2026-05-12,-0.0154227477056672,80477.4921875
2026-05-13,-0.0150280182312361,79277.1171875
2026-05-14,0.0221321436988227,81051.25
2026-05-15,-0.0248027751369673,79065.6796875
2026-05-16,-0.0118863908425748,78131.4375
2026-05-17,-0.00902657679785435,77429.3515625
2026-05-18,-0.00615585364912086,76954.171875
2026-05-19,-0.0026448799997123,76750.90625
2026-05-20,0.00916773478361499,77457.7734375
2026-05-21,0.00105032321532583,77539.171875
2026-05-22,-0.0268063407026222,75488.2421875
2026-05-23,0.0155775030224188,76673.3671875
2026-05-24,0.00400584740039456,76981.125
2026-05-25,0.0038740181286947,77279.9296875
2026-05-26,-0.0189965414050324,75825.734375
2026-05-27,-0.0197253107241089,74344.703125
2026-05-28,-0.0109298026618863,73536.5546875
2026-05-29,-0.00223309982280995,73372.5234375
2026-05-30,0.00519703965490237,73754.8359375
2026-05-31,-0.00237756251447685,73579.6875
2026-06-01,-0.0311953863032937,71319.7734375
2026-06-02,-0.0669138485252585,66703.65625
2026-06-03,-0.0411522222901919,64014.3671875
2026-06-04,-0.00332968114943633,63801.57421875
2026-06-05,-0.0461725426252126,60922.66796875
2026-06-06,-0.000907363048277432,60867.4140625
2026-06-07,0.0382314561194157,63239.51953125
2026-06-08,-0.00235778718518453,63090.58984375
2026-06-09,-0.0231992749169727,61643.78125
2026-06-10,-0.00316008608540663,61449.2890625
2026-06-11,0.0337886685240658,63561.0546875
2026-06-12,-0.000280957848675101,63543.19921875
2026-06-13,0.013724722455704,64421.32421875
2026-06-14,0.0198124847553167,65710.3984375
2026-06-15,0.00877432914288434,66289.5
2026-06-16,-0.0104460520817167,65600.640625
2026-06-17,-0.0181854515308633,64418.4453125
2026-06-18,-0.0239099264595435,62896.47265625
2026-06-19,0.0101927013006602,63540.8359375
2026-06-20,0.0109382377964078,64239.67578125
2026-06-21,-0.0157229253051465,63237.5390625
2026-06-22,0.0112363538248417,63952.10546875
2026-06-23,-0.0202831889602724,62668.01953125
2026-06-24,-0.0270571911625357,60995.1328125
2026-06-25,-0.0210990381164695,59721.67578125
2026-06-26,0.00492331994858475,60016.4296875
2026-06-27,-0.00127266174243346,59940.09765625
2026-06-28,-0.00682599944047269,59532.33984375
2026-06-29,0.010128530183577,60138.37890625
2026-06-30,-0.0266158302862625,58558.859375
2026-07-01,0.024374798891813,60003.7578125
2026-07-02,0.02439094408839,61485.30078125
2026-07-03,0.0170753597454709,62544.19921875
2026-07-04,0.00866191238397107,63088.3046875
2026-07-05,0.0072582750905088,63547.8828125
2026-07-06,0.00701151768983976,63995.015625
2026-07-07,-0.0109610318081774,63297.39453125
2026-07-08,-0.0165639655193477,62257.57421875
2026-07-09,0.0149156823369854,63193.1484375
2026-07-10,0.014671800523157,64127.140625
2026-07-11,-0.00508271860635645,63802.02734375
2026-07-12,-0.000686869096194087,63758.21875
2026-07-13,-0.0241143387714366,62239.12109375
2026-07-14,0.0427281030442597,64956.11328125
2026-07-15,-0.00375941096478982,64712.375
2026-07-16,-0.0143672798551755,63789.28125
2026-07-17,0.00172575456469204,63899.4609375
2026-07-18,0.0139422316447515,64796.6015625
2026-07-19,-0.00163408784847618,64690.8046875
2026-07-20,0.00830083588638963,65230.02734375
2026-07-21,0.0193591073637158,66505.125
2026-07-22,-0.00609820997886956,66100.796875
2026-07-23,-0.0161043469529094,65044.8125
2026-07-24,-0.0146555536542277,64098.49609375
2026-07-25,0.00332242177143272,64311.8125
2026-07-26,0.0158656859403976,65340.30078125
2026-07-27,-0.0250336529885953,63724.8984375
2026-07-28,0.00229575547285599,63871.36328125
2026-07-29,0.000576065480251131,63908.16796875
2026-07-30,0.0127051159419551,64725.30859375
2026-07-31,-0.0299783570286358,62813.74609375
2026-08-01,-0.000803104984109737,62763.3203125
2026-08-02,0.0113855697670751,63482
2026-08-03,-0.000332457553026799,63460.8984375
2026-08-04,0.00933302539348446,64055.953125
2026-08-05,0.00841874136080101,64597.5
2026-08-06,-0.00520547078387779,64262.11328125
2026-08-07,0.00957212039536692,64880.19140625
2026-08-08,0.0003774876433571,64904.6875
2026-08-09,-0.000921787772243832,64844.88671875
2026-08-10,-0.0145130480455684,63910.5859375
2026-08-11,-0.0056285102588145,63551.875
2026-08-12,-0.00235425606155282,63402.43359375
2026-08-13,-0.00000412790606496571,63402.171875
2026-08-14,-0.0067508670210934,62975.59375
2026-08-15,0.000773438066074661,63024.3203125
2026-08-16,-0.00326864738686261,62818.65234375
2026-08-17,0.0265101376702308,64506.25390625
2026-08-18,0.0027008473728003,64680.7109375
2026-08-19,0.0684938460027027,69266.1875
2026-08-20,0.0529512053897623,73032.7578125
2026-08-21,0.0700888177551633,78335.1875
2026-08-22,-0.0161087603875067,77083.4140625
2026-08-23,0.00867813882531543,77755.265625
2026-08-24,0.01543191266253,78964.484375
2026-08-25,-0.00507217718683073,78564.9765625
2026-08-26,0.00586889525705381,79027.421875
2026-08-27,0.0154457977224052,80257.5390625
2026-08-30,-0.0280956726854633,78034.03125
