"date","log_return","price"
2017-01-04,0.00352414756299435,110.860000610352
2017-01-05,0.0153959468030909,112.580001831055
2017-01-06,-0.00739986280667804,111.75
2017-01-09,0.00819894243091213,112.669998168945
2017-01-10,0.00425120964040815,113.150001525879
2017-01-11,0.00308845135645885,113.5
2017-01-12,0.00360585813950998,113.910003662109
2017-01-13,0.00263015598537297,114.209999084473
2017-01-17,0.0142573866608844,115.849998474121
2017-01-18,-0.00849515963956105,114.870002746582
2017-01-19,-0.000870981624312428,114.769996643066
2017-01-20,0.00243674656351445,115.050003051758
2017-01-23,0.00641137052410734,115.790000915527
2017-01-24,-0.00450104004040508,115.269996643066
2017-01-25,-0.00827564253844315,114.319999694824
2017-01-26,-0.00931545140516921,113.26000213623
2017-01-27,0.00202862894301958,113.48999786377
2017-01-30,0.00422055808840938,113.970001220703
2017-01-31,0.0137680965527167,115.550003051758
2017-02-01,-0.00303364136026385,115.199996948242
2017-02-02,0.00554017525305461,115.839996337891
2017-02-03,0.00250033258284788,116.129997253418
2017-02-06,0.0134287587312167,117.699996948242
2017-02-07,-0.0020411460379588,117.459999084473
2017-02-08,0.00619567738077365,118.190002441406
2017-02-09,-0.00764401134168491,117.290000915527
2017-02-10,0.00263951415027908,117.599998474121
2017-02-13,-0.00682592596717591,116.800003051758
2017-02-14,0.00111237123993835,116.930000305176
2017-02-15,0.00443721735932989,117.449996948242
2017-02-16,0.00534969123760387,118.080001831055
2017-02-17,-0.00339329747261186,117.680000305176
2017-02-21,0.000594654010076745,117.75
2017-02-22,0.00135791975056865,117.910003662109
2017-02-23,0.00869753215772029,118.940002441406
2017-02-24,0.0063694022640588,119.699996948242
2017-02-27,-0.00485717563585109,119.120002746582
2017-02-28,0.000923017540125137,119.230003356934
2017-03-01,-0.00142688175358519,119.059997558594
2017-03-02,-0.0125085786726133,117.580001831055
2017-03-03,-0.000595514021963339,117.51000213623
2017-03-06,-0.00674553985206838,116.720001220703
2017-03-07,-0.00808608656535892,115.779998779297
2017-03-08,-0.00623811789096163,115.059997558594
2017-03-09,-0.00514091962225649,114.470001220703
2017-03-10,0.00218159689768616,114.720001220703
2017-03-13,0.000174293063687436,114.73999786377
2017-03-14,-0.00541813014292547,114.120002746582
2017-03-15,0.0184924940546765,116.25
2017-03-16,0.00412055995521055,116.730003356934
2017-03-17,0.00222483837689236,116.98999786377
2017-03-20,0.00443501172541794,117.51000213623
2017-03-21,0.0087270095580676,118.540000915527
2017-03-22,0.00244345162790793,118.830001831055
2017-03-23,-0.0013473994637172,118.669998168945
2017-03-24,0.00159981882631577,118.860000610352
2017-03-27,0.00562104060380353,119.529998779297
2017-03-28,-0.00410779690166052,119.040000915527
2017-03-29,0.00243320095032296,119.330001831055
2017-03-30,-0.00723300545545857,118.470001220703
2017-03-31,0.00210801543070449,118.720001220703
2017-04-03,0.00529255029865716,119.349998474121
2017-04-04,0.00225973457737361,119.620002746582
2017-04-05,0,119.620002746582
2017-04-06,-0.00368511669784155,119.180000305176
2017-04-07,0.00234662176081546,119.459999084473
2017-04-10,0,119.459999084473
2017-04-11,0.0143780024853966,121.190002441406
2017-04-12,0.00682535608669266,122.019996643066
2017-04-13,0.00474207284374994,122.599998474121
2017-04-17,-0.00294070311361416,122.23999786377
2017-04-18,0.00473355847401091,122.819999694824
2017-04-19,-0.00891436141812907,121.730003356934
2017-04-20,0.00188760961488565,121.959999084473
2017-04-21,0.0028656709251953,122.309997558594
2017-04-24,-0.00680911772728621,121.480003356934
2017-04-25,-0.0101767588253088,120.25
2017-04-26,0.00489441722716055,120.839996337891
2017-04-27,-0.00373085833588238,120.389999389648
2017-04-28,0.003151414614047,120.769996643066
2017-05-01,-0.00914994320663709,119.669998168945
2017-05-02,-0.000167112177322792,119.650001525879
2017-05-03,-0.0140556800788945,117.980003356934
2017-05-04,-0.0101376888987765,116.790000915527
2017-05-05,0.00188196135812113,117.01000213623
2017-05-08,-0.00222452293867903,116.75
2017-05-09,-0.0060137375316387,116.050003051758
2017-05-10,-0.0000861918744083923,116.040000915527
2017-05-11,0.00395630586279605,116.5
2017-05-12,0.00282862939611395,116.830001831055
2017-05-15,0.00264989304932151,117.139999389648
2017-05-16,0.00434433269182666,117.650001525879
2017-05-17,0.0180260892429915,119.790000915527
2017-05-18,-0.00821465946464173,118.809997558594
2017-05-19,0.00495365581668938,119.400001525879
2017-05-22,0.00417886102167397,119.900001525879
2017-05-23,-0.00635880768216701,119.139999389648
2017-05-24,0.003937188086657,119.610000610352
2017-05-25,-0.00108743372011588,119.480003356934
2017-05-26,0.00883263420600944,120.540000915527
2017-05-30,-0.00332393130843478,120.139999389648
2017-05-31,0.00398740645169671,120.620002746582
2017-06-01,0.00082869377807171,120.720001220703
2017-06-02,0.00734538344038604,121.610000610352
2017-06-05,0.000986296986550173,121.730003356934
2017-06-06,0.0111915157965816,123.099998474121
2017-06-07,-0.00529426231927044,122.449996948242
2017-06-08,-0.00655467670297494,121.650001525879
2017-06-09,-0.0091664261226061,120.540000915527
2017-06-12,-0.00149439881722024,120.360000610352
2017-06-13,0.000996535081683625,120.480003356934
2017-06-14,-0.00549317780575098,119.819999694824
2017-06-15,-0.00418165701990425,119.319999694824
2017-06-16,0.000167574318659547,119.339996337891
2017-06-19,-0.00765446009733317,118.430000305176
2017-06-20,-0.00211318281042416,118.180000305176
2017-06-21,0.00287280588176575,118.519996643066
2017-06-22,0.00336928835094064,118.919998168945
2017-06-23,0.00427944550307302,119.430000305176
2017-06-26,-0.00899959554685648,118.360000610352
2017-06-27,0.00379472523261981,118.809997558594
2017-06-28,0.00075725860866438,118.900001525879
2017-06-29,-0.00489000070672851,118.319999694824
2017-06-30,-0.0025387426380501,118.019996643066
2017-07-03,-0.0164883523807431,116.089996337891
2017-07-05,0.00369718247678819,116.519996643066
2017-07-06,-0.000429163685900846,116.470001220703
2017-07-07,-0.0102697984931588,115.279998779297
2017-07-10,0.00164682543312988,115.470001220703
2017-07-11,0.0012982088742115,115.620002746582
2017-07-12,0.00353979242929192,116.029998779297
2017-07-13,-0.00181150867614299,115.819999694824
2017-07-14,0.00816890017664029,116.769996643066
2017-07-17,0.00444334899971732,117.290000915527
2017-07-18,0.00696689045232279,118.110000610352
2017-07-19,-0.000254022432347512,118.080001831055
2017-07-20,0.00135406277392747,118.23999786377
2017-07-21,0.00858956247435039,119.26000213623
2017-07-24,0.000419125817655797,119.309997558594
2017-07-25,-0.00327414469246445,118.919998168945
2017-07-26,0.00804023680483645,119.879997253418
2017-07-27,-0.000751002151358371,119.790000915527
2017-07-28,0.00748507747253413,120.690002441406
2017-07-31,0.00049699767413891,120.75
2017-08-01,-0.00082848781448952,120.650001525879
2017-08-02,-0.0020742591700591,120.400001525879
2017-08-03,0.00157678619909962,120.589996337891
2017-08-04,-0.00782550463999776,119.650001525879
2017-08-07,-0.00117075935353661,119.51000213623
2017-08-08,0.00292433236854439,119.860000610352
2017-08-09,0.0120248325352339,121.309997558594
2017-08-10,0.00739163630100403,122.209999084473
2017-08-11,0.00473471766998124,122.790000915527
2017-08-14,-0.00711050970861926,121.919998168945
2017-08-15,-0.00773980649323658,120.980003356934
2017-08-16,0.00732965494578597,121.870002746582
2017-08-17,0.00507445118716188,122.48999786377
2017-08-18,-0.00155230891337954,122.300003051758
2017-08-21,0.00375417950704193,122.76000213623
2017-08-22,-0.00449037819473563,122.209999084473
2017-08-23,0.00375693915950848,122.669998168945
2017-08-24,-0.00310252743018502,122.290000915527
2017-08-25,0.0036729988686286,122.73999786377
2017-08-28,0.0157623970318692,124.690002441406
2017-08-29,-0.0021677522181518,124.419998168945
2017-08-30,-0.000482334271656448,124.360000610352
2017-08-31,0.0116717216178941,125.819999694824
2017-09-01,0.00190565300155754,126.059997558594
2017-09-05,0.0110446179853421,127.459999084473
2017-09-06,-0.00511269870895426,126.809997558594
2017-09-07,0.0103555276354195,128.130004882812
2017-09-08,-0.00124954064127003,127.970001220703
2017-09-11,-0.0140071439765981,126.190002441406
2017-09-12,0.00292775771695375,126.559997558594
2017-09-13,-0.00753461117057697,125.610000610352
2017-09-14,0.00436909812402053,126.160003662109
2017-09-15,-0.00500620757655934,125.529998779297
2017-09-18,-0.00936417400722878,124.360000610352
2017-09-19,0.00208853905723849,124.620002746582
2017-09-20,-0.00805676270666389,123.620002746582
2017-09-21,-0.00763302471544236,122.680000305176
2017-09-22,0.00455431466093525,123.23999786377
2017-09-25,0.0104129845360132,124.529998779297
2017-09-26,-0.0112247264040768,123.139999389648
2017-09-27,-0.00946479013782753,121.980003356934
2017-09-28,0.00188374456981055,122.209999084473
2017-09-29,-0.00516837157741268,121.580001831055
2017-10-02,-0.00668461488987315,120.769996643066
2017-10-03,0.000496731701995046,120.830001831055
2017-10-04,0.00280988893878842,121.169998168945
2017-10-05,-0.00537881672362595,120.519996643066
2017-10-06,0.00471835411504973,121.089996337891
2017-10-09,0.00814254201155418,122.080001831055
2017-10-10,0.00261780000959977,122.400001525879
2017-10-11,0.00318120408390588,122.790000915527
2017-10-12,0.000814054701393729,122.889999389648
2017-10-13,0.00753925429655666,123.819999694824
2017-10-16,-0.00688846251521991,122.970001220703
2017-10-17,-0.00685440441719987,122.129997253418
2017-10-18,-0.00377358194398791,121.669998168945
2017-10-19,0.00590021565730225,122.389999389648
2017-10-20,-0.00639345439547334,121.610000610352
2017-10-23,0.00156117231944464,121.800003051758
2017-10-24,-0.00386625917597261,121.330001831055
2017-10-25,0.000164798443106129,121.349998474121
2017-10-26,-0.00844093593139839,120.330001831055
2017-10-27,0.00472578657473299,120.900001525879
2017-10-30,0.00190055611230022,121.129997253418
2017-10-31,-0.00380479444260473,120.669998168945
2017-11-01,0.00363969666116315,121.110000610352
2017-11-02,0.000660353553068482,121.190002441406
2017-11-03,-0.00471445133229764,120.620002746582
2017-11-06,0.00850295097934417,121.650001525879
2017-11-07,-0.00362351084353296,121.209999084473
2017-11-08,0.00345905611970476,121.629997253418
2017-11-09,0.00410240164510078,122.129997253418
2017-11-10,-0.00822170233994601,121.129997253418
2017-11-13,0.00148490630343012,121.309997558594
2017-11-14,0.00205871530715385,121.559997558594
2017-11-15,-0.00123467024558632,121.410003662109
2017-11-16,-0.0000823865246282196,121.400001525879
2017-11-17,0.0119546095092273,122.860000610352
2017-11-20,-0.0126962680461666,121.309997558594
2017-11-21,0.00164734884373985,121.51000213623
2017-11-22,0.00917508787540822,122.629997253418
2017-11-24,-0.00253111025071551,122.319999694824
2017-11-27,0.0041607413323197,122.830001831055
2017-11-28,-0.000162874715476491,122.809997558594
2017-11-29,-0.00628955839242096,122.040000915527
2017-11-30,-0.00773222939144169,121.099998474121
2017-12-01,0.00403806123092831,121.589996337891
2017-12-04,-0.00337765315460814,121.180000305176
2017-12-05,-0.0071221883700483,120.319999694824
2017-12-06,-0.00207995416418427,120.069999694824
2017-12-07,-0.0132463527011124,118.48999786377
2017-12-08,-0.0000843525069873508,118.480003356934
2017-12-11,-0.00397481355310703,118.01000213623
2017-12-12,0.00118563180790598,118.150001525879
2017-12-13,0.00859601318997338,119.169998168945
2017-12-14,-0.00201594243248504,118.930000305176
2017-12-15,0.0020998705742965,119.180000305176
2017-12-18,0.00460427788682072,119.730003356934
2017-12-19,0.000751378342544129,119.819999694824
2017-12-20,0.00266711023285282,120.139999389648
2017-12-21,0.00141400041112405,120.309997558594
2017-12-22,0.00522285027918379,120.940002441406
2017-12-26,0.00683941691910661,121.769996643066
2017-12-27,0.00377055130214909,122.230003356934
2017-12-28,0.00505954329327807,122.849998474121
2017-12-29,0.00649091976121063,123.650001525879
2018-01-02,0.0120580237624512,125.150001525879
2018-01-03,-0.00264033300921351,124.819999694824
2018-01-04,0.00511427831026268,125.459999084473
2018-01-05,-0.0010367021379345,125.330001831055
2018-01-08,-0.00015962553903659,125.309997558594
2018-01-09,-0.00463921964304159,124.730003356934
2018-01-10,0.00240227069240717,125.029998779297
2018-01-11,0.0032738773212122,125.440002441406
2018-01-12,0.0120444929421666,126.959999084473
2018-01-16,0.00165269062716966,127.169998168945
2018-01-17,-0.00813236323735378,126.139999389648
2018-01-18,-0.00222221344858564,125.860000610352
2018-01-19,0.00443949961201628,126.419998168945
2018-01-22,0.00181770593543007,126.650001525879
2018-01-23,0.004961985943158,127.279998779297
2018-01-24,0.012104345577546,128.830001831055
2018-01-25,-0.00669784902790305,127.970001220703
2018-01-26,0.000781175638679521,128.070007324219
2018-01-29,-0.00563785718347098,127.349998474121
2018-01-30,-0.00432812337307542,126.800003051758
2018-01-31,0.00668108957049096,127.650001525879
2018-02-01,0.00328489098605544,128.070007324219
2018-02-02,-0.0132046867972404,126.389999389648
2018-02-05,0.00252864375551898,126.709999084473
2018-02-06,-0.010551899645681,125.379997253418
2018-02-07,-0.00471677208345334,124.790000915527
2018-02-08,0.00152141950439511,124.980003356934
2018-02-09,-0.00168173584274633,124.769996643066
2018-02-12,0.00479737151778714,125.370002746582
2018-02-13,0.00564725359678508,126.080001831055
2018-02-14,0.0169088525197649,128.229995727539
2018-02-15,0.00116916076539741,128.380004882812
2018-02-16,-0.0032769459911659,127.959999084473
2018-02-20,-0.0135328677509383,126.23999786377
2018-02-21,-0.00460496405778521,125.660003662109
2018-02-22,0.00508017740141398,126.300003051758
2018-02-23,-0.0012676571223933,126.139999389648
2018-02-26,0.00245455258504546,126.449996948242
2018-02-27,-0.0104937740547317,125.129997253418
2018-02-28,-0.00103943762483372,125
2018-03-01,-0.00224250276523108,124.720001220703
2018-03-02,0.00535764079775092,125.389999389648
2018-03-05,-0.00167617140037013,125.180000305176
2018-03-06,0.0107267206191821,126.529998779297
2018-03-07,-0.0064222029145693,125.720001220703
2018-03-08,-0.00238913112357331,125.419998168945
2018-03-09,0.000956349666608958,125.540000915527
2018-03-12,0,125.540000915527
2018-03-13,0.00190989922819185,125.779998779297
2018-03-14,-0.000636248092194869,125.699996948242
2018-03-15,-0.00638466196975962,124.900001525879
2018-03-16,-0.00240483524120361,124.599998474121
2018-03-19,0.00216462401545137,124.870002746582
2018-03-20,-0.00449479195862157,124.309997558594
2018-03-21,0.0173057932784735,126.480003356934
2018-03-22,-0.00396102860209435,125.980003356934
2018-03-23,0.012855551688487,127.610000610352
2018-03-26,0.0052366227801981,128.279998779297
2018-03-27,-0.00617745191505925,127.48999786377
2018-03-28,-0.0139011360893351,125.730003356934
2018-03-29,0.000477079824368509,125.790000915527
2018-04-02,0.0116183974619908,127.26000213623
2018-04-03,-0.00757220107177758,126.300003051758
2018-04-04,0.00118689546265216,126.449996948242
2018-04-05,-0.00515358045672087,125.800003051758
2018-04-06,0.00467899130477623,126.389999389648
2018-04-09,0.00339639603559405,126.819999694824
2018-04-10,0.00236278796915901,127.120002746582
2018-04-11,0.00775773079794462,128.110000610352
2018-04-12,-0.0116987778251056,126.620002746582
2018-04-13,0.00653361006986408,127.449996948242
2018-04-16,0.00141132459734283,127.629997253418
2018-04-17,0.000939797609092352,127.75
2018-04-18,0.000782460718466993,127.849998474121
2018-04-19,-0.00195733084988969,127.599998474121
2018-04-20,-0.00763093217969502,126.629997253418
2018-04-23,-0.00800792788225202,125.620002746582
2018-04-24,0.00484416746811167,126.230003356934
2018-04-25,-0.00651726732150237,125.410003662109
2018-04-26,-0.00351468077139128,124.970001220703
2018-04-27,0.00423204030617708,125.5
2018-04-30,-0.0072774416543524,124.589996337891
2018-05-01,-0.00708820744333938,123.709999084473
2018-05-02,-0.000485103166415257,123.650001525879
2018-05-03,0.00508206839491354,124.279998779297
2018-05-04,0.00208988209293182,124.540000915527
2018-05-07,0.000240847652590581,124.569999694824
2018-05-08,0.000160512469318697,124.589996337891
2018-05-09,-0.00208898122526424,124.330001831055
2018-05-10,0.00681336824222889,125.180000305176
2018-05-11,-0.00143896663214971,125
2018-05-14,-0.00408836306846272,124.48999786377
2018-05-15,-0.0162775954763967,122.480003356934
2018-05-16,-0.00155249806963731,122.290000915527
2018-05-17,0.000572243583060406,122.360000610352
2018-05-18,0.00040857173330533,122.410003662109
2018-05-21,0.000571682753271574,122.480003356934
2018-05-22,-0.000571682753271574,122.410003662109
2018-05-23,0.00106141876459098,122.540000915527
2018-05-24,0.00853209120176857,123.589996337891
2018-05-25,-0.00307939676457814,123.209999084473
2018-05-29,-0.000162310413851507,123.190002441406
2018-05-30,0.00146009355423793,123.370002746582
2018-05-31,-0.00219097155137238,123.099998474121
2018-06-01,-0.00496764423541141,122.48999786377
2018-06-04,-0.000980112117081156,122.370002746582
2018-06-05,0.00391482210404792,122.849998474121
2018-06-06,0.000569635819450021,122.919998168945
2018-06-07,-0.000488221662327426,122.860000610352
2018-06-08,0.00122016954336512,123.01000213623
2018-06-11,0.00178688494422641,123.230003356934
2018-06-12,-0.00333268877472204,122.819999694824
2018-06-13,0.003008032375587,123.190002441406
2018-06-14,0.00154110272823083,123.379997253418
2018-06-15,-0.0166725091867415,121.339996337891
2018-06-18,-0.0018972637609842,121.110000610352
2018-06-19,-0.0025629178089952,120.800003051758
2018-06-20,-0.00448022738875498,120.26000213623
2018-06-21,-0.00174773528687044,120.050003051758
2018-06-22,0.00241269127286436,120.339996337891
2018-06-25,-0.00374638873221667,119.889999389648
2018-06-26,-0.00526864902129276,119.26000213623
2018-06-27,-0.00571814788660507,118.580001831055
2018-06-28,-0.00304054799882092,118.220001220703
2018-06-29,0.003630690020195,118.650001525879
2018-07-02,-0.0100801534421109,117.459999084473
2018-07-03,0.0100801534421109,118.650001525879
2018-07-05,0.0033656028250153,119.050003051758
2018-07-06,-0.00159726349356326,118.860000610352
2018-07-09,0.0024368812775597,119.150001525879
2018-07-10,-0.0018481290459551,118.930000305176
2018-07-11,-0.0109059788076706,117.639999389648
2018-07-12,0.00415658121242934,118.129997253418
2018-07-13,-0.00441161865735573,117.610000610352
2018-07-16,-0.000510270105130495,117.550003051758
2018-07-17,-0.010862735754726,116.279998779297
2018-07-18,0.000257954167724783,116.309997558594
2018-07-19,-0.00430812324528596,115.809997558594
2018-07-20,0.00645524482630844,116.559997558594
2018-07-23,-0.00481594983509481,116
2018-07-24,0.000344776036595107,116.040000915527
2018-07-25,0.00550018047205469,116.680000305176
2018-07-26,-0.00782971239395369,115.769996643066
2018-07-27,0.00051817953131561,115.830001831055
2018-07-30,-0.00155521288098992,115.650001525879
2018-07-31,0.00293556020503072,115.98999786377
2018-08-01,-0.00735518812970515,115.139999389648
2018-08-02,-0.00539932302987545,114.519996643066
2018-08-03,0.00348676726095398,114.919998168945
2018-08-06,-0.0051471986083893,114.330001831055
2018-08-07,0.00227148891058704,114.589996337891
2018-08-08,0.00278873665892387,114.910003662109
2018-08-09,-0.00148056458319701,114.73999786377
2018-08-10,-0.000435822892281834,114.690002441406
2018-08-13,-0.0151990920233818,112.959999084473
2018-08-14,0.000973327608103425,113.069999694824
2018-08-15,-0.0167666215759308,111.190002441406
2018-08-16,-0.000809788760923524,111.099998474121
2018-08-17,0.00922820506686595,112.129997253418
2018-08-20,0.00498181965089106,112.690002441406
2018-08-21,0.00292405687051911,113.019996643066
2018-08-22,0.00220955507648135,113.269996643066
2018-08-23,-0.00949135368673026,112.199996948242
2018-08-24,0.0173180393579964,114.160003662109
2018-08-27,0.00375950323266405,114.589996337891
2018-08-28,-0.00797302200662653,113.680000305176
2018-08-29,0.00456378402562496,114.199996948242
2018-08-30,-0.00491571888392084,113.639999389648
2018-08-31,-0.00114459402806233,113.51000213623
2018-09-04,-0.00512279714908015,112.930000305176
2018-09-05,0.00344751183134839,113.319999694824
2018-09-06,0.00193953353678733,113.540000915527
2018-09-07,-0.00273402783307741,113.230003356934
2018-09-10,-0.000706792407982881,113.150001525879
2018-09-11,0.000618453825206977,113.220001220703
2018-09-12,0.0083557102600631,114.169998168945
2018-09-13,-0.00359756481694085,113.76000213623
2018-09-14,-0.00652622033375128,113.019996643066
2018-09-17,0.00520677145457693,113.610000610352
2018-09-18,-0.00149745164877224,113.440002441406
2018-09-19,0.0038711539862426,113.879997253418
2018-09-20,0.00341880148979001,114.269996643066
2018-09-21,-0.00684933129143861,113.48999786377
2018-09-24,-0.00017621292913983,113.470001220703
2018-09-25,0.0015850681638403,113.650001525879
2018-09-26,-0.00529333800593523,113.050003051758
2018-09-27,-0.00888499823612587,112.050003051758
2018-09-28,0.00631645770822864,112.76000213623
2018-10-01,-0.00168643753511777,112.569999694824
2018-10-02,0.0114822232871186,113.870002746582
2018-10-03,-0.0039597445009818,113.419998168945
2018-10-04,0.000528913080508175,113.480003356934
2018-10-05,0.00281590898671258,113.800003051758
2018-10-08,-0.0111338263688214,112.540000915527
2018-10-09,0.000532980014005702,112.599998474121
2018-10-10,0.00248358105841628,112.879997253418
2018-10-11,0.0253665448948759,115.779998779297
2018-10-12,-0.00476166794917443,115.230003356934
2018-10-15,0.0066600309479794,116
2018-10-16,-0.00172559961377594,115.800003051758
2018-10-17,-0.0000863779616153693,115.790000915527
2018-10-18,0.00112206868560616,115.919998168945
2018-10-19,0.00077613048492875,116.01000213623
2018-10-22,-0.00258935972551999,115.709999084473
2018-10-23,0.00585956273387644,116.389999389648
2018-10-24,0.00231713700692904,116.660003662109
2018-10-25,-0.00223120431053125,116.400001525879
2018-10-26,0.00317361093310708,116.769996643066
2018-10-29,-0.00394713997893259,116.309997558594
2018-10-30,-0.00439442786784827,115.800003051758
2018-10-31,-0.00562895197466684,115.150001525879
2018-11-01,0.0127708676355036,116.629997253418
2018-11-02,0.000171504394844035,116.650001525879
2018-11-05,-0.00240321782613595,116.370002746582
2018-11-06,-0.00283982657917381,116.040000915527
2018-11-07,-0.0000861993040874864,116.029998779297
2018-11-08,-0.00215693973131259,115.779998779297
2018-11-09,-0.0112916635360456,114.480003356934
2018-11-12,-0.00718859648267856,113.660003662109
2018-11-13,0.000351805827216722,113.699996948242
2018-11-14,0.00823340427979247,114.639999389648
2018-11-15,0.00113331824750684,114.769996643066
2018-11-16,0.0073788789662288,115.620002746582
2018-11-19,0.00043231806774191,115.669998168945
2018-11-20,0,115.669998168945
2018-11-21,0.0016412774591652,115.860000610352
2018-11-23,-0.000777135715426702,115.769996643066
2018-11-26,-0.00112352335094723,115.639999389648
2018-11-27,-0.00598468720949086,114.949996948242
2018-11-28,0.00373378036345784,115.379997253418
2018-11-29,0.00311527266446276,115.73999786377
2018-11-30,-0.0017294794115239,115.540000915527
2018-12-03,0.00750167544184777,116.410003662109
2018-12-04,0.00608059994514232,117.120002746582
2018-12-06,0.000170721787181805,117.139999389648
2018-12-07,0.0080772191508256,118.089996337891
2018-12-10,-0.00347793571556654,117.680000305176
2018-12-11,-0.00119036991287569,117.540000915527
2018-12-12,0.00212467676965744,117.790000915527
2018-12-13,-0.00220977598478012,117.529998779297
2018-12-14,-0.00400700675140175,117.059997558594
2018-12-17,0.00689574253321812,117.870002746582
2018-12-18,0.00237267100740901,118.150001525879
2018-12-19,-0.00611260257189805,117.430000305176
2018-12-20,0.0152958369187068,119.23999786377
2018-12-21,-0.00437046119321316,118.720001220703
2018-12-24,0.0108905778903088,120.019996643066
2018-12-26,-0.00300394902540635,119.660003662109
2018-12-27,0.00757607603193566,120.569999694824
2018-12-28,0.00405577569851889,121.059997558594
2018-12-31,0.00156825952096273,121.25
2019-01-02,0.00065959133771365,121.330001831055
2019-01-03,0.00902531942317264,122.430000305176
2019-01-04,-0.00811910682735295,121.440002441406
2019-01-07,0.0034525160778518,121.860000610352
2019-01-08,-0.00271171399072845,121.529998779297
2019-01-09,0.00639764970021606,122.309997558594
2019-01-10,-0.00590408634864659,121.589996337891
2019-01-11,0.0017256811414601,121.800003051758
2019-01-14,0.00237806735432233,122.089996337891
2019-01-15,-0.00172151610322668,121.879997253418
2019-01-16,0.00319475511863576,122.269996643066
2019-01-17,-0.00130940385770462,122.110000610352
2019-01-18,-0.00896648938779876,121.019996643066
2019-01-22,0.00354683686498536,121.449996948242
2019-01-23,-0.0014007184915954,121.279998779297
2019-01-24,-0.00156787130549407,121.089996337891
2019-01-25,0.0145114601802412,122.860000610352
2019-01-28,0.00349381060262122,123.290000915527
2019-01-29,0.00558097804391977,123.980003356934
2019-01-30,0.00571038723811768,124.690002441406
2019-01-31,0.000481058043325433,124.75
2019-02-01,-0.00200601872686601,124.5
2019-02-04,-0.00434679037088159,123.959999084473
2019-02-05,0.00257814916876509,124.279998779297
2019-02-06,-0.00678184686965988,123.440002441406
2019-02-07,0.00242734500599351,123.73999786377
2019-02-08,0.00379110134632121,124.209999084473
2019-02-11,-0.00492314150700857,123.599998474121
2019-02-12,0.00210136775937642,123.860000610352
2019-02-13,-0.00396390809132985,123.370002746582
2019-02-14,0.00557730751939545,124.059997558594
2019-02-15,0.00594718052278065,124.800003051758
2019-02-19,0.0151095828520926,126.699996948242
2019-02-20,-0.00173784379817032,126.480003356934
2019-02-21,-0.0113705377145079,125.050003051758
2019-02-22,0.00359207684391016,125.5
2019-02-25,-0.00103637153609615,125.370002746582
2019-02-26,0.001673633231003,125.580001831055
2019-02-27,-0.00711234367844327,124.690002441406
2019-02-28,-0.00562977662560638,123.98999786377
2019-03-01,-0.0171639683803217,121.879997253418
2019-03-04,-0.00262898361774333,121.559997558594
2019-03-05,0.00131538709291945,121.720001220703
2019-03-06,-0.000904127045716407,121.610000610352
2019-03-07,-0.000822626510617042,121.51000213623
2019-03-08,0.0108860842593774,122.839996337891
2019-03-11,-0.00489635781809206,122.23999786377
2019-03-12,0.00603545987940191,122.980003356934
2019-03-13,0.00696861244821534,123.839996337891
2019-03-14,-0.0116142842659492,122.410003662109
2019-03-15,0.00456433710702253,122.970001220703
2019-03-18,0.000569080087032603,123.040000915527
2019-03-19,0.0027594883221056,123.379997253418
2019-03-20,0.00646312687394346,124.180000305176
2019-03-21,-0.00403454108769985,123.680000305176
2019-03-22,0.00234202339024314,123.970001220703
2019-03-25,0.00763390706024136,124.919998168945
2019-03-26,-0.00497549468884273,124.300003051758
2019-03-27,-0.00524301676048466,123.650001525879
2019-03-28,-0.0142539573030422,121.900001525879
2019-03-29,0.000901977091203321,122.01000213623
2019-04-01,-0.0039418902576438,121.529998779297
2019-04-02,0.00369598855042153,121.980003356934
2019-04-03,-0.00147674405739195,121.800003051758
2019-04-04,0.00254190251202679,122.110000610352
2019-04-05,-0.00106515845463484,121.980003356934
2019-04-08,0.00433555235460137,122.51000213623
2019-04-09,0.00521046021368399,123.150001525879
2019-04-10,0.00308089470993078,123.529998779297
2019-04-11,-0.0128729320296221,121.949996948242
2019-04-12,-0.000984454241360844,121.830001831055
2019-04-15,-0.00188968841218351,121.599998474121
2019-04-16,-0.00900420221783715,120.51000213623
2019-04-17,-0.00191040679440047,120.279998779297
2019-04-18,0.000748007237988624,120.370002746582
2019-04-22,0,120.370002746582
2019-04-23,-0.00207908922902345,120.120002746582
2019-04-24,0.00290950343115259,120.470001220703
2019-04-25,0.000829725186510366,120.569999694824
2019-04-26,0.00661325914998567,121.370002746582
2019-04-29,-0.00445913955490607,120.830001831055
2019-04-30,0.00305743426250338,121.199996948242
2019-05-01,-0.00662250290756017,120.400001525879
2019-05-02,-0.00382790745254091,119.940002441406
2019-05-03,0.00590216662260001,120.650001525879
2019-05-06,0.00132523860463607,120.809997558594
2019-05-07,0.00330552760635872,121.209999084473
2019-05-08,-0.00247807345513795,120.910003662109
2019-05-09,0.00239555098164423,121.199996948242
2019-05-10,0.00189591912321685,121.430000305176
2019-05-13,0.010159840539079,122.669998168945
2019-05-14,-0.00171336954431478,122.459999084473
2019-05-15,-0.000571776166367499,122.389999389648
2019-05-16,-0.00721608090609038,121.51000213623
2019-05-17,-0.00710277678302429,120.650001525879
2019-05-20,-0.000082905517826859,120.639999389648
2019-05-21,-0.00232364236747173,120.360000610352
2019-05-22,-0.000997529154562748,120.23999786377
2019-05-23,0.00770477545364745,121.169998168945
2019-05-24,0.00107233797678674,121.300003051758
2019-05-28,-0.00388222691557516,120.830001831055
2019-05-29,0.000330996401613604,120.870002746582
2019-05-30,0.00676123681640917,121.690002441406
2019-05-31,0.0133868570134741,123.330001831055
2019-06-03,0.0143296507831403,125.110000610352
2019-06-04,0.000319674862355512,125.150001525879
2019-06-05,0.00255366583046879,125.470001220703
2019-06-06,0.00326235447650358,125.879997253418
2019-06-07,0.00562443834268134,126.589996337891
2019-06-10,-0.010003215486539,125.330001831055
2019-06-11,-0.00119756929884662,125.180000305176
2019-06-12,0.00517910022123846,125.830001831055
2019-06-13,0.00610069350163034,126.599998474121
2019-06-14,-0.000316012928481157,126.559997558594
2019-06-17,-0.000632265286402145,126.480003356934
2019-06-18,0.00504732439223865,127.120002746582
2019-06-19,0.00603897083808036,127.889999389648
2019-06-20,0.0248661554938181,131.110000610352
2019-06-21,0.00661369341666784,131.979995727539
2019-06-24,0.0147415931262733,133.940002441406
2019-06-25,0.00193924508769516,134.199996948242
2019-06-26,-0.00920765374830612,132.970001220703
2019-06-27,-0.000978179108179766,132.839996337891
2019-06-28,0.00270636625446929,133.199996948242
2019-07-01,-0.0195594281024967,130.619995117188
2019-07-02,0.0211348135480538,133.410003662109
2019-07-03,0.00164770269201053,133.630004882812
2019-07-05,-0.011212861349998,132.139999389648
2019-07-08,-0.00645339617443419,131.289993286133
2019-07-09,0.0034976216131426,131.75
2019-07-10,0.015664164068756,133.830001831055
2019-07-11,-0.00847943314948729,132.699996948242
2019-07-12,0.00623524421334309,133.529998779297
2019-07-15,0,133.529998779297
2019-07-16,-0.00849856515023717,132.399993896484
2019-07-17,0.0163312339620223,134.580001831055
2019-07-18,0.0140192210728332,136.479995727539
2019-07-19,-0.0148369175250389,134.470001220703
2019-07-22,-0.000148774896876702,134.449996948242
2019-07-23,-0.00566865476005862,133.690002441406
2019-07-24,0.00507344729202863,134.369995117188
2019-07-25,-0.00709511899137638,133.419998168945
2019-07-26,0.00164757936404403,133.639999389648
2019-07-29,0.00663760050219153,134.529998779297
2019-07-30,0.00333937423909614,134.979995727539
2019-07-31,-0.0131997068987166,133.210006713867
2019-08-01,0.0237382025873742,136.410003662109
2019-08-02,-0.00381935291047508,135.889999389648
2019-08-05,0.0138850078395576,137.789993286133
2019-08-06,0.00809552949202619,138.910003662109
2019-08-07,0.0150754868152605,141.020004272461
2019-08-08,0.00502205444600445,141.729995727539
2019-08-09,-0.00332168393987153,141.259994506836
2019-08-12,0.00965177367557857,142.630004882812
2019-08-13,-0.00597734695241847,141.779998779297
2019-08-14,0.0068182967190884,142.75
2019-08-15,0.00663292331185339,143.699996948242
2019-08-16,-0.00642279632319731,142.779998779297
2019-08-19,-0.0117652431297461,141.110000610352
2019-08-20,0.00776515320051008,142.210006713867
2019-08-21,-0.00316943748851628,141.759994506836
2019-08-22,-0.00254273780944292,141.399993896484
2019-08-23,0.0194004358255677,144.169998168945
2019-08-26,0.000138745127276962,144.190002441406
2019-08-27,0.00952522964020996,145.570007324219
2019-08-28,-0.00282051331767708,145.160003662109
2019-08-29,-0.00719035557325309,144.119995117188
2019-08-30,-0.00257057232224511,143.75
2019-09-03,0.0138171455531415,145.75
2019-09-04,0.00622418240511458,146.660003662109
2019-09-05,-0.0242938395892827,143.139999389648
2019-09-06,-0.0085596623871842,141.919998168945
2019-09-09,-0.0037414803722946,141.389999389648
2019-09-10,-0.0085947664634487,140.179992675781
2019-09-11,0.00604536622501595,141.029998779297
2019-09-12,0.00205424926961317,141.320007324219
2019-09-13,-0.00831364025721815,140.149993896484
2019-09-16,0.00831364025721815,141.320007324219
2019-09-17,0.00197935004540728,141.600006103516
2019-09-18,-0.00630514184916375,140.710006713867
2019-09-19,0.00404264570096036,141.279998779297
2019-09-20,0.0117511692045538,142.949996948242
2019-09-23,0.00558078225756731,143.75
2019-09-24,0.0052729916204326,144.509994506836
2019-09-25,-0.0187195010811694,141.830001831055
2019-09-26,-0.000282127818038269,141.789993286133
2019-09-27,-0.00516172792622527,141.059997558594
2019-09-30,-0.015647105922203,138.869995117188
2019-10-01,0.00545789337349767,139.630004882812
2019-10-02,0.0116060231701169,141.259994506836
2019-10-03,0.00452041605932951,141.899993896484
2019-10-04,0,141.899993896484
2019-10-07,-0.00856363541098926,140.690002441406
2019-10-08,0.00870459991703765,141.919998168945
2019-10-09,0.000915624124635528,142.050003051758
2019-10-10,-0.00876768319296595,140.809997558594
2019-10-11,-0.00555476994067305,140.029998779297
2019-10-14,0.00399115039342046,140.589996337891
2019-10-15,-0.0069950016712772,139.610000610352
2019-10-16,0.00571391483570416,140.410003662109
2019-10-17,0.00142336473537252,140.610000610352
2019-10-18,-0.00106730641345276,140.460006713867
2019-10-21,-0.0047815500752133,139.789993286133
2019-10-22,0.00292870437851622,140.199996948242
2019-10-23,0.00235102759291372,140.529998779297
2019-10-24,0.00709071969446917,141.529998779297
2019-10-25,0.00232895995573479,141.860000610352
2019-10-28,-0.00863723047938159,140.639999389648
2019-10-29,-0.00277688519424579,140.25
2019-10-30,0.00547521018493224,141.020004272461
2019-10-31,0.00994884493546877,142.429992675781
2019-11-01,0.000912347073827036,142.559997558594
2019-11-04,-0.00288015143717413,142.149993896484
2019-11-05,-0.0163123318685914,139.850006103516
2019-11-06,0.00428106853055521,140.449996948242
2019-11-07,-0.0156432055218909,138.270004272461
2019-11-08,-0.00638473380655036,137.389999389648
2019-11-11,-0.00240482414838716,137.059997558594
2019-11-12,0.00269587492758649,137.429992675781
2019-11-13,0.0039940728810306,137.979995727539
2019-11-14,0.00419471104066371,138.559997558594
2019-11-15,-0.0025291110010528,138.210006713867
2019-11-18,0.00296202507217025,138.619995117188
2019-11-19,0.000504903006183,138.690002441406
2019-11-20,0.000504538242452668,138.759994506836
2019-11-21,-0.00549209735682421,138
2019-11-22,-0.00188579515997933,137.740005493164
2019-11-25,-0.00480317963325483,137.080001831055
2019-11-26,0.00480317963325483,137.740005493164
2019-11-27,-0.00531401422537048,137.009994506836
2019-11-29,0.00618480611297922,137.860000610352
2019-12-02,-0.000507943604382888,137.789993286133
2019-12-03,0.00953425317857359,139.110000610352
2019-12-04,-0.00136677676379371,138.919998168945
2019-12-05,0.000575718435460004,139
2019-12-06,-0.00997770483675708,137.619995117188
2019-12-09,-0.000290648887048661,137.580001831055
2019-12-10,0.00283069966065419,137.970001220703
2019-12-11,0.00686193562769155,138.919998168945
2019-12-12,-0.0035334849047759,138.429992675781
2019-12-13,0.00446887283671593,139.050003051758
2019-12-16,-0.0000719893973979424,139.039993286133
2019-12-17,-0.00021577975709608,139.009994506836
2019-12-18,0.0000720049323685856,139.020004272461
2019-12-19,0.0025862126377012,139.380004882812
2019-12-20,0.00100393974049151,139.520004272461
2019-12-23,0.00307720337216555,139.949996948242
2019-12-24,0.00938778901139692,141.270004272461
2019-12-26,0.0078265908031554,142.380004882812
2019-12-27,-0.000351256022568691,142.330001831055
2019-12-30,0.0021055808220618,142.630004882812
2019-12-31,0.00189114345457497,142.899993896484
2020-01-02,0.00732095363403573,143.949996948242
2020-01-03,0.0131812658825288,145.860000610352
2020-01-06,0.0104348689670122,147.389999389648
2020-01-07,0.00392742805650759,147.970001220703
2020-01-08,-0.00752980258463509,146.860000610352
2020-01-09,-0.00566768448635635,146.029998779297
2020-01-10,0.00600810761678794,146.910003662109
2020-01-13,-0.00744714470381602,145.820007324219
2020-01-14,-0.00089194118264313,145.690002441406
2020-01-15,0.00581728949243487,146.539993286133
2020-01-16,-0.00157074121234047,146.309997558594
2020-01-17,0.00184372528600818,146.580001831055
2020-01-21,0.00109098373097272,146.740005493164
2020-01-22,0.000340597510713359,146.789993286133
2020-01-23,0.00224559887551212,147.119995117188
2020-01-24,0.00582855351877676,147.979995727539
2020-01-27,0.00680212584307061,148.990005493164
2020-01-28,-0.00896686803661773,147.660003662109
2020-01-29,0.00540324848083173,148.460006713867
2020-01-30,0.000067318940979888,148.470001220703
2020-01-31,0.00577570847718967,149.330001831055
2020-02-03,-0.00651687759559838,148.360000610352
2020-02-04,-0.0130943081867816,146.429992675781
2020-02-05,0.00122855556467183,146.610000610352
2020-02-06,0.00537393423412524,147.399993896484
2020-02-07,0.00264236345065871,147.789993286133
2020-02-10,0.00256794906479296,148.169998168945
2020-02-11,-0.00344789243087007,147.660003662109
2020-02-12,-0.000813078481225027,147.539993286133
2020-02-13,0.00567730371811148,148.380004882812
2020-02-14,0.00416972227659596,149
2020-02-18,0.0127373509518431,150.910003662109
2020-02-19,0.00581428551017638,151.789993286133
2020-02-20,0.00407633951829212,152.410003662109
2020-02-21,0.0149134559263082,154.699996948242
2020-02-24,0.00894500265671816,156.089996337891
2020-02-25,-0.0180359347239332,153.300003051758
2020-02-26,0.00436098038515187,153.970001220703
2020-02-27,0.000194816243613616,154
2020-02-28,-0.0371760187447663,148.380004882812
2020-03-02,0.00551108364665609,149.199996948242
2020-03-03,0.0309503901940866,153.889999389648
2020-03-04,0.00175299035175502,154.160003662109
2020-03-05,0.0213709512045748,157.490005493164
2020-03-06,0.000380888507438115,157.550003051758
2020-03-09,0.00164887471612563,157.809997558594
2020-03-10,-0.0213271518262896,154.479995727539
2020-03-11,-0.00356670442271767,153.929992675781
2020-03-12,-0.0407056042424383,147.789993286133
2020-03-13,-0.0309915525653013,143.279998779297
2020-03-16,-0.011512126298225,141.639999389648
2020-03-17,0.0134644263387056,143.559997558594
2020-03-18,-0.0201231068427115,140.699996948242
2020-03-19,-0.0190864928378343,138.039993286133
2020-03-20,0.0148843831466836,140.110000610352
2020-03-23,0.0432314961462961,146.300003051758
2020-03-24,0.0473895202592507,153.399993896484
2020-03-25,-0.0137842081803647,151.300003051758
2020-03-26,0.0127407147146972,153.240005493164
2020-03-27,-0.00648144908924397,152.25
2020-03-30,0.00439099026426693,152.919998168945
2020-03-31,-0.0323648216936521,148.050003051758
2020-04-01,0.00941179314940044,149.449996948242
2020-04-02,0.0162605011105619,151.899993896484
2020-04-03,0.00492530977657779,152.649993896484
2020-04-06,0.027333533815435,156.880004882812
2020-04-07,-0.0053688714007194,156.039993286133
2020-04-08,-0.00894788194743779,154.649993896484
2020-04-09,0.0257881692950637,158.690002441406
2020-04-13,0.0169951055139288,161.410003662109
2020-04-14,0.00783730154334616,162.679992675781
2020-04-15,-0.00511501793358526,161.850006103516
2020-04-16,-0.000865368975394354,161.710006713867
2020-04-17,-0.0196084667171403,158.570007324219
2020-04-20,0.00710085372099201,159.699996948242
2020-04-21,-0.0068486733480535,158.610000610352
2020-04-22,0.0194798889508458,161.729995727539
2020-04-23,0.00990564379552428,163.339996337891
2020-04-24,-0.0042947299426519,162.639999389648
2020-04-27,-0.00666258998355485,161.559997558594
2020-04-28,-0.00446651632333506,160.839996337891
2020-04-29,0.00551819245401752,161.729995727539
2020-04-30,-0.0182826836837888,158.800003051758
2020-05-01,0.00615229338334267,159.779998779297
2020-05-04,0.00349867636115953,160.339996337891
2020-05-05,0.00423206963040723,161.020004272461
2020-05-06,-0.012938939248234,158.949996948242
2020-05-07,0.0152341241085594,161.389999389648
2020-05-08,-0.00602842774123946,160.419998168945
2020-05-11,-0.00625314701059931,159.419998168945
2020-05-12,0.00388152452380197,160.039993286133
2020-05-13,0.00957664534589764,161.580001831055
2020-05-14,0.00881112753612356,163.009994506836
2020-05-15,0.00562794783955045,163.929992675781
2020-05-18,-0.00759289823185139,162.690002441406
2020-05-19,0.00960394034258893,164.259994506836
2020-05-20,0.00237146688257539,164.649993896484
2020-05-21,-0.0146836161685364,162.25
2020-05-22,0.00589940071477546,163.210006713867
2020-05-26,-0.0143168584296269,160.889999389648
2020-05-27,0.00180080958577822,161.179992675781
2020-05-28,0.00334474486569469,161.720001220703
2020-05-29,0.00733147123659705,162.910003662109
2020-06-01,0.00459320391814266,163.660003662109
2020-06-02,-0.00649789282485447,162.600006103516
2020-06-03,-0.0186225113924197,159.600006103516
2020-06-04,0.0104712540558731,161.279998779297
2020-06-05,-0.0204836899154133,158.009994506836
2020-06-08,0.0107640024390436,159.720001220703
2020-06-09,0.00959564535506452,161.259994506836
2020-06-10,0.0142231428548527,163.570007324219
2020-06-11,-0.00724023232926463,162.389999389648
2020-06-12,0.0014153150353442,162.619995117188
2020-06-15,-0.00178484915120425,162.330001831055
2020-06-16,-0.000492956018383062,162.25
2020-06-17,0.00190879378742448,162.559997558594
2020-06-18,-0.00197039511054697,162.240005493164
2020-06-19,0.0109725762213673,164.029998779297
2020-06-22,0.00644142707482942,165.089996337891
2020-06-23,0.00838439886459597,166.479995727539
2020-06-24,-0.00348999601580058,165.899993896484
2020-06-25,-0.000602899298614901,165.800003051758
2020-06-26,0.00445321938637644,166.539993286133
2020-06-29,0.000540334360022321,166.630004882812
2020-06-30,0.00443108649793178,167.369995117188
2020-07-01,-0.00449116011010275,166.619995117188
2020-07-02,0.00215827793750911,166.979995727539
2020-07-06,0.00597088008394664,167.979995727539
2020-07-07,0.00629043432703824,169.039993286133
2020-07-08,0.00619235360540227,170.089996337891
2020-07-09,-0.00270806390287071,169.630004882812
2020-07-10,-0.00259726509203517,169.190002441406
2020-07-13,0.00124038798708259,169.399993896484
2020-07-14,0.00465272816401097,170.190002441406
2020-07-15,0.000880943862346051,170.339996337891
2020-07-16,-0.0094966393251541,168.729995727539
2020-07-17,0.00820426279430819,170.119995117188
2020-07-20,0.00480859033684666,170.940002441406
2020-07-21,0.0119789624776665,173
2020-07-22,0.0150879427375639,175.630004882812
2020-07-23,0.00878658641081387,177.179992675781
2020-07-24,0.00854228144167735,178.699996948242
2020-07-27,0.0195611969646983,182.229995727539
2020-07-28,0.00830653604041309,183.75
2020-07-29,0.00748216928318612,185.130004882812
2020-07-30,-0.00742777888843271,183.759994506836
2020-07-31,0.00904688435302781,185.429992675781
2020-08-03,0.00113189824442461,185.639999389648
2020-08-04,0.0210545154128532,189.589996337891
2020-08-05,0.00924041727083491,191.350006103516
2020-08-06,0.0131867410261473,193.889999389648
2020-08-07,-0.0160128290476962,190.809997558594
2020-08-10,-0.0034649534714486,190.149993896484
2020-08-11,-0.0551897267189787,179.940002441406
2020-08-12,-0.00467913241138351,179.100006103516
2020-08-13,0.0233434744172065,183.330001831055
2020-08-14,-0.00431852725420789,182.539993286133
2020-08-17,0.021461948775392,186.5
2020-08-18,0.00896767357340345,188.179992675781
2020-08-19,-0.0320743828159307,182.240005493164
2020-08-20,0.00689013765328195,183.5
2020-08-21,-0.00804316554287254,182.029998779297
2020-08-24,-0.00567447068592664,181
2020-08-25,0.00121473826411744,181.220001220703
2020-08-26,0.0117396673251378,183.360000610352
2020-08-27,-0.0116292867473602,181.240005493164
2020-08-28,0.0172309262992405,184.389999389648
2020-08-31,0.00238341719432356,184.830001831055
2020-09-01,0.00118958172241079,185.050003051758
2020-09-02,-0.0132186108730581,182.619995117188
2020-09-03,-0.00813725487333716,181.139999389648
2020-09-04,0.00275649329222283,181.639999389648
2020-09-08,-0.00192878086180048,181.289993286133
2020-09-09,0.0096614342302388,183.050003051758
2020-09-10,-0.00322834852425569,182.460006713867
2020-09-11,-0.0000548615577926626,182.449996948242
2020-09-14,0.00786160327773633,183.889999389648
2020-09-15,-0.00239561526772469,183.449996948242
2020-09-16,0.00283057330710434,183.970001220703
2020-09-17,-0.00550512106268464,182.960006713867
2020-09-18,0.0013108491716185,183.199996948242
2020-09-21,-0.0202917894482733,179.520004272461
2020-09-22,-0.0048580958289266,178.649993896484
2020-09-23,-0.0218433353688177,174.789993286133
2020-09-24,0.00371190308959157,175.440002441406
2020-09-25,-0.00285404607815121,174.940002441406
2020-09-28,0.0100102901074219,176.699996948242
2020-09-29,0.00839704838565591,178.190002441406
2020-09-30,-0.00602296904795896,177.119995117188
2020-10-01,0.00888096369532931,178.699996948242
2020-10-02,-0.000895776940893711,178.539993286133
2020-10-05,0.00486108169631017,179.410003662109
2020-10-06,-0.0118304795506932,177.300003051758
2020-10-07,-0.000451324785334606,177.220001220703
2020-10-08,0.00354862720557403,177.850006103516
2020-10-09,0.0179983999668156,181.080001831055
2020-10-12,-0.00287581369163448,180.559997558594
2020-10-13,-0.0158538340515832,177.720001220703
2020-10-14,0.0030899939936111,178.270004272461
2020-10-15,0.00363948940071168,178.919998168945
2020-10-16,-0.00347122634576369,178.300003051758
2020-10-19,0.000504619356776814,178.389999389648
2020-10-20,0.00480931813799845,179.25
2020-10-21,0.00750319529892263,180.600006103516
2020-10-22,-0.00984903063962683,178.830001831055
2020-10-23,-0.00106304002377922,178.639999389648
2020-10-26,-0.000503912982893873,178.550003051758
2020-10-27,0.00262886417627062,179.020004272461
2020-10-28,-0.0162751688416432,176.130004882812
2020-10-29,-0.0041533413265924,175.399993896484
2020-10-30,0.00455065104184005,176.199996948242
2020-11-02,0.00965812884851225,177.910003662109
2020-11-03,0.00566094329997835,178.919998168945
2020-11-04,-0.000559014064935859,178.820007324219
2020-11-05,0.0227237716990558,182.929992675781
2020-11-06,0.00142035295971077,183.190002441406
2020-11-09,-0.0452808561434654,175.080001831055
2020-11-10,0.00330730655560174,175.660003662109
2020-11-11,-0.00433598220930254,174.899993896484
2020-11-12,0.0060423875087805,175.960006713867
2020-11-13,0.00679656509003213,177.160003662109
2020-11-16,-0.0000565028686549951,177.149993896484
2020-11-17,-0.00367592048418874,176.5
2020-11-18,-0.00573878384597215,175.490005493164
2020-11-19,-0.00188222968695761,175.160003662109
2020-11-20,0.00302122943264393,175.690002441406
2020-11-23,-0.0198903242321276,172.229995727539
2020-11-24,-0.0154470302795282,169.589996337891
2020-11-25,-0.000471848037150835,169.509994506836
2020-11-27,-0.010198732236165,167.789993286133
2020-11-30,-0.00669735892011758,166.669998168945
2020-12-01,0.0208408588153643,170.179992675781
2020-12-02,0.00749338502431485,171.460006713867
2020-12-03,0.00784266853055371,172.809997558594
2020-12-04,-0.0028394550265407,172.320007324219
2020-12-07,0.0148039454595148,174.889999389648
2020-12-08,0.00348184153473774,175.5
2020-12-09,-0.0172418064345061,172.5
2020-12-10,-0.00191488631818881,172.169998168945
2020-12-11,0.00185694546958626,172.490005493164
2020-12-14,-0.00552285919932238,171.539993286133
2020-12-15,0.01389398977404,173.940002441406
2020-12-16,0.00550392092985241,174.899993896484
2020-12-17,0.010465410042956,176.740005493164
2020-12-18,-0.0016988680965655,176.440002441406
2020-12-21,-0.00317891699898176,175.880004882812
2020-12-22,-0.00793450718339894,174.490005493164
2020-12-23,0.00662587907227596,175.649993896484
2020-12-24,0.00397734732863153,176.350006103516
2020-12-28,-0.00363574431256719,175.710006713867
2020-12-29,0.00363574431256719,176.350006103516
2020-12-30,0.00762602669465462,177.699996948242
2020-12-31,0.00370726519434239,178.360000610352
2021-01-04,0.022014258912348,182.330001831055
2021-01-05,0.00295724909189321,182.869995117188
2021-01-06,-0.0163743841563191,179.899993896484
2021-01-07,-0.00233734972609945,179.479995727539
2021-01-08,-0.0348087947236619,173.339996337891
2021-01-11,-0.00196336808167796,173
2021-01-12,0.00645309414351658,174.119995117188
2021-01-13,-0.00431667780761469,173.369995117188
2021-01-14,-0.000519234625686593,173.279998779297
2021-01-15,-0.0124852460858671,171.130004882812
2021-01-19,0.0084373775679234,172.580001831055
2021-01-20,0.0161511546000277,175.389999389648
2021-01-21,-0.000627373967170719,175.279998779297
2021-01-22,-0.00790430206051873,173.899993896484
2021-01-25,0.000862245528858274,174.050003051758
2021-01-26,-0.0024736569511461,173.619995117188
2021-01-27,-0.00635577829544065,172.520004272461
2021-01-28,0.00092693172763525,172.679992675781
2021-01-29,-0.00040541033768271,172.610000610352
2021-02-01,0.0093415229782412,174.229995727539
2021-02-02,-0.0122424300846777,172.110000610352
2021-02-03,-0.00151177201580488,171.850006103516
2021-02-04,-0.021765636924135,168.149993896484
2021-02-05,0.00982374869269087,169.809997558594
2021-02-08,0.0100197522109129,171.520004272461
2021-02-09,0.00325959280835164,172.080001831055
2021-02-10,0.00365443062927984,172.710006713867
2021-02-11,-0.00872301379852303,171.210006713867
2021-02-12,-0.00304185235154808,170.690002441406
2021-02-16,-0.0144574960341961,168.240005493164
2021-02-17,-0.0114177862341958,166.330001831055
2021-02-18,-0.0000600902243430568,166.320007324219
2021-02-19,0.00413997038563085,167.009994506836
2021-02-22,0.0148582317519619,169.509994506836
2021-02-23,-0.00230339647421296,169.119995117188
2021-02-24,-0.000709778326972277,169
2021-02-25,-0.0189958080653074,165.820007324219
2021-02-26,-0.0244801145341542,161.809997558594
2021-03-01,-0.00173191595507483,161.529998779297
2021-03-02,0.00543314836651998,162.410003662109
2021-03-03,-0.0110827283745198,160.619995117188
2021-03-04,-0.00988559566723346,159.039993286133
2021-03-05,0.000628613420772695,159.139999389648
2021-03-08,-0.0104223150481406,157.490005493164
2021-03-09,0.0210480601944889,160.839996337891
2021-03-10,0.0050853276984304,161.660003662109
2021-03-11,-0.000866386502682559,161.520004272461
2021-03-12,-0.000185745199691389,161.490005493164
2021-03-15,0.00438686761004803,162.199996948242
2021-03-16,0.000924413277124003,162.350006103516
2021-03-17,0.00711958080756236,163.509994506836
2021-03-18,-0.00582696757959145,162.559997558594
2021-03-19,0.00417439481682624,163.240005493164
2021-03-22,-0.00147134338168797,163
2021-03-23,-0.0073274084831505,161.809997558594
2021-03-24,0.00345485920327615,162.369995117188
2021-03-25,-0.00364027148253321,161.779998779297
2021-03-26,0.00283937421672231,162.240005493164
2021-03-29,-0.0119673287887769,160.309997558594
2021-03-30,-0.0172395750160295,157.570007324219
2021-03-31,0.0150539754945092,159.960006713867
2021-04-01,0.0125490184935915,161.979995727539
2021-04-05,-0.000370469653661942,161.919998168945
2021-04-06,0.00799661672926977,163.220001220703
2021-04-07,-0.00282230213657719,162.759994506836
2021-04-08,0.0106946358568614,164.509994506836
2021-04-09,-0.00756602693411956,163.270004272461
2021-04-12,-0.00608206749010076,162.279998779297
2021-04-13,0.00706148847329047,163.429992675781
2021-04-14,-0.0043537794872206,162.720001220703
2021-04-15,0.0160335365383926,165.350006103516
2021-04-16,0.00602956281478573,166.350006103516
2021-04-19,-0.00276912473036184,165.889999389648
2021-04-20,0.00355024199694043,166.479995727539
2021-04-21,0.00986236231085424,168.130004882812
2021-04-22,-0.00650425423162115,167.039993286133
2021-04-23,-0.00383877279377653,166.399993896484
2021-04-26,0.00264075567158972,166.839996337891
2021-04-27,-0.00252054490924447,166.419998168945
2021-04-28,0.00294006446127693,166.910003662109
2021-04-29,-0.00414254746216791,166.220001220703
2021-04-30,-0.00337470219248548,165.660003662109
2021-05-03,0.0128948551881409,167.809997558594
2021-05-04,-0.00735668696519731,166.580001831055
2021-05-05,0.0041336133669807,167.270004272461
2021-05-06,0.0165420027352807,170.059997558594
2021-05-07,0.00895658735382199,171.589996337891
2021-05-10,0.00302592187285455,172.110000610352
2021-05-11,0.000174284847481943,172.139999389648
2021-05-12,-0.00998348341345245,170.429992675781
2021-05-13,0.00409891785992134,171.130004882812
2021-05-14,0.00907456361195891,172.690002441406
2021-05-17,0.0115721059373621,174.699996948242
2021-05-18,0.00194428120597845,175.039993286133
2021-05-19,0.000685381962994391,175.160003662109
2021-05-20,0.00455687179574138,175.960006713867
2021-05-21,0.000454469168422733,176.039993286133
2021-05-24,0.00175948748771404,176.350006103516
2021-05-25,0.00903190351437821,177.949996948242
2021-05-26,-0.00174356781866702,177.639999389648
2021-05-27,0.000394018989290146,177.710006713867
2021-05-28,0.00376308763385413,178.380004882812
2021-06-01,-0.00269457324805433,177.899993896484
2021-06-02,0.00487852696310132,178.770004272461
2021-06-03,-0.0197724208646646,175.270004272461
2021-06-04,0.0107256332646575,177.160003662109
2021-06-07,0.00399961920961101,177.869995117188
2021-06-08,-0.00309686775386275,177.320007324219
2021-06-09,-0.00191934348366463,176.979995727539
2021-06-10,0.00428513151766552,177.740005493164
2021-06-11,-0.0113161778909125,175.740005493164
2021-06-14,-0.00587816641004224,174.710006713867
2021-06-15,-0.00378486312374182,174.050003051758
2021-06-16,-0.0170360036803556,171.110000610352
2021-06-17,-0.0312228259164105,165.850006103516
2021-06-18,-0.0055627051424656,164.929992675781
2021-06-21,0.0121732510581758,166.949996948242
2021-06-22,-0.0042016685742281,166.25
2021-06-23,-0.000661876798756289,166.139999389648
2021-06-24,-0.000602119987609839,166.039993286133
2021-06-25,0.00330699918925959,166.589996337891
2021-06-28,-0.0000599964396181818,166.580001831055
2021-06-29,-0.0105610346472274,164.830001831055
2021-06-30,0.00484176359229327,165.630004882812
2021-07-01,0.00343544961508258,166.199996948242
2021-07-02,0.00653692915069648,167.289993286133
2021-07-06,0.0049491878832173,168.119995117188
2021-07-07,0.00379957361268168,168.759994506836
2021-07-08,-0.000652029388751529,168.649993896484
2021-07-09,0.00331506144102445,169.210006713867
2021-07-12,-0.0012418718351821,169
2021-07-13,0.0013009357869862,169.220001220703
2021-07-14,0.0106977573134754,171.039993286133
2021-07-15,0.000175464254827062,171.070007324219
2021-07-16,-0.00975103830866431,169.410003662109
2021-07-19,0.00117985351260863,169.610000610352
2021-07-20,-0.00129794248724835,169.389999389648
2021-07-21,-0.0037261902890755,168.759994506836
2021-07-22,0.00195354118660251,169.089996337891
2021-07-23,-0.00313934088055223,168.559997558594
2021-07-26,-0.00237582610586262,168.160003662109
2021-07-27,0.00166368888177537,168.440002441406
2021-07-28,0.00503356320224135,169.289993286133
2021-07-29,0.0110440230200988,171.169998168945
2021-07-30,-0.00791810830976303,169.820007324219
2021-08-02,-0.00123740821821627,169.610000610352
2021-08-03,-0.000707727042384754,169.490005493164
2021-08-04,0.000235934669426285,169.529998779297
2021-08-05,-0.00395992225345232,168.860000610352
2021-08-06,-0.0253087044773448,164.639999389648
2021-08-09,-0.0178948160577299,161.720001220703
2021-08-10,0.000309147431493351,161.770004272461
2021-08-11,0.0136908280718844,164
2021-08-12,0.000243831771427061,164.039993286133
2021-08-13,0.0142241671635919,166.389999389648
2021-08-16,0.00497589126267695,167.220001220703
2021-08-17,-0.00149615515011625,166.970001220703
2021-08-18,0.00077830925569522,167.100006103516
2021-08-19,-0.00293671652314131,166.610000610352
2021-08-20,0.000540015845530206,166.699996948242
2021-08-23,0.0121040074390955,168.729995727539
2021-08-24,-0.000474253571726813,168.649993896484
2021-08-25,-0.00696160967656478,167.479995727539
2021-08-26,0.00113383538846357,167.669998168945
2021-08-27,0.0149177233226361,170.190002441406
2021-08-30,-0.00494785904714945,169.350006103516
2021-08-31,0.00200564206756759,169.690002441406
2021-09-01,0.0000588968847443638,169.699996948242
2021-09-02,-0.00265524246454429,169.25
2021-09-03,0.0106374460880296,171.059997558594
2021-09-07,-0.0197780205042788,167.710006713867
2021-09-08,-0.00250754416605137,167.289993286133
2021-09-09,0.00441373441497461,168.029998779297
2021-09-10,-0.00507149516442595,167.179992675781
2021-09-13,0.00334416184371911,167.740005493164
2021-09-14,0.0064179076360027,168.820007324219
2021-09-15,-0.00588152871009129,167.830001831055
2021-09-16,-0.0229022427478185,164.029998779297
2021-09-17,-0.00158629993249093,163.770004272461
2021-09-20,0.00711875565704023,164.940002441406
2021-09-21,0.00664689654260364,166.039993286133
2021-09-22,-0.00374099955496199,165.419998168945
2021-09-23,-0.0116135662434198,163.509994506836
2021-09-24,-0.0012850982867505,163.300003051758
2021-09-27,0.00207987066688986,163.639999389648
2021-09-28,-0.00976394091159971,162.050003051758
2021-09-29,-0.00451493301278649,161.320007324219
2021-09-30,0.0178169843070144,164.220001220703
2021-10-01,0.00225051109210384,164.589996337891
2021-10-04,0.00466740825847278,165.360000610352
2021-10-05,-0.00466740825847278,164.589996337891
2021-10-06,0.00266975735253361,165.029998779297
2021-10-07,-0.00528568386804462,164.160003662109
2021-10-08,0.000426274043786812,164.229995727539
2021-10-11,-0.00188936557413477,163.919998168945
2021-10-12,0.00450427135048326,164.660003662109
2021-10-13,0.017637734434472,167.589996337891
2021-10-14,0.00244348085807555,168
2021-10-15,-0.0160204917648548,165.330001831055
2021-10-18,-0.00248299090238913,164.919998168945
2021-10-19,0.0032085191864093,165.449996948242
2021-10-20,0.00872577817546905,166.899993896484
2021-10-21,-0.000899109302159751,166.75
2021-10-22,0.00609833445275498,167.770004272461
2021-10-25,0.00689036532961662,168.929992675781
2021-10-26,-0.00742702712516863,167.679992675781
2021-10-27,0.00262062364036453,168.119995117188
2021-10-28,-0.000237913662608946,168.080001831055
2021-10-29,-0.00854429930170042,166.649993896484
2021-11-01,0.00520700449741884,167.520004272461
2021-11-02,-0.00215131313888683,167.160003662109
2021-11-03,-0.00835014827732294,165.770004272461
2021-11-04,0.0112771252957398,167.649993896484
2021-11-05,0.0129783593269464,169.839996337891
2021-11-08,0.00358518484690151,170.449996948242
2021-11-09,0.004916006634196,171.289993286133
2021-11-10,0.0108002482845722,173.149993896484
2021-11-11,0.00558645304273941,174.119995117188
2021-11-12,0.00189346149789138,174.449996948242
2021-11-15,-0.00154894492430646,174.179992675781
2021-11-16,-0.00726015600447738,172.919998168945
2021-11-17,0.0090956924320782,174.5
2021-11-18,-0.00321431544495177,173.940002441406
2021-11-19,-0.00767570826291664,172.610000610352
2021-11-22,-0.022675616643121,168.740005493164
2021-11-23,-0.00869005346847818,167.279998779297
2021-11-24,-0.000956959792107526,167.119995117188
2021-11-26,-0.00161684625266911,166.850006103516
2021-11-29,-0.00137950053655533,166.619995117188
2021-11-30,-0.00674454642456457,165.5
2021-12-01,0.00398000679039612,166.160003662109
2021-12-02,-0.00555220583540095,165.240005493164
2021-12-03,0.00837681908174037,166.630004882812
2021-12-06,-0.00246359538507246,166.220001220703
2021-12-07,0.00354320606133296,166.809997558594
2021-12-08,0.000539368567779697,166.899993896484
2021-12-09,-0.00613012928390066,165.880004882812
2021-12-10,0.00421102068524615,166.580001831055
2021-12-13,0.00251812691751674,167
2021-12-14,-0.00938520633964224,165.440002441406
2021-12-15,0.00428235198851734,166.149993896484
2021-12-16,0.0120249708405398,168.160003662109
2021-12-17,-0.00214311668618894,167.800003051758
2021-12-20,-0.00424024473091666,167.089996337891
2021-12-21,-0.000418976183446773,167.020004272461
2021-12-22,0.00935611880010701,168.589996337891
2021-12-23,0.00225148149121157,168.970001220703
2021-12-27,0.00236445047682832,169.369995117188
2021-12-28,-0.00431938034002499,168.639999389648
2021-12-29,-0.000296551628014896,168.589996337891
2021-12-30,0.00715158174418296,169.800003051758
2021-12-31,0.00680835843255068,170.960006713867
2022-01-03,-0.0155033009737,168.330001831055
2022-01-04,0.00733951480316897,169.570007324219
2022-01-05,-0.00301219705221012,169.059997558594
2022-01-06,-0.012319703780209,166.990005493164
2022-01-07,0.00454081257228278,167.75
2022-01-10,0.00303559362399586,168.259994506836
2022-01-11,0.0119924571366452,170.289993286133
2022-01-12,0.00263913714241149,170.740005493164
2022-01-13,-0.00340277134129785,170.160003662109
2022-01-14,-0.00288382915055685,169.669998168945
2022-01-18,-0.00165161826793092,169.389999389648
2022-01-19,0.015755750605134,172.080001831055
2022-01-20,-0.0025020112544043,171.649993896484
2022-01-21,-0.00326777191380945,171.089996337891
2022-01-24,0.00547916068109622,172.029998779297
2022-01-25,0.00319203457697625,172.580001831055
2022-01-26,-0.0162985679043137,169.789993286133
2022-01-27,-0.0129821153205976,167.600006103516
2022-01-28,-0.00298775233766602,167.100006103516
2022-01-31,0.00590705633123001,168.089996337891
2022-02-01,0.000832536875819301,168.229995727539
2022-02-02,0.00361943388995378,168.839996337891
2022-02-03,-0.00142241745556237,168.600006103516
2022-02-04,0.00154089108698141,168.860000610352
2022-02-07,0.00737531735357777,170.110000610352
2022-02-08,0.00305220794607752,170.630004882812
2022-02-09,0.00339341427539797,171.210006713867
2022-02-10,-0.0038037857675306,170.559997558594
2022-02-11,0.0188756078655619,173.809997558594
2022-02-14,0.00533645177718167,174.740005493164
2022-02-15,-0.00954526037023928,173.080001831055
2022-02-16,0.0102317313073383,174.860000610352
2022-02-17,0.0135755081689757,177.25
2022-02-18,-0.000733724019731596,177.119995117188
2022-02-22,0.00208685885689608,177.490005493164
2022-02-23,0.0044971001402736,178.289993286133
2022-02-24,-0.00647102345382677,177.139999389648
2022-02-25,-0.00333623727593668,176.550003051758
2022-02-28,0.0103119939512437,178.380004882812
2022-03-01,0.0180004317657536,181.619995117188
2022-03-02,-0.010460864384517,179.729995727539
2022-03-03,0.00593576384487537,180.800003051758
2022-03-04,0.0158036084190494,183.679992675781
2022-03-07,0.014753495270293,186.410003662109
2022-03-08,0.0269914293684268,191.509994506836
2022-03-09,-0.0301614952662064,185.820007324219
2022-03-10,0.00311636687847816,186.399993896484
2022-03-11,-0.00705269602424341,185.089996337891
2022-03-14,-0.0151884750581415,182.300003051758
2022-03-15,-0.018882610033681,178.889999389648
2022-03-16,0.0062412859954879,180.009994506836
2022-03-17,0.00487673395265453,180.889999389648
2022-03-18,-0.00882871070789726,179.300003051758
2022-03-21,0.00761175501954625,180.669998168945
2022-03-22,-0.00727718992424276,179.360000610352
2022-03-23,0.0135672095760517,181.809997558594
2022-03-24,0.00723413751310886,183.130004882812
2022-03-25,-0.00410386053769152,182.380004882812
2022-03-28,-0.0183715177068207,179.059997558594
2022-03-29,0.000446688068489465,179.139999389648
2022-03-30,0.00800628337925779,180.580001831055
2022-03-31,0.000387520788048157,180.649993896484
2022-04-01,-0.00638621587890142,179.5
2022-04-04,0.00483506168268466,180.369995117188
2022-04-05,-0.00628454904609921,179.240005493164
2022-04-06,0.00234047561969586,179.660003662109
2022-04-07,0.00377774158045074,180.339996337891
2022-04-08,0.00624641974861628,181.470001220703
2022-04-11,0.00494720614084976,182.369995117188
2022-04-12,0.0076474353017586,183.770004272461
2022-04-13,0.00477710928776975,184.649993896484
2022-04-14,-0.00330901943727024,184.039993286133
2022-04-18,0.00309240628185581,184.610000610352
2022-04-19,-0.0152282681121338,181.820007324219
2022-04-20,0.00488300619309268,182.710006713867
2022-04-21,-0.00356394350236044,182.059997558594
2022-04-22,-0.00976966135240076,180.289993286133
2022-04-25,-0.0181344325202302,177.050003051758
2022-04-26,0.00152385538733046,177.320007324219
2022-04-27,-0.00758572324263351,175.979995727539
2022-04-28,0.00538380478946276,176.929992675781
2022-04-29,-0.000112983347841045,176.910003662109
2022-05-02,-0.0187145229029451,173.630004882812
2022-05-03,0.00264575935691536,174.089996337891
2022-05-04,0.00977461677543445,175.800003051758
2022-05-05,-0.00381841944468952,175.130004882812
2022-05-06,0.00165450491947094,175.419998168945
2022-05-09,-0.0145853476425462,172.880004882812
2022-05-10,-0.00848106565352147,171.419998168945
2022-05-11,0.00813395800482208,172.820007324219
2022-05-12,-0.0154527061706764,170.169998168945
2022-05-13,-0.00814262769881147,168.789993286133
2022-05-16,0.00949327965207658,170.399993896484
2022-05-17,-0.00629909408568352,169.330001831055
2022-05-18,0.000531343704843756,169.419998168945
2022-05-19,0.0145902771602611,171.910003662109
2022-05-20,0.000697767757192658,172.029998779297
2022-05-23,0.00463958989386892,172.830001831055
2022-05-24,0.00749371172553825,174.130004882812
2022-05-25,-0.00604824879655919,173.080001831055
2022-05-26,-0.00185060963992711,172.759994506836
2022-05-27,0.000520885382691461,172.850006103516
2022-05-31,-0.00994227025516548,171.139999389648
2022-06-01,0.00634883661741625,172.229995727539
2022-06-02,0.0122340400879812,174.350006103516
2022-06-03,-0.0102039004388681,172.580001831055
2022-06-06,-0.00441344785286457,171.820007324219
2022-06-07,0.00649726781216842,172.940002441406
2022-06-08,-0.000925625783688488,172.779998779297
2022-06-09,-0.0031883338247285,172.229995727539
2022-06-10,0.0133231352281609,174.539993286133
2022-06-13,-0.0267673588244728,169.929992675781
2022-06-14,-0.00803540720328666,168.570007324219
2022-06-15,0.0129665096766107,170.770004272461
2022-06-16,0.0111804468161365,172.690002441406
2022-06-17,-0.00825681014404545,171.270004272461
2022-06-21,-0.00374378543448994,170.630004882812
2022-06-22,0.00397726833542222,171.309997558594
2022-06-23,-0.00614811829844886,170.259994506836
2022-06-24,-0.000998960996946074,170.089996337891
2022-06-27,-0.00111769444185761,169.899993896484
2022-06-28,-0.0016493806069402,169.619995117188
2022-06-29,-0.000766651706858745,169.490005493164
2022-06-30,-0.00609558769833463,168.460006713867
2022-07-01,-0.000831399678586031,168.320007324219
2022-07-05,-0.0214377996803847,164.75
2022-07-06,-0.0159690175874045,162.139999389648
2022-07-07,0.000554899291270061,162.229995727539
2022-07-08,0.000431438237254334,162.300003051758
2022-07-11,-0.0053749265251648,161.429992675781
2022-07-12,-0.00372364890598309,160.830001831055
2022-07-13,0.00477626596368541,161.600006103516
2022-07-14,-0.0141466492616411,159.330001831055
2022-07-15,-0.00201047581635638,159.009994506836
2022-07-18,0.000942949789432213,159.160003662109
2022-07-19,0.00238462383261684,159.539993286133
2022-07-20,-0.00944650933921132,158.039993286133
2022-07-21,0.014011796602265,160.270004272461
2022-07-22,0.00249264099549507,160.669998168945
2022-07-25,-0.00274230430363609,160.229995727539
2022-07-26,-0.00118651431738659,160.039993286133
2022-07-27,0.0101334672497853,161.669998168945
2022-07-28,0.0121116800437182,163.639999389648
2022-07-29,0.00280714595856946,164.100006103516
2022-08-01,0.00565123286869618,165.029998779297
2022-08-02,-0.00595599014890258,164.050003051758
2022-08-03,0.00243527606798821,164.449996948242
2022-08-04,0.016404693683584,167.169998168945
2022-08-05,-0.011309781450743,165.289993286133
2022-08-08,0.00843434829083645,166.690002441406
2022-08-09,0.00305486779707742,167.199996948242
2022-08-10,-0.00251511105886326,166.779998779297
2022-08-11,-0.00264170691486409,166.339996337891
2022-08-12,0.00915597682272118,167.869995117188
2022-08-15,-0.0129505280899895,165.710006713867
2022-08-16,-0.00175162996282996,165.419998168945
2022-08-17,-0.00648934594710493,164.350006103516
2022-08-18,-0.00261984448730246,163.919998168945
2022-08-19,-0.00734755295811507,162.720001220703
2022-08-22,-0.00665930336783305,161.639999389648
2022-08-23,0.00696655121758116,162.770004272461
2022-08-24,0.00294458050467927,163.25
2022-08-25,0.00305810635882064,163.75
2022-08-26,-0.0122271532019296,161.759994506836
2022-08-29,0.000618046524985871,161.860000610352
2022-08-30,-0.00837555613648,160.509994506836
2022-08-31,-0.00775530961297655,159.270004272461
2022-09-01,-0.0088290234746502,157.869995117188
2022-09-02,0.00876617372318744,159.259994506836
2022-09-06,-0.00585657825935559,158.330001831055
2022-09-07,0.0101172860901144,159.940002441406
2022-09-08,-0.00602037889749418,158.979995727539
2022-09-09,0.00526984650347639,159.820007324219
2022-09-12,0.00505538619332224,160.630004882812
2022-09-13,-0.0130967289066488,158.539993286133
2022-09-14,-0.00385503455531122,157.929992675781
2022-09-15,-0.0188558017376188,154.979995727539
2022-09-16,0.0055337676270808,155.839996337891
2022-09-19,0.000769790767980894,155.960006713867
2022-09-20,-0.00572293205529384,155.070007324219
2022-09-21,0.00463222832096299,155.789993286133
2022-09-22,-0.000577844189003862,155.699996948242
2022-09-23,-0.0174278164066743,153.009994506836
2022-09-26,-0.0117014143217977,151.229995727539
2022-09-27,0.00204774368773197,151.539993286133
2022-09-28,0.0205735578321775,154.690002441406
2022-09-29,-0.00019394717180532,154.660003662109
2022-09-30,0.0000646203522460809,154.669998168945
2022-10-03,0.0240190059453642,158.429992675781
2022-10-04,0.0142264445961118,160.699996948242
2022-10-05,-0.00555365943297659,159.809997558594
2022-10-06,-0.00112692645538637,159.630004882812
2022-10-07,-0.0110233861426892,157.880004882812
2022-10-10,-0.0153182032171566,155.479995727539
2022-10-11,-0.00206021233093967,155.160003662109
2022-10-12,0.0053350716717091,155.990005493164
2022-10-13,-0.0069476110871145,154.910003662109
2022-10-14,-0.0125371607930225,152.979995727539
2022-10-17,0.0028720806307474,153.419998168945
2022-10-18,0.00214866009039305,153.75
2022-10-19,-0.0134889259883391,151.690002441406
2022-10-20,-0.0015834633753089,151.449996948242
2022-10-21,0.0176705974145266,154.149993896484
2022-10-24,-0.00324886588451267,153.649993896484
2022-10-25,0.00227535356063591,154
2022-10-26,0.0063434463543528,154.979995727539
2022-10-27,-0.00154972414735877,154.740005493164
2022-10-28,-0.0102631741011789,153.160003662109
2022-10-31,-0.00819488619277475,151.910003662109
2022-11-01,0.010151726172797,153.460006713867
2022-11-02,-0.00699697020289225,152.389999389648
2022-11-03,-0.0038132974339371,151.809997558594
2022-11-04,0.0302345832528434,156.470001220703
2022-11-07,-0.00397026073937923,155.850006103516
2022-11-08,0.022836328940687,159.449996948242
2022-11-09,-0.00502989475916138,158.649993896484
2022-11-10,0.0299901530039923,163.479995727539
2022-11-11,0.00658459794711774,164.559997558594
2022-11-14,0.00218526622727744,164.919998168945
2022-11-15,0.0035106980811026,165.5
2022-11-16,-0.00229874209521697,165.119995117188
2022-11-17,-0.00729395996167259,163.919998168945
2022-11-18,-0.00691750738231445,162.789993286133
2022-11-21,-0.0056056352070879,161.880004882812
2022-11-22,0.00117303569090144,162.070007324219
2022-11-23,0.00621250331727907,163.080001831055
2022-11-25,0.000858102340973055,163.220001220703
2022-11-28,-0.00793489366537159,161.929992675781
2022-11-29,0.00492826156300818,162.729995727539
2022-11-30,0.0127009210150133,164.809997558594
2022-12-01,0.0182178423963073,167.839996337891
2022-12-02,-0.00346166771762402,167.259994506836
2022-12-05,-0.0173078053027202,164.389999389648
2022-12-06,0.00273363444587904,164.839996337891
2022-12-07,0.00899849355653792,166.330001831055
2022-12-08,0.000841342527782452,166.470001220703
2022-12-09,0.00353789437501995,167.059997558594
2022-12-12,-0.00829484183350182,165.679992675781
2022-12-13,0.016936889733695,168.509994506836
2022-12-14,-0.00243598589059779,168.100006103516
2022-12-15,-0.0164946003829014,165.350006103516
2022-12-16,0.0086710194951598,166.789993286133
2022-12-19,-0.00282180824899925,166.320007324219
2022-12-20,0.0164582989414397,169.080001831055
2022-12-21,-0.00165738628711498,168.800003051758
2022-12-22,-0.012158980168933,166.759994506836
2022-12-23,0.00299383503925466,167.259994506836
2022-12-27,0.00839467730277033,168.669998168945
2022-12-28,-0.0045159890327513,167.910003662109
2022-12-29,0.00558263959780536,168.850006103516
2022-12-30,0.00466775802933039,169.639999389648
2023-01-03,0.00833581687194673,171.059997558594
2023-01-04,0.00936788993956572,172.669998168945
2023-01-05,-0.0125296308674878,170.520004272461
2023-01-06,0.0185346638111996,173.710006713867
2023-01-09,0.00224260106797924,174.100006103516
2023-01-10,0.00366930447449132,174.740005493164
2023-01-11,-0.000687029886004886,174.619995117188
2023-01-12,0.0115016032132313,176.639999389648
2023-01-13,0.0119303337025931,178.759994506836
2023-01-17,-0.00656659129062387,177.589996337891
2023-01-18,-0.00287588384114912,177.080001831055
2023-01-19,0.0157439313774708,179.889999389648
2023-01-20,-0.00334098042131359,179.289993286133
2023-01-23,0.00189463780299004,179.630004882812
2023-01-24,0.00361198408794028,180.279998779297
2023-01-25,0.00459339379520873,181.110000610352
2023-01-26,-0.0090965150036082,179.470001220703
2023-01-27,-0.00139396157562377,179.220001220703
2023-01-30,-0.00257001493129128,178.759994506836
2023-01-31,0.00362961650726934,179.410003662109
2023-02-01,0.0125181345283876,181.669998168945
2023-02-02,-0.0209702840085377,177.899993896484
2023-02-03,-0.0252744964012273,173.460006713867
2023-02-06,0.00207325918424051,173.820007324219
2023-02-07,0.000920002376084916,173.979995727539
2023-02-08,0.00246854475550773,174.410003662109
2023-02-09,-0.00794388746401342,173.029998779297
2023-02-10,0.00190537793512746,173.360000610352
2023-02-13,-0.00508909779895017,172.479995727539
2023-02-14,0.000753454984742774,172.610000610352
2023-02-15,-0.0100146468474005,170.889999389648
2023-02-16,-0.000819572636313382,170.75
2023-02-17,0.0029823390721484,171.259994506836
2023-02-21,-0.00374400466055391,170.619995117188
2023-02-22,-0.00564237689791547,169.660003662109
2023-02-23,-0.000530591852650808,169.570007324219
2023-02-24,-0.00722068224992523,168.350006103516
2023-02-27,0.00391267040612764,169.009994506836
2023-02-28,0.00454562185178098,169.779998779297
2023-03-01,0.00575555560093388,170.759994506836
2023-03-02,-0.000585735153896039,170.660003662109
2023-03-03,0.0106660010558635,172.490005493164
2023-03-06,-0.00505659369513989,171.619995117188
2023-03-07,-0.0176350683906366,168.619995117188
2023-03-08,-0.000474563028282304,168.539993286133
2023-03-09,0.009801127700098,170.199996948242
2023-03-10,0.021333667247724,173.869995117188
2023-03-13,0.0226888619465591,177.860000610352
2023-03-14,-0.00580789798136117,176.830001831055
2023-03-15,0.00777383843714219,178.210006713867
2023-03-16,0.00201805436607039,178.570007324219
2023-03-17,0.0287042767313039,183.770004272461
2023-03-20,0.000380795224065089,183.839996337891
2023-03-21,-0.0190555245693371,180.369995117188
2023-03-22,0.0168773822476487,183.440002441406
2023-03-23,0.012460224063676,185.740005493164
2023-03-24,-0.011316136891165,183.649993896484
2023-03-27,-0.00929983174551641,181.949996948242
2023-03-28,0.00815574457300539,183.440002441406
2023-03-29,-0.00497311547165857,182.529998779297
2023-03-30,0.00899896413957801,184.179992675781
2023-03-31,-0.00522587727702373,183.220001220703
2023-04-03,0.00717858251921033,184.539993286133
2023-04-04,0.0184693456951086,187.979995727539
2023-04-05,-0.000798243290084599,187.830001831055
2023-04-06,-0.00715966037490023,186.490005493164
2023-04-10,-0.00742740153006594,185.110000610352
2023-04-11,0.00630066529229101,186.279998779297
2023-04-12,0.00487324529451261,187.190002441406
2023-04-13,0.0134251505879819,189.720001220703
2023-04-14,-0.0178690172198985,186.360000610352
2023-04-17,-0.00446370276447716,185.529998779297
2023-04-18,0.00387326980042868,186.25
2023-04-19,-0.00478997384275814,185.360000610352
2023-04-20,0.00393052455698673,186.089996337891
2023-04-21,-0.00993687690445189,184.25
2023-04-24,0.00303472601786137,184.809997558594
2023-04-25,0.00507342651056142,185.75
2023-04-26,-0.00545222269883716,184.740005493164
2023-04-27,0.0000540989292803218,184.75
2023-04-28,0.000270615893112947,184.800003051758
2023-05-01,-0.00450146824839504,183.970001220703
2023-05-02,0.0191128216996459,187.520004272461
2023-05-03,0.0084433303940008,189.110000610352
2023-05-04,0.00700833757946029,190.440002441406
2023-05-05,-0.0157716720128649,187.460006713867
2023-05-08,0.00122615354253863,187.690002441406
2023-05-09,0.00706117349432134,189.020004272461
2023-05-10,-0.00142946404099753,188.75
2023-05-11,-0.00861979954628023,187.130004882812
2023-05-12,-0.00171154409931074,186.809997558594
2023-05-15,0.00213897279939257,187.210006713867
2023-05-16,-0.0125781683307231,184.869995117188
2023-05-17,-0.00346789513370283,184.229995727539
2023-05-18,-0.0130577944134069,181.839996337891
2023-05-19,0.00985015665228772,183.639999389648
2023-05-22,-0.00234424350849149,183.210006713867
2023-05-23,0.00120001084812937,183.429992675781
2023-05-24,-0.00810117611136718,181.949996948242
2023-05-25,-0.00966457904681661,180.199996948242
2023-05-26,0.00398760624999994,180.919998168945
2023-05-30,0.00617147177832145,182.039993286133
2023-05-31,0.00153701884258961,182.320007324219
2023-06-01,0.00786710337794361,183.759994506836
2023-06-02,-0.014857275420165,181.050003051758
2023-06-05,0.00600236572113566,182.139999389648
2023-06-06,0.00109743728412592,182.339996337891
2023-06-07,-0.012083252758881,180.149993896484
2023-06-08,0.0131247330730933,182.529998779297
2023-06-09,-0.00268813011984204,182.039993286133
2023-06-12,-0.000879250464015158,181.880004882812
2023-06-13,-0.00739483312084133,180.539993286133
2023-06-14,0.000553774340214197,180.639999389648
2023-06-15,0.00700598238303574,181.910003662109
2023-06-16,-0.00154040176091463,181.630004882812
2023-06-20,-0.0104046810434886,179.75
2023-06-21,-0.00144746992681632,179.490005493164
2023-06-22,-0.00996648069703898,177.710006713867
2023-06-23,0.00275345193394294,178.199996948242
2023-06-26,0.00173809337591191,178.509994506836
2023-06-27,-0.00460411859047838,177.690002441406
2023-06-28,-0.00231007602349376,177.279998779297
2023-06-29,-0.00107233943184504,177.089996337891
2023-06-30,0.00664122168866754,178.270004272461
2023-07-03,0.00112124777774003,178.470001220703
2023-07-05,-0.00353627764396336,177.839996337891
2023-07-06,-0.00298464976402624,177.309997558594
2023-07-07,0.0074730048154894,178.639999389648
2023-07-10,0.000783388716498301,178.779998779297
2023-07-11,0.00374060775569873,179.449996948242
2023-07-12,0.0134505552157078,181.880004882812
2023-07-13,0.000714444638602707,182.009994506836
2023-07-14,-0.00319173642907433,181.429992675781
2023-07-17,0.000716300128757119,181.559997558594
2023-07-18,0.0113911519159542,183.639999389648
2023-07-19,0.000163343113789516,183.669998168945
2023-07-20,-0.00507625154070812,182.740005493164
2023-07-21,-0.00306923851700791,182.179992675781
2023-07-24,-0.00429066507915188,181.399993896484
2023-07-25,0.00555241674076434,182.410003662109
2023-07-26,0.00486725071956151,183.300003051758
2023-07-27,-0.0158367154149905,180.419998168945
2023-07-28,0.00794970757428093,181.860000610352
2023-07-31,0.00269078707219261,182.350006103516
2023-08-01,-0.0104187669555822,180.460006713867
2023-08-02,-0.00477699391850006,179.600006103516
2023-08-03,-0.000334202918323534,179.539993286133
2023-08-04,0.00361387635407429,180.190002441406
2023-08-07,-0.00227798893251929,179.779998779297
2023-08-08,-0.0063612702400242,178.639999389648
2023-08-09,-0.00476956334967316,177.789993286133
2023-08-10,-0.00106917584086119,177.600006103516
2023-08-11,0,177.600006103516
2023-08-14,-0.00304522053039058,177.059997558594
2023-08-15,-0.00265800370720903,176.589996337891
2023-08-16,-0.00579277518919508,175.570007324219
2023-08-17,-0.00153905616195615,175.300003051758
2023-08-18,0.000171113589552796,175.330001831055
2023-08-21,0.00273392964256658,175.809997558594
2023-08-22,0.00164819759345303,176.100006103516
2023-08-23,0.010113328144584,177.889999389648
2023-08-24,-0.000224845593320033,177.850006103516
2023-08-25,-0.00129412337265755,177.619995117188
2023-08-28,0.00286723887576468,178.130004882812
2023-08-29,0.00972069237763318,179.869995117188
2023-08-30,0.00249875031582292,180.320007324219
2023-08-31,-0.00166511134716441,180.020004272461
2023-09-01,0.000499799175541327,180.110000610352
2023-09-05,-0.00819517462249131,178.639999389648
2023-09-06,-0.00454455606301885,177.830001831055
2023-09-07,0.00106787947845088,178.020004272461
2023-09-08,0.000336970278759452,178.080001831055
2023-09-11,0.00185139510354304,178.410003662109
2023-09-12,-0.00516999266357931,177.490005493164
2023-09-13,-0.00231268204519264,177.080001831055
2023-09-14,0.000508095073121773,177.169998168945
2023-09-15,0.00658210689497807,178.339996337891
2023-09-18,0.00587038313631894,179.389999389648
2023-09-19,-0.000948095041354513,179.220001220703
2023-09-20,0.000725129742328967,179.350006103516
2023-09-21,-0.00727481114592265,178.050003051758
2023-09-22,0.00319619005574623,178.619995117188
2023-09-25,-0.00516389893247116,177.699996948242
2023-09-26,-0.00802308493796478,176.279998779297
2023-09-27,-0.0124437512173188,174.100006103516
2023-09-28,-0.00500971520433779,173.229995727539
2023-09-29,-0.0103285055180988,171.449996948242
2023-10-02,-0.0105542058560992,169.649993896484
2023-10-03,-0.00289242100005715,169.160003662109
2023-10-04,-0.000118263507559391,169.139999389648
2023-10-05,-0.00183446841086354,168.830001831055
2023-10-06,0.00513985192227384,169.699996948242
2023-10-09,0.0182184785369435,172.820007324219
2023-10-10,-0.0016795054754084,172.529998779297
2023-10-11,0.00727650782610922,173.789993286133
2023-10-12,-0.00305431038732351,173.259994506836
2023-10-13,0.0316423193817759,178.830001831055
2023-10-16,-0.00487680047435202,177.960006713867
2023-10-17,0.00185255672500162,178.289993286133
2023-10-18,0.0143671137834946,180.869995117188
2023-10-19,0.0121993010496544,183.089996337891
2023-10-20,0.00272717530207434,183.589996337891
2023-10-23,-0.00338277887682104,182.970001220703
2023-10-24,-0.000109336863690856,182.949996948242
2023-10-25,0.00419999131757365,183.720001220703
2023-10-26,0.00157720800379302,184.009994506836
2023-10-27,0.0115626934248141,186.149993896484
2023-10-30,-0.0056565149769634,185.100006103516
2023-10-31,-0.0054715039881712,184.089996337891
2023-11-01,-0.00315561657671726,183.509994506836
2023-11-02,0.00331856044059631,184.119995117188
2023-11-03,0.00363231642760553,184.789993286133
2023-11-06,-0.00782308105070495,183.350006103516
2023-11-07,-0.00415374571403238,182.589996337891
2023-11-08,-0.0100176534706273,180.770004272461
2023-11-09,0.00397505741379067,181.490005493164
2023-11-10,-0.0109696999532449,179.509994506836
2023-11-13,0.00555526138691587,180.509994506836
2023-11-14,0.00887963618660415,182.119995117188
2023-11-15,-0.00263908078609454,181.639999389648
2023-11-16,0.011222864579354,183.690002441406
2023-11-17,-0.000108908277697495,183.669998168945
2023-11-20,-0.00163471623830436,183.369995117188
2023-11-21,0.0107400195935421,185.350006103516
2023-11-22,-0.0042713618891721,184.559997558594
2023-11-24,0.00518811533968222,185.520004272461
2023-11-27,0.00671522022410809,186.770004272461
2023-11-28,0.0132437658546181,189.259994506836
2023-11-29,0.00147834656449319,189.539993286133
2023-11-30,-0.00417666049101317,188.75
2023-12-01,0.0171240372669512,192.009994506836
2023-12-04,-0.0218504175807457,187.860000610352
2023-12-05,-0.0037866060778633,187.149993896484
2023-12-06,0.00368011540635749,187.839996337891
2023-12-07,0.00164896745598586,188.149993896484
2023-12-08,-0.013430173514668,185.639999389648
2023-12-11,-0.0111043205602535,183.589996337891
2023-12-12,-0.000544790490906166,183.490005493164
2023-12-13,0.0223117644889141,187.630004882812
2023-12-14,0.00584543508918856,188.729995727539
2023-12-15,-0.00920878275750781,187
2023-12-18,0.00453518765682315,187.850006103516
2023-12-19,0.00679083060618169,189.130004882812
2023-12-20,-0.00546086636235898,188.100006103516
2023-12-21,0.00704575572044064,189.429992675781
2023-12-22,0.00442461403136285,190.270004272461
2023-12-26,0.00759184215150821,191.720001220703
2023-12-27,0.00452757726252173,192.589996337891
2023-12-28,-0.00583241316052518,191.470001220703
2023-12-29,-0.00156806979776292,191.169998168945
2024-01-02,-0.00235668468529404,190.720001220703
2024-01-03,-0.0083717551598923,189.130004882812
2024-01-04,0.00100410860743327,189.320007324219
2024-01-05,0.000158442856819541,189.350006103516
2024-01-08,-0.00784697829301617,187.869995117188
2024-01-09,0.000319305806558923,187.929992675781
2024-01-10,-0.002290668684922,187.5
2024-01-11,0.00197136287836308,187.869995117188
2024-01-12,0.00974641746578442,189.710006713867
2024-01-16,-0.00953348146491706,187.910003662109
2024-01-17,-0.0110770755332537,185.839996337891
2024-01-18,0.00819917679424442,187.369995117188
2024-01-19,0.0029842685447008,187.929992675781
2024-01-22,-0.0037851116316352,187.220001220703
2024-01-23,0.00389155130936203,187.949996948242
2024-01-24,-0.00828108426580609,186.399993896484
2024-01-25,0.00396212707898869,187.139999389648
2024-01-26,-0.000694934599306585,187.009994506836
2024-01-29,0.0070336909422517,188.330001831055
2024-01-30,0.00137957417666712,188.589996337891
2024-01-31,-0.000742623586757141,188.449996948242
2024-02-01,0.0103469577000945,190.410003662109
2024-02-02,-0.00949826692011602,188.610000610352
2024-02-05,-0.00552924617895911,187.570007324219
2024-02-06,0.00521109176959822,188.550003051758
2024-02-07,-0.000265233001703891,188.5
2024-02-08,-0.000902253958823707,188.330001831055
2024-02-09,-0.00388368382238635,187.600006103516
2024-02-12,-0.00261538663872152,187.110000610352
2024-02-13,-0.0138846371949484,184.529998779297
2024-02-14,-0.000596290090911111,184.419998168945
2024-02-15,0.00670130851432837,185.660003662109
2024-02-16,0.00365587867284045,186.339996337891
2024-02-20,0.00604589675111544,187.470001220703
2024-02-21,0.0000533111450575774,187.479995727539
2024-02-22,0.000426630939101003,187.559997558594
2024-02-23,0.00563560202398605,188.619995117188
2024-02-26,-0.00222917229292818,188.199996948242
2024-02-27,-0.00106324810582592,188
2024-02-28,0.00180685780782763,188.339996337891
2024-02-29,0.00513704948770055,189.309997558594
2024-03-01,0.0187342049464245,192.889999389648
2024-03-04,0.0160455752403639,196.009994506836
2024-03-05,0.00600209301231303,197.190002441406
2024-03-06,0.00818183916356841,198.809997558594
2024-03-07,0.0056677512615817,199.940002441406
2024-03-08,0.00841702511695175,201.630004882812
2024-03-11,0.00183333853452439,202
2024-03-12,-0.0110009160939688,199.789993286133
2024-03-13,0.00698296602873771,201.190002441406
2024-03-14,-0.00418387978955526,200.350006103516
2024-03-15,-0.00319951964761511,199.710006713867
2024-03-18,0.00160100129775742,200.029998779297
2024-03-19,-0.00115046770804472,199.800003051758
2024-03-20,0.0118414720111666,202.179992675781
2024-03-21,-0.00103917593540359,201.970001220703
2024-03-22,-0.00805331001786058,200.350006103516
2024-03-25,0.00318931536177569,200.990005493164
2024-03-26,0.00322874327929856,201.639999389648
2024-03-27,0.0072145724506214,203.100006103516
2024-03-28,0.0128175282024099,205.720001220703
2024-04-01,0.0101563288270645,207.820007324219
2024-04-02,0.0146643119619139,210.889999389648
2024-04-03,0.00873412101503668,212.740005493164
2024-04-04,-0.00575121178236682,211.520004272461
2024-04-05,0.0169693993046893,215.139999389648
2024-04-08,0.00620916851956199,216.479995727539
2024-04-09,0.0054820013282546,217.669998168945
2024-04-10,-0.00950892303540485,215.610000610352
2024-04-11,0.0192468328744955,219.800003051758
2024-04-12,-0.0133277460933598,216.889999389648
2024-04-15,0.0185461080043563,220.949996948242
2024-04-16,0.00122126922739341,221.220001220703
2024-04-17,-0.00739553241129087,219.589996337891
2024-04-18,0.00340963671078498,220.339996337891
2024-04-19,0.00312664209690361,221.029998779297
2024-04-22,-0.025012716627157,215.570007324219
2024-04-23,-0.00246169064809632,215.039993286133
2024-04-24,-0.00186182283954039,214.639999389648
2024-04-25,0.0059457569557404,215.919998168945
2024-04-26,0.00323668363717466,216.619995117188
2024-04-29,-0.0020332837588084,216.179992675781
2024-04-30,-0.0201385041179369,211.869995117188
2024-05-01,0.0090213374183552,213.789993286133
2024-05-02,-0.00309186232512104,213.130004882812
2024-05-03,-0.000797944909941783,212.960006713867
2024-05-06,0.0104634279333737,215.199996948242
2024-05-07,-0.00461094049942012,214.210006713867
2024-05-08,-0.00294539529062376,213.580001831055
2024-05-09,0.0156554198611634,216.949996948242
2024-05-10,0.00807978389431963,218.710006713867
2024-05-13,-0.0112653199553874,216.259994506836
2024-05-14,0.00842644272074988,218.089996337891
2024-05-15,0.0127570324481878,220.889999389648
2024-05-16,-0.00390094214143222,220.029998779297
2024-05-17,0.0163631628294416,223.660003662109
2024-05-20,0.00401586320807379,224.559997558594
2024-05-21,-0.00147062945015453,224.229995727539
2024-05-22,-0.0185448675645654,220.110000610352
2024-05-23,-0.0201461480391867,215.720001220703
2024-05-24,0.000926684101738573,215.919998168945
2024-05-28,0.0104582937944144,218.190002441406
2024-05-29,-0.00934736287036841,216.160003662109
2024-05-30,0.00189496348480489,216.570007324219
2024-05-31,-0.00588143609359282,215.300003051758
2024-06-03,0.00887825192679159,217.220001220703
2024-06-04,-0.00901759641821087,215.270004272461
2024-06-05,0.0117759932192953,217.820007324219
2024-06-06,0.00736417439675652,219.429992675781
2024-06-07,-0.0363355128406582,211.600006103516
2024-06-10,0.00912640848062551,213.539993286133
2024-06-11,0.00285253825089438,214.149993896484
2024-06-12,0.00265818390815387,214.720001220703
2024-06-13,-0.00818354301719726,212.970001220703
2024-06-14,0.0128762895266323,215.729995727539
2024-06-17,-0.00520517570045076,214.610000610352
2024-06-18,0.00399926410405183,215.470001220703
2024-06-20,0.012407060942234,218.160003662109
2024-06-21,-0.0156145125771143,214.779998779297
2024-06-24,0.00394975582041113,215.630004882812
2024-06-25,-0.00497459041227266,214.559997558594
2024-06-26,-0.00927101143578302,212.580001831055
2024-06-27,0.0112731442499241,214.990005493164
2024-06-28,0.0000929721566800268,215.009994506836
2024-07-01,0.00260120363587468,215.570007324219
2024-07-02,-0.000046435021981317,215.559997558594
2024-07-03,0.011209933637061,217.990005493164
2024-07-05,0.0133966607346947,220.929992675781
2024-07-08,-0.0124796220872563,218.190002441406
2024-07-09,0.00169431118809094,218.559997558594
2024-07-10,0.00365365338441492,219.360000610352
2024-07-11,0.0175780011601852,223.25
2024-07-12,-0.000627293637637472,223.110000610352
2024-07-15,0.00322191721312137,223.830001831055
2024-07-16,0.0197298778200485,228.289993286133
2024-07-17,-0.00465401957079781,227.229995727539
2024-07-18,-0.00640163315454689,225.779998779297
2024-07-19,-0.0181006622306459,221.729995727539
2024-07-22,0.000315682479167911,221.800003051758
2024-07-23,0.00351050709646206,222.580001831055
2024-07-24,-0.00351050709646206,221.800003051758
2024-07-25,-0.0157684006136556,218.330001831055
2024-07-26,0.0104794243898434,220.630004882812
2024-07-29,-0.00140604422761292,220.320007324219
2024-07-30,0.00993593618354449,222.520004272461
2024-07-31,0.0179486801762803,226.550003051758
2024-08-01,-0.00344888370988361,225.770004272461
2024-08-02,-0.00190644438929866,225.339996337891
2024-08-05,-0.0127731657626242,222.479995727539
2024-08-06,-0.00803289128685059,220.699996948242
2024-08-07,-0.000679859047078679,220.550003051758
2024-08-08,0.0155662288057785,224.009994506836
2024-08-09,0.00245225198791044,224.559997558594
2024-08-12,0.0169993545119231,228.410003662109
2024-08-13,-0.00153353416948754,228.059997558594
2024-08-14,-0.00818919133350082,226.199996948242
2024-08-15,0.00313392904161169,226.910003662109
2024-08-16,0.0221408117352873,231.990005493164
2024-08-19,-0.00163936567262901,231.610000610352
2024-08-20,0.00366327080250262,232.460006713867
2024-08-21,-0.00133450792270651,232.149993896484
2024-08-22,-0.0120472892564782,229.369995117188
2024-08-23,0.0114871943432586,232.020004272461
2024-08-26,0.00318426292689544,232.759994506836
2024-08-27,0.00270301522962413,233.389999389648
2024-08-28,-0.00705166697200799,231.75
2024-08-29,0.00516462071635715,232.949996948242
2024-08-30,-0.00715151978283224,231.289993286133
2024-09-03,-0.00433295027353253,230.289993286133
2024-09-04,0.00060774178773837,230.429992675781
2024-09-05,0.00829778490591959,232.350006103516
2024-09-06,-0.00743016585140577,230.630004882812
2024-09-09,0.00419705610432519,231.600006103516
2024-09-10,0.00439442786784827,232.619995117188
2024-09-11,-0.00159182222643395,232.25
2024-09-12,0.0174147634461193,236.330001831055
2024-09-13,0.00989457082746004,238.679992675781
2024-09-16,-0.0000837516815552775,238.660003662109
2024-09-17,-0.00554626347878173,237.339996337891
2024-09-18,-0.00774034473177565,235.509994506836
2024-09-19,0.0154212364194874,239.169998168945
2024-09-20,0.0126305576825319,242.210006713867
2024-09-23,0.00193852671610095,242.679992675781
2024-09-24,0.0138724051716501,246.070007324219
2024-09-25,-0.00138272325637523,245.729995727539
2024-09-26,0.00507398958205307,246.979995727539
2024-09-27,-0.0079674870876465,245.020004272461
2024-09-30,-0.00803154090502201,243.059997558594
2024-10-01,0.0104365981433157,245.610000610352
2024-10-02,0.000203566476664641,245.660003662109
2024-10-03,-0.000692245434449568,245.490005493164
2024-10-04,-0.00199802503899793,245
2024-10-07,-0.00339351403676513,244.169998168945
2024-10-08,-0.00739923249434504,242.369995117188
2024-10-09,-0.00546107050171685,241.050003051758
2024-10-10,0.0073160647670889,242.820007324219
2024-10-11,0.0108542868688613,245.470001220703
2024-10-14,-0.00163083123973173,245.070007324219
2024-10-15,0.00346235843643417,245.919998168945
2024-10-16,0.00498914271282302,247.149993896484
2024-10-17,0.00597045216176184,248.630004882812
2024-10-18,0.0105622079795928,251.270004272461
2024-10-21,-0.000199021080523387,251.220001220703
2024-10-22,0.0107295555236373,253.929992675781
2024-10-23,-0.0121237524316147,250.869995117188
2024-10-24,0.00766381713429887,252.800003051758
2024-10-25,0.00205486621661155,253.320007324219
2024-10-28,0.0000394532977665563,253.330001831055
2024-10-29,0.0108359370369522,256.089996337891
2024-10-30,0.00549078920793189,257.5
2024-10-31,-0.0156164717872711,253.509994506836
2024-11-01,-0.00411081370594157,252.470001220703
2024-11-04,0.00142489874960372,252.830001831055
2024-11-05,0.00225191044037043,253.399993896484
2024-11-06,-0.0308579766940857,245.699996948242
2024-11-07,0.0159486453918616,249.649993896484
2024-11-08,-0.006792442588198,247.960006713867
2024-11-11,-0.0237514011511921,242.139999389648
2024-11-12,-0.00866882106898004,240.050003051758
2024-11-13,-0.0101323849976973,237.630004882812
2024-11-14,-0.00261255153137796,237.009994506836
2024-11-15,-0.00177364141540171,236.589996337891
2024-11-18,0.0188416228259252,241.089996337891
2024-11-19,0.00891942849470784,243.25
2024-11-20,0.00561624503229652,244.619995117188
2024-11-21,0.00830491888622209,246.660003662109
2024-11-22,0.012809813332372,249.839996337891
2024-11-25,-0.0299014831873059,242.479995727539
2024-11-26,0.00193643316095393,242.949996948242
2024-11-27,0.00222024818700284,243.490005493164
2024-11-29,0.00858756744253419,245.589996337891
2024-12-02,-0.00879294830269384,243.440002441406
2024-12-03,0.00201075324445554,243.929992675781
2024-12-04,0.00302908748607766,244.669998168945
2024-12-05,-0.00742520820917392,242.860000610352
2024-12-06,0.000370500151797515,242.949996948242
2024-12-09,0.00987087400291919,245.360000610352
2024-12-10,0.0130784159809938,248.589996337891
2024-12-11,0.00948865236059504,250.960006713867
2024-12-12,-0.0147722977478217,247.279998779297
2024-12-13,-0.0121652762233744,244.289993286133
2024-12-16,0.00241229791280517,244.880004882812
2024-12-17,-0.00384601115345351,243.940002441406
2024-12-18,-0.019371499639532,239.259994506836
2024-12-19,0.00142008793128134,239.600006103516
2024-12-20,0.0103799974396681,242.100006103516
2024-12-23,-0.00471991668021055,240.960006713867
2024-12-24,0.00199003265687026,241.440002441406
2024-12-26,0.00672849270191467,243.070007324219
2024-12-27,-0.00689421445370364,241.399993896484
2024-12-30,-0.00319477904087595,240.630004882812
2024-12-31,0.00621428783173972,242.130004882812
2025-01-02,0.0134962289170311,245.419998168945
2025-01-03,-0.00789512460984376,243.490005493164
2025-01-06,-0.00123285561299191,243.190002441406
2025-01-07,0.00561762673506383,244.559997558594
2025-01-08,0.00530160312198458,245.860000610352
2025-01-10,0.00951291837494939,248.210006713867
2025-01-13,-0.0100011003036755,245.740005493164
2025-01-14,0.00523569300798865,247.029998779297
2025-01-15,0.00746109040755094,248.880004882812
2025-01-16,0.00688719460905141,250.600006103516
2025-01-17,-0.00532140333268494,249.270004272461
2025-01-21,0.0153665465569839,253.130004882812
2025-01-22,0.00512251021306831,254.429992675781
2025-01-23,-0.00141587182576508,254.070007324219
2025-01-24,0.00619944922233007,255.649993896484
2025-01-27,-0.0104593136838806,252.990005493164
2025-01-28,0.00861916582380218,255.179992675781
2025-01-29,-0.00384780304141863,254.199996948242
2025-01-30,0.0150319705398161,258.049987792969
2025-01-31,0.00197444860058216,258.559997558594
2025-02-03,0.00532307865522341,259.940002441406
2025-02-04,0.00980023748604442,262.5
2025-02-05,0.00619034264243012,264.130004882812
2025-02-06,-0.0026537744373778,263.429992675781
2025-02-07,0.00178257014440941,263.899993896484
2025-02-10,0.0167963868025067,268.369995117188
2025-02-11,-0.00365828558987058,267.390014648438
2025-02-12,0.00104660707271442,267.670013427734
2025-02-13,0.00981451083015106,270.309997558594
2025-02-14,-0.0149834669265489,266.290008544922
2025-02-18,0.0164252691444773,270.700012207031
2025-02-19,0.000553942924009121,270.850006103516
2025-02-20,0.000516699154435862,270.989990234375
2025-02-21,-0.000922969105498161,270.739990234375
2025-02-24,0.00541488115699096,272.209991455078
2025-02-25,-0.0132760725409762,268.619995117188
2025-02-26,0.0015251697060954,269.029998779297
2025-02-27,-0.0153572805066711,264.929992675781
2025-02-28,-0.00628553269566812,263.269989013672
2025-03-03,0.0130942847759341,266.739990234375
2025-03-04,0.00866002940033894,269.059997558594
2025-03-05,0.00207914816937826,269.619995117188
2025-03-06,-0.00509416064213131,268.25
2025-03-07,0.000521819647408606,268.390014648438
2025-03-10,-0.00879449562305989,266.040008544922
2025-03-11,0.0116593063906576,269.160003662109
2025-03-12,0.00433737331760042,270.329986572266
2025-03-13,0.0176003457428404,275.130004882812
2025-03-14,0.000399677867624959,275.239990234375
2025-03-17,0.00539893243464284,276.730010986328
2025-03-18,0.0116043640108776,279.959991455078
2025-03-19,0.00409929439969137,281.109985351562
2025-03-20,-0.0012814060805395,280.75
2025-03-21,-0.0080824766049421,278.489990234375
2025-03-24,-0.00446249078313343,277.25
2025-03-25,0.00439071179007477,278.470001220703
2025-03-26,-0.000826322512426536,278.239990234375
2025-03-27,0.0133166711213901,281.970001220703
2025-03-28,0.00738478822878186,284.059997558594
2025-03-31,0.014261049112946,288.140014648438
2025-04-01,-0.00198018963964763,287.570007324219
2025-04-02,0.00204955980464749,288.160003662109
2025-04-03,-0.00605658220441363,286.420013427734
2025-04-04,-0.0236702047321451,279.720001220703
2025-04-07,-0.0217199866857039,273.709991455078
2025-04-08,0.00542902990215222,275.200012207031
2025-04-09,0.0363234921961588,285.380004882812
2025-04-10,0.0241300928868142,292.350006103516
2025-04-11,0.0189067995005816,297.929992675781
2025-04-14,-0.00572231829065384,296.230010986328
2025-04-15,0.00521873801902561,297.779998779297
2025-04-16,0.0320225707536759,307.470001220703
2025-04-17,-0.00440035949066253,306.119995117188
2025-04-21,0.030466725196562,315.589996337891
2025-04-22,-0.01429739087994,311.109985351562
2025-04-23,-0.024270798064606,303.649993896484
2025-04-24,0.0144513514097522,308.070007324219
2025-04-25,-0.0109008789559564,304.730010986328
2025-04-28,0.0141416374596135,309.070007324219
2025-04-29,-0.00978665897049513,306.059997558594
2025-04-30,-0.00751035324404192,303.769989013672
2025-05-01,-0.0209910665037976,297.459991455078
2025-05-02,0.00174667359037706,297.980010986328
2025-05-05,0.0294304005776791,306.880004882812
2025-05-06,0.0276385157477375,315.480010986328
2025-05-07,-0.0151065929631358,310.75
2025-05-08,-0.019890788928179,304.630004882812
2025-05-09,0.00722848569353829,306.839996337891
2025-05-12,-0.0285955517409962,298.190002441406
2025-05-13,0.00424994875995388,299.459991455078
2025-05-14,-0.0212622766256434,293.160003662109
2025-05-15,0.0158378697194079,297.839996337891
2025-05-16,-0.0121606896022097,294.239990234375
2025-05-19,0.0127984208167451,298.029998779297
2025-05-20,0.0184509744839865,303.579986572266
2025-05-21,0.00735159456202439,305.820007324219
2025-05-22,-0.00890098992531829,303.109985351562
2025-05-23,0.0216697929051213,309.75
2025-05-27,-0.0170944333592997,304.5
2025-05-28,-0.00226858917361294,303.809997558594
2025-05-29,0.00590723336194454,305.609985351562
2025-05-30,-0.00659866571300238,303.600006103516
2025-06-02,0.026233913208447,311.670013427734
2025-06-03,-0.00889499464201915,308.910003662109
2025-06-04,0.00642131324123429,310.899993896484
2025-06-05,-0.00506267264407434,309.329986572266
2025-06-06,-0.0135068823249478,305.179992675781
2025-06-09,0.00470743749374858,306.619995117188
2025-06-10,0.00029346792267404,306.709991455078
2025-06-11,0.00539769697833048,308.369995117188
2025-06-12,0.0123437023226929,312.200012207031
2025-06-13,0.0130154940916993,316.290008544922
2025-06-16,-0.0143617343038018,311.779998779297
2025-06-17,0.000513062480940185,311.940002441406
2025-06-18,-0.00540018233840289,310.260009765625
2025-06-20,-0.000419106954160142,310.130004882812
2025-06-23,0.00305849050420903,311.079986572266
2025-06-24,-0.0158442383912707,306.190002441406
2025-06-25,0.0030327025232495,307.119995117188
2025-06-26,-0.00110766045294941,306.779998779297
2025-06-27,-0.0182899755046471,301.220001220703
2025-06-30,0.0119133012797548,304.829986572266
2025-07-01,0.00888343584717965,307.549987792969
2025-07-02,0.00551237530943016,309.25
2025-07-03,-0.00684629388202129,307.140014648438
2025-07-07,0.000748500352582226,307.369995117188
2025-07-08,-0.0104983269629644,304.160003662109
2025-07-09,0.00446131617762635,305.519989013672
2025-07-10,0.00222331613196491,306.200012207031
2025-07-11,0.00955577301886379,309.140014648438
2025-07-14,-0.00366201442412173,308.010009765625
2025-07-15,-0.00416436407551402,306.730010986328
2025-07-16,0.00497569678939147,308.260009765625
2025-07-17,-0.00217589895410963,307.589996337891
2025-07-18,0.00259754779734855,308.390014648438
2025-07-21,0.0152531921274326,313.130004882812
2025-07-22,0.00944018316130801,316.100006103516
2025-07-23,-0.0124787174616419,312.179992675781
2025-07-24,-0.00613707032885724,310.269989013672
2025-07-25,-0.00929303949067872,307.399993896484
2025-07-28,-0.00649466306757773,305.410003662109
2025-07-29,0.00274661367730822,306.25
2025-07-30,-0.0174244246984347,300.959991455078
2025-07-31,0.00662341822825052,302.959991455078
2025-08-01,0.0200963978265731,309.109985351562
2025-08-04,0.00580633979396783,310.910003662109
2025-08-05,0.000803768098495361,311.160003662109
2025-08-06,-0.00212335973425581,310.5
2025-08-07,0.00840258668017135,313.119995117188
2025-08-08,-0.000223604856256721,313.049987792969
2025-08-11,-0.0144790179929437,308.549987792969
2025-08-12,-0.000907878502829362,308.269989013672
2025-08-13,0.00304464338044763,309.209991455078
2025-08-14,-0.00635888163597809,307.25
2025-08-15,0.000585646785547844,307.429992675781
2025-08-18,-0.00156248758939359,306.950012207031
2025-08-19,-0.00548831272119976,305.269989013672
2025-08-20,0.0100712891656238,308.359985351562
2025-08-21,-0.00347592916281592,307.290008544922
2025-08-22,0.0106495189827536,310.579986572266
2025-08-25,-0.00241775728248061,309.829986572266
2025-08-26,0.00723580554764247,312.079986572266
2025-08-27,0.00201669398834969,312.709991455078
2025-08-28,0.00739165235096095,315.029998779297
2025-08-29,0.00960363885814708,318.070007324219
2025-09-02,0.0233674025091428,325.589996337891
2025-09-03,0.00780148134912917,328.140014648438
2025-09-04,-0.00442867473735564,326.690002441406
2025-09-05,0.0132576680069798,331.049987792969
2025-09-08,0.0113237113655558,334.820007324219
2025-09-09,-0.00227248560921733,334.059997558594
2025-09-10,0.00358576907812846,335.260009765625
2025-09-11,-0.00149249299495136,334.760009765625
2025-09-12,0.00196963159938779,335.420013427734
2025-09-15,0.0103510782764191,338.910003662109
2025-09-16,0.0020044005996871,339.589996337891
2025-09-17,-0.00774508757133407,336.970001220703
2025-09-18,-0.00401435621647028,335.619995117188
2025-09-19,0.0105513652969735,339.179992675781
2025-09-22,0.0171583803676834,345.049987792969
2025-09-23,0.00407804849823989,346.459991455078
2025-09-24,-0.00910436900375444,343.320007324219
2025-09-25,0.0041565384898874,344.75
2025-09-26,0.00575567472021543,346.739990234375
2025-09-29,0.0163619249989324,352.459991455078
2025-09-30,0.00850374453825342,355.470001220703
2025-10-01,0.00157413260499872,356.029998779297
2025-10-02,-0.00348890430603621,354.790008544922
2025-10-03,0.00800084559595238,357.640014648438
2025-10-06,0.0186703577121419,364.380004882812
2025-10-07,0.00514619783802761,366.260009765625
2025-10-08,0.0163564577146156,372.299987792969
2025-10-09,-0.0186252257532757,365.429992675781
2025-10-10,0.0100470588599544,369.119995117188
2025-10-13,0.0240104716345053,378.089996337891
2025-10-14,0.00711581167648401,380.790008544922
2025-10-15,0.0171839108316423,387.390014648438
2025-10-16,0.0231179851694314,396.450012207031
2025-10-17,-0.0189963492671907,388.989990234375
2025-10-20,0.0357550747494031,403.149993896484
2025-10-21,-0.0664271222028177,377.239990234375
2025-10-22,0.000106050324821361,377.279998779297
2025-10-23,0.00399437025322946,378.790008544922
2025-10-24,-0.00335846604988177,377.519989013672
2025-10-27,-0.0282343960684557,367.010009765625
2025-10-28,-0.00719182971049293,364.380004882812
2025-10-29,-0.00379445827301872,363
2025-10-30,0.0194514742074947,370.130004882812
2025-10-31,-0.00544534976587574,368.119995117188
2025-11-03,0.00179129826043667,368.779998779297
2025-11-04,-0.017672437504169,362.320007324219
2025-11-05,0.0114980132662481,366.510009765625
2025-11-06,-0.0012012407765738,366.070007324219
2025-11-07,0.00610037627977444,368.309997558594
2025-11-10,0.026974026330608,378.380004882812
2025-11-11,0.00393008150922025,379.869995117188
2025-11-12,0.0159823610212779,385.989990234375
2025-11-13,-0.00811594387120262,382.869995117188
2025-11-14,-0.0182127611982628,375.959991455078
2025-11-17,-0.0115301972752757,371.649993896484
2025-11-18,0.00723867023244562,374.350006103516
2025-11-19,0.00162812584456518,374.959991455078
2025-11-20,-0.000293368593935917,374.850006103516
2025-11-21,-0.00154852950002216,374.269989013672
2025-11-24,0.0157200294295929,380.200012207031
2025-11-25,-0.000315740611236848,380.079986572266
2025-11-26,0.0079665217395295,383.119995117188
2025-11-28,0.0123477827353176,387.880004882812
2025-12-01,0.00480948191307906,389.75
2025-12-02,-0.0064608773045487,387.239990234375
2025-12-03,-0.000930050585909115,386.880004882812
2025-12-04,0.000645986500276585,387.130004882812
2025-12-05,-0.00178394358071099,386.440002441406
2025-12-08,-0.00264293935799387,385.420013427734
2025-12-09,0.00512405160882157,387.399993896484
2025-12-10,0.00425010346860688,389.049987792969
2025-12-11,0.0107122489785425,393.239990234375
2025-12-12,0.00557898750763108,395.440002441406
2025-12-15,0.000909927154450152,395.799987792969
2025-12-16,0.000227429563539161,395.890014648438
2025-12-17,0.00855155943857611,399.290008544922
2025-12-18,-0.00180483142864141,398.570007324219
2025-12-19,0.00112835351311169,399.019989013672
2025-12-22,0.0228192545592991,408.230010986328
2025-12-23,0.0131652977573307,413.640014648438
2025-12-24,-0.00414265150874815,411.929992675781
2025-12-26,0.0116090884871589,416.739990234375
2025-12-29,-0.0445040796176013,398.600006103516
2025-12-30,0.000727303289468573,398.890014648438
2025-12-31,-0.00648899925382462,396.309997558594
2026-01-02,0.00495854532822548,398.279998779297
2026-01-05,0.0259729381799145,408.760009765625
2026-01-06,0.0107551050021621,413.179992675781
2026-01-07,-0.00960594361754374,409.230010986328
2026-01-08,0.00550732273343879,411.489990234375
2026-01-09,0.00721590379129466,414.470001220703
2026-01-12,0.0185496167367827,422.230010986328
2026-01-13,-0.00142205150936192,421.630004882812
2026-01-14,0.0101703332395244,425.940002441406
2026-01-15,-0.00614651199268668,423.329986572266
2026-01-16,-0.00483053208751727,421.290008544922
2026-01-20,0.0371379446256475,437.230010986328
2026-01-21,0.0144638716786627,443.600006103516
2026-01-22,0.018294219779694,451.790008544922
2026-01-23,0.0136516950992274,458
2026-01-26,0.0145228782453746,464.700012207031
2026-01-27,0.0242358666607316,476.100006103516
2026-01-28,0.0380405444269929,494.559997558594
2026-01-29,0.00270580773984719,495.899993896484
2026-01-30,-0.108412337449647,444.950012207031
2026-02-02,-0.0408735157638604,427.130004882812
2026-02-03,0.0616473514724492,454.290008544922
2026-02-04,-0.000704660194260853,453.970001220703
2026-02-05,-0.0269927561976511,441.880004882812
2026-02-06,0.03026951544149,455.459991455078
2026-02-09,0.025085614324893,467.029998779297
2026-02-10,-0.00996318866202106,462.399993896484
2026-02-11,0.0112470912224945,467.630004882812
2026-02-12,-0.0353456520919693,451.390014648438
2026-02-13,0.0245742289144122,462.619995117188
2026-02-17,-0.031666383600955,448.200012207031
2026-02-18,0.0222407597592573,458.279998779297
2026-02-19,0.00278915631091525,459.559997558594
2026-02-20,0.0195226903950525,468.619995117188
2026-02-23,0.0266570237173216,481.279998779297
2026-02-24,-0.0139558354944711,474.609985351562
2026-02-25,-0.00251041116907746,473.420013427734
2026-02-26,0.00853932511431488,477.480010986328
2026-02-27,0.0130459471081732,483.75
2026-03-02,0.0128371467606803,490
2026-03-03,-0.0456379633321946,468.140014648438
2026-03-04,0.0077877133277795,471.799987792969
2026-03-05,-0.0120905654471963,466.130004882812
2026-03-06,0.0157084766981486,473.510009765625
2026-03-09,-0.00207181795278988,472.529998779297
2026-03-10,0.0112165375097204,477.859985351562
2026-03-11,-0.00339586356868526,476.239990234375
2026-03-12,-0.0198496325466451,466.880004882812
2026-03-13,-0.0130213725695523,460.839996337891
2026-03-16,-0.000890083675942677,460.429992675781
2026-03-17,-0.00252257105649889,459.269989013672
2026-03-18,-0.0321484286975835,444.739990234375
2026-03-19,-0.0420884864707611,426.410003662109
2026-03-20,-0.0310340547268586,413.380004882812
2026-03-23,-0.0228533744859263,404.040008544922
2026-03-24,0.000222716351181873,404.130004882812
2026-03-25,0.0296455328393161,416.290008544922
2026-03-26,-0.038318848265912,400.640014648438
2026-03-27,0.0344920916538758,414.700012207031
2026-03-30,-0.000289469505548645,414.579986572266
2026-03-31,0.0371934926501503,430.290008544922
2026-04-01,0.0173484639016701,437.820007324219
2026-04-02,-0.0193957017234032,429.410003662109
2026-04-06,-0.00410709225644723,427.649993896484
2026-04-07,0.00968058127393245,431.809997558594
2026-04-08,0.00627931336337983,434.529998779297
2026-04-09,0.00774843378141377,437.910003662109
2026-04-10,-0.00178277330926147,437.130004882812
2026-04-13,-0.00405740347582118,435.359985351562
2026-04-14,0.022103259292038,445.089996337891
2026-04-15,-0.0104568847295008,440.459991455078
2026-04-16,-0.000863117895577581,440.079986572266
2026-04-17,0.0132054745496077,445.929992675781
2026-04-20,-0.00864849962892844,442.089996337891
2026-04-21,-0.0287287475717095,429.570007324219
2026-04-22,0.0131588507180815,435.260009765625
2026-04-23,-0.00974266307625982,431.040008544922
2026-04-24,0.00511401554975155,433.25
2026-04-27,-0.00778553251271585,429.890014648438
2026-04-28,-0.0187373662546433,421.910003662109
2026-04-29,-0.0107230688646176,417.410003662109
2026-04-30,0.0148622944365542,423.660003662109
2026-05-01,-0.00113365225972295,423.179992675781
2026-05-04,-0.0202181429663222,414.709991455078
2026-05-05,0.00854767057380812,418.269989013672
2026-05-06,0.0298881277965775,430.959991455078
2026-05-07,0.00166929750797973,431.679992675781
2026-05-08,0.0048298583279891,433.769989013672
2026-05-11,0.00202668110210258,434.649993896484
2026-05-12,-0.00396506028439791,432.929992675781
2026-05-13,-0.00562871133052134,430.5
2026-05-14,-0.0076716482577579,427.209991455078
2026-05-15,-0.0234942313978381,417.290008544922
2026-05-18,0.00272815018487194,418.429992675781
2026-05-19,-0.0167005742799367,411.5
2026-05-20,0.0142359599032744,417.399993896484
2026-05-21,-0.000982762743816146,416.989990234375
2026-05-22,-0.00763110290628344,413.820007324219
2026-05-26,0.00043485945501498,414
2026-05-27,-0.0133985635356977,408.489990234375
2026-05-28,0.0104231002021162,412.769989013672
2026-05-29,0.0104834279874453,417.119995117188
2026-06-01,-0.0141482968401831,411.260009765625
2026-06-02,0.00167637075491633,411.950012207031
2026-06-03,-0.00995352818473361,407.869995117188
2026-06-04,0.008301422193564,411.269989013672
2026-06-05,-0.0372298427684923,396.239990234375
2026-06-08,0.00259605899033044,397.269989013672
2026-06-09,-0.0164713839619752,390.779998779297
2026-06-10,-0.0423393762083384,374.579986572266
2026-06-11,0.0308606980699633,386.320007324219
2026-06-12,0.000569317139269998,386.540008544922
2026-06-15,0.0255667280827465,396.549987792969
2026-06-16,0.00271983118584629,397.630004882812
2026-06-17,-0.0229713842823305,388.600006103516
2026-06-18,-0.0038158427778745,387.119995117188
2026-06-22,-0.00655688761739537,384.589996337891
2026-06-23,-0.0190841690616796,377.320007324219
2026-06-24,-0.030678886222522,365.920013427734
2026-06-25,0.00962769003206265,369.459991455078
2026-06-26,0.0112235589829242,373.630004882812
2026-06-29,-0.0136082680123772,368.579986572266
2026-06-30,-0.000542720627118243,368.380004882812
2026-07-01,0.00600830297475863,370.600006103516
2026-07-02,0.0201147344306891,378.130004882812
2026-07-06,0.0105228128756334,382.130004882812
2026-07-07,-0.0122168252247672,377.489990234375
2026-07-08,-0.00808573710682303,374.450012207031
2026-07-09,0.0099119380907835,378.179992675781
2026-07-10,-0.00309851518806603,377.010009765625
2026-07-13,-0.0265557161325312,367.130004882812
2026-07-14,0.0135809603397741,372.149993896484
2026-07-15,0.00053730614329961,372.350006103516
2026-07-16,-0.0200465534257654,364.959991455078
2026-07-17,0.00940872323854336,368.410003662109
2026-07-20,-0.00220105127609038,367.600006103516
2026-07-21,0.0194238173058796,374.809997558594
2026-07-22,0.011433540388901,379.119995117188
2026-07-23,-0.0202500958417708,371.519989013672
2026-07-24,0.0010223155810829,371.899993896484
2026-07-27,0.00731390074215543,374.630004882812
2026-07-28,-0.0141400467910406,369.369995117188
2026-07-29,0.00461879812909149,371.079986572266
2026-07-30,0.0162518737076551,377.160003662109
2026-07-31,-0.0150129573452569,371.540008544922
2026-08-03,0.000457404407991469,371.709991455078
2026-08-04,0.00656956583527091,374.160003662109
2026-08-05,0.0405397502923739,389.640014648438
2026-08-06,0.0000769880489945862,389.670013427734
2026-08-07,0.0223319546046845,398.470001220703
2026-08-10,0.0101622758791287,402.540008544922
2026-08-11,-0.0039328416338158,400.959991455078
2026-08-12,0.00982789949545548,404.920013427734
2026-08-13,-0.0148284100721252,398.959991455078
2026-08-14,0.00629660649029518,401.480010986328
2026-08-17,0.00993844194524129,405.489990234375
2026-08-18,-0.0172632580100869,398.549987792969
2026-08-19,0.0376464866008392,413.839996337891
2026-08-20,0.00342543675255502,415.260009765625
2026-08-21,0.0193179927274416,423.359985351562
2026-08-24,0.00783491364581845,426.690002441406
2026-08-25,0.00322899074847616,428.070007324219
2026-08-26,-0.015894093368134,421.320007324219
2026-08-27,0.00303346227240642,422.600006103516
2026-08-28,-0.0329799125854739,408.890014648438
