"date","log_return","price"
2017-01-04,0.00593121228003746,195.122039794922
2017-01-05,-0.000794449270787645,194.967086791992
2017-01-06,0.00357134866341191,195.664627075195
2017-01-09,-0.00330654034857325,195.01872253418
2017-01-10,0,195.01872253418
2017-01-11,0.00282245199385489,195.569931030273
2017-01-12,-0.00251312825100314,195.079055786133
2017-01-13,0.00229284742444236,195.52685546875
2017-01-17,-0.00352977711356051,194.837905883789
2017-01-18,0.00220769732492609,195.268524169922
2017-01-19,-0.00371146307637549,194.545135498047
2017-01-20,0.00366715524383299,195.259872436523
2017-01-23,-0.00260534206197782,194.751815795898
2017-01-24,0.00639114202355451,196.00048828125
2017-01-25,0.00861820503873822,197.696960449219
2017-01-26,-0.0010456777364416,197.490341186523
2017-01-27,-0.00157107267320722,197.180313110352
2017-01-30,-0.00622101790460317,195.957458496094
2017-01-31,-0.0000879945596574672,195.940216064453
2017-02-01,0.00039529180496789,196.017684936523
2017-02-02,0.000658809740034627,196.146865844727
2017-02-03,0.00686925019968321,197.498886108398
2017-02-06,-0.00178932196544057,197.145812988281
2017-02-07,0.0000436517979727213,197.154418945312
2017-02-08,0.00130959620324855,197.412780761719
2017-02-09,0.00591508165640064,198.583953857422
2017-02-10,0.00393847876719722,199.367614746094
2017-02-13,0.00542794278035252,200.452713012695
2017-02-14,0.00398705697391133,201.253524780273
2017-02-15,0.00520691991070521,202.304168701172
2017-02-16,-0.000851608906298651,202.131958007812
2017-02-17,0.00157497452857491,202.450561523438
2017-02-21,0.00593773249399465,203.656234741211
2017-02-22,-0.000888546607985319,203.475357055664
2017-02-23,0.000677088040637486,203.613174438477
2017-02-24,0.00126800635767044,203.871520996094
2017-02-27,0.0015616210479843,204.190139770508
2017-02-28,-0.00270268695509301,203.639022827148
2017-03-01,0.0139004209291516,206.489456176758
2017-03-02,-0.0063173478538987,205.189102172852
2017-03-03,0.00062922329354631,205.318252563477
2017-03-06,-0.00298228021183,204.706848144531
2017-03-07,-0.00299112605446528,204.095458984375
2017-03-08,-0.00185868971996328,203.716461181641
2017-03-09,0.00126758829176676,203.974853515625
2017-03-10,0.00349829224692133,204.689666748047
2017-03-13,0.000504548887739098,204.79296875
2017-03-14,-0.00383409031519033,204.00927734375
2017-03-15,0.00861635615537093,205.774688720703
2017-03-16,-0.00196891676057831,205.369934082031
2017-03-17,-0.00175767593041609,205.00927734375
2017-03-20,-0.00109762223797549,204.784378051758
2017-03-21,-0.0129226609191262,202.155044555664
2017-03-22,0.00235057016305795,202.630783081055
2017-03-23,-0.00106784518248837,202.414520263672
2017-03-24,-0.000726662887860385,202.267486572266
2017-03-27,-0.00102679456526733,202.059906005859
2017-03-28,0.00725038987769189,203.530242919922
2017-03-29,0.000934372033673192,203.720504760742
2017-03-30,0.00317933976146811,204.369232177734
2017-03-31,-0.00233025257645458,203.8935546875
2017-04-03,-0.00174095177903499,203.53889465332
2017-04-04,0.000637170105050266,203.66862487793
2017-04-05,-0.00297701522675808,203.063201904297
2017-04-06,0.00280723281008388,203.634048461914
2017-04-07,-0.00101990036399258,203.426467895508
2017-04-10,0.000594868379952374,203.547515869141
2017-04-11,-0.00119016589246623,203.305404663086
2017-04-12,-0.00439162967608553,202.414520263672
2017-04-13,-0.00651595515715186,201.099884033203
2017-04-17,0.00882094752455487,202.881622314453
2017-04-18,-0.00298880701181581,202.276153564453
2017-04-19,-0.00184028006547354,201.904251098633
2017-04-20,0.00810589027843811,203.547515869141
2017-04-21,-0.00319166875786703,202.898895263672
2017-04-24,0.010937782703043,205.130340576172
2017-04-25,0.00580189298472966,206.323944091797
2017-04-26,-0.000629115366503008,206.194183349609
2017-04-27,0.000838609333595919,206.367172241211
2017-04-28,-0.00218183395915084,205.917404174805
2017-05-01,0.00251702174507074,206.43635559082
2017-05-02,0.000377266034780277,206.514251708984
2017-05-03,-0.00121559420603745,206.263366699219
2017-05-04,0.00117369920576316,206.505599975586
2017-05-05,0.00392893244849102,207.318542480469
2017-05-08,-0.000166498634941448,207.284027099609
2017-05-09,-0.000918669806667438,207.093688964844
2017-05-10,0.00179428047224484,207.465606689453
2017-05-11,-0.00204482592574262,207.041809082031
2017-05-12,-0.00167252433251619,206.695816040039
2017-05-15,0.00550841705346805,207.837524414062
2017-05-16,-0.000916001700379532,207.647232055664
2017-05-17,-0.0179033196535663,203.962738037109
2017-05-18,0.00402029073219001,204.784378051758
2017-05-19,0.00648319555043475,206.116348266602
2017-05-22,0.00506464720749378,207.162902832031
2017-05-23,0.002210255233555,207.621292114258
2017-05-24,0.00233010982986226,208.10563659668
2017-05-25,0.00476827606267527,209.100311279297
2017-05-26,-0.000207120342695433,209.057006835938
2017-05-30,-0.000869161532951246,208.875381469727
2017-05-31,-0.000248554193253092,208.823471069336
2017-06-01,0.00792093091847601,210.484115600586
2017-06-02,0.0033229522651963,211.184707641602
2017-06-05,-0.000737472141954854,211.029022216797
2017-06-06,-0.00320201225334671,210.354385375977
2017-06-07,0.00184867443869408,210.743621826172
2017-06-08,0.000492084777937052,210.847351074219
2017-06-09,-0.00151865585910471,210.527389526367
2017-06-12,-0.000205571227421153,210.484115600586
2017-06-13,0.00487807820842878,211.513381958008
2017-06-14,-0.00126861046076687,211.245223999023
2017-06-15,-0.00192612992075958,210.838729858398
2017-06-16,0.000218611463499663,210.884826660156
2017-06-19,0.00829067737879363,212.640472412109
2017-06-20,-0.00676722449274081,211.206344604492
2017-06-21,-0.000246605606595729,211.154266357422
2017-06-22,-0.000452906906028616,211.058654785156
2017-06-23,0.00119348009090636,211.310699462891
2017-06-26,0.000657907345710917,211.449768066406
2017-06-27,-0.00808901774476922,209.746246337891
2017-06-28,0.00891068555438768,211.623580932617
2017-06-29,-0.00882768261115441,209.763656616211
2017-06-30,0.00186273392670433,210.154754638672
2017-07-03,0.00169423704806437,210.511108398438
2017-07-05,0.00230915198701087,210.997772216797
2017-07-06,-0.00918644433985172,209.068328857422
2017-07-07,0.00646433547718495,210.424194335938
2017-07-10,0.00107321747359368,210.650146484375
2017-07-11,-0.000743113795349082,210.493667602539
2017-07-12,0.0074867036784303,212.075485229492
2017-07-13,0.0016789055130042,212.431838989258
2017-07-14,0.00465352220126647,213.422698974609
2017-07-17,-0.000122193486924438,213.396621704102
2017-07-18,0.000529278196008676,213.50959777832
2017-07-19,0.00539934389381003,214.66552734375
2017-07-20,0.000445156626582843,214.761108398438
2017-07-21,-0.000890724845937108,214.569900512695
2017-07-24,-0.000242881657266381,214.517791748047
2017-07-25,0.00242772711256212,215.039215087891
2017-07-26,0.0000403743833601311,215.047897338867
2017-07-27,-0.00093008879958667,214.84797668457
2017-07-28,-0.00117332125268543,214.596038818359
2017-07-31,-0.000567434335129846,214.474304199219
2017-08-01,0.00222635254273307,214.952331542969
2017-08-02,0.000485148407723734,215.056640625
2017-08-03,-0.00194165199377405,214.63948059082
2017-08-04,0.00182038695590059,215.030563354492
2017-08-07,0.00185745270659421,215.43034362793
2017-08-08,-0.0024639985722299,214.900177001953
2017-08-09,-0.0000404731438381489,214.891479492188
2017-08-10,-0.0142157547802677,211.858245849609
2017-08-11,0.00147575402228561,212.171127319336
2017-08-14,0.00986413524085084,214.274368286133
2017-08-15,-0.000121636558801264,214.248306274414
2017-08-16,0.00174301678604394,214.6220703125
2017-08-17,-0.0157139786519558,211.275863647461
2017-08-18,-0.00156432608777024,210.945617675781
2017-08-21,0.000782721908440642,211.110794067383
2017-08-22,0.0104026802919455,213.318374633789
2017-08-23,-0.00359184221083986,212.55354309082
2017-08-24,-0.00233338872708,212.058151245117
2017-08-25,0.00233338872708,212.55354309082
2017-08-28,0.0000410618803305951,212.562271118164
2017-08-29,0.00114402944108338,212.805587768555
2017-08-30,0.00472629924008849,213.813751220703
2017-08-31,0.00599810466573381,215.100082397461
2017-09-01,0.00141315185996049,215.404266357422
2017-09-05,-0.00720795869742297,213.857223510742
2017-09-06,0.00340801525358536,214.587295532227
2017-09-07,-0.00012153028474593,214.561218261719
2017-09-08,-0.00117524630294863,214.309204101562
2017-09-11,0.0106091229486323,216.594940185547
2017-09-12,0.00336508122993351,217.32502746582
2017-09-13,0.000479712602813542,217.429306030273
2017-09-14,-0.000319642429954747,217.359817504883
2017-09-15,0.00134512117531038,217.652389526367
2017-09-18,0.00212469423090944,218.115325927734
2017-09-19,0.00100072993386391,218.333709716797
2017-09-20,0.000359925541014938,218.412307739258
2017-09-21,-0.00268295534612761,217.827102661133
2017-09-22,0.000200603084707041,217.870803833008
2017-09-25,-0.00204679285775544,217.425323486328
2017-09-26,0.000602449406105876,217.556350708008
2017-09-27,0.00388673367141568,218.403579711914
2017-09-28,0.00119893471105215,218.665588378906
2017-09-29,0.00350900406065513,219.434234619141
2017-10-02,0.00432930395577902,220.386291503906
2017-10-03,0.00213781536462854,220.857940673828
2017-10-04,0.00118582604626383,221.119995117188
2017-10-05,0.00590757994420166,222.430145263672
2017-10-06,-0.00113955229619744,222.176818847656
2017-10-09,-0.0016524663813362,221.809982299805
2017-10-10,0.00263470566846991,222.395156860352
2017-10-11,0.00156989395954366,222.744567871094
2017-10-12,-0.00149126866446991,222.412643432617
2017-10-13,0.0012166688193922,222.683410644531
2017-10-16,0.00133269341054287,222.980377197266
2017-10-17,0.000705070568585597,223.137649536133
2017-10-18,0.000977806884443488,223.355941772461
2017-10-19,0.000273773130262001,223.417098999023
2017-10-20,0.00514707166430384,224.570007324219
2017-10-23,-0.0038967832962804,223.69660949707
2017-10-24,0.00175525822461964,224.089599609375
2017-10-25,-0.00496219717593416,222.980377197266
2017-10-26,0.00129196510435303,223.268646240234
2017-10-27,0.00814280316448546,225.094100952148
2017-10-30,-0.00373193249464965,224.255630493164
2017-10-31,0.00155660816562975,224.60498046875
2017-11-01,0.00132150284640797,224.901992797852
2017-11-02,0.000388209545910456,224.989318847656
2017-11-03,0.00333288221709083,225.740432739258
2017-11-06,0.00154664748502409,226.08984375
2017-11-07,-0.000695793287410318,225.932586669922
2017-11-08,0.00169947218945321,226.316879272461
2017-11-09,-0.00363424906471987,225.495880126953
2017-11-10,-0.000309830753539408,225.426025390625
2017-11-13,0.000929339675563412,225.635620117188
2017-11-14,-0.00232530949980614,225.111557006836
2017-11-15,-0.00501768144076653,223.984848022461
2017-11-16,0.00846515222055633,225.888961791992
2017-11-17,-0.00294315515019772,225.225112915039
2017-11-20,0.001704873631871,225.609420776367
2017-11-21,0.00652170216015069,227.085586547852
2017-11-22,-0.000885000516732681,226.884704589844
2017-11-24,0.00230695641101164,227.408721923828
2017-11-27,-0.000499270517702932,227.295211791992
2017-11-28,0.0100934122069543,229.601013183594
2017-11-29,-0.000608739751716492,229.461288452148
2017-11-30,0.00871712984679007,231.470275878906
2017-12-01,-0.00207775066956195,230.989837646484
2017-12-04,-0.00121052354485141,230.710388183594
2017-12-05,-0.00360328230356011,229.880569458008
2017-12-06,0.00019001937717178,229.924255371094
2017-12-07,0.00314814554557064,230.649230957031
2017-12-08,0.00543808028536397,231.906936645508
2017-12-11,0.00300851355148612,232.605682373047
2017-12-12,0.00176333019811814,233.016204833984
2017-12-13,-0.000112442024451376,232.990005493164
2017-12-14,-0.00409469364859216,232.037933349609
2017-12-15,0.00829321701270302,233.970275878906
2017-12-18,0.00632120264302483,235.45393371582
2017-12-19,-0.00384778710078049,234.549697875977
2017-12-20,-0.000524356084796729,234.426742553711
2017-12-21,0.00205758325631678,234.909591674805
2017-12-22,-0.000261352165343176,234.848205566406
2017-12-26,-0.00119725893008571,234.567199707031
2017-12-27,0.000486331765494619,234.681304931641
2017-12-28,0.00205541854227231,235.164169311523
2017-12-29,-0.00377782904069246,234.277435302734
2018-01-02,0.00713217254829335,235.954315185547
2018-01-03,0.00630491083077889,237.446685791016
2018-01-04,0.00420608387086929,238.447509765625
2018-01-05,0.00664204405185753,240.036560058594
2018-01-08,0.00182719839656365,240.475555419922
2018-01-09,0.00226054197259273,241.019775390625
2018-01-10,-0.0015308500384128,240.651092529297
2018-01-11,0.00726935697939712,242.406845092773
2018-01-12,0.00649801341005052,243.98713684082
2018-01-16,-0.00342450619579093,243.153030395508
2018-01-17,0.00948716418347217,245.470840454102
2018-01-18,-0.00168262962367738,245.058151245117
2018-01-19,0.00453933317660038,246.173080444336
2018-01-22,0.00809775009300662,248.174621582031
2018-01-23,0.00212061085257531,248.701461791992
2018-01-24,-0.000388629359233228,248.604827880859
2018-01-25,0.00042384584182642,248.710220336914
2018-01-26,0.0115114091038935,251.589767456055
2018-01-29,-0.00665191246654295,249.921768188477
2018-01-30,-0.0103102677579656,247.358245849609
2018-01-31,0.00049688872031961,247.481185913086
2018-02-01,-0.00113598519778346,247.200210571289
2018-02-02,-0.0220105783710318,241.818634033203
2018-02-05,-0.0427219266313816,231.70524597168
2018-02-06,0.0195104561911172,236.270309448242
2018-02-07,-0.00543951909956597,234.98860168457
2018-02-08,-0.0382303213543533,226.174468994141
2018-02-09,0.0149096459663669,229.571914672852
2018-02-12,0.0145778180148763,232.943084716797
2018-02-13,0.00248417815161694,233.522476196289
2018-02-14,0.0134060286948339,236.674163818359
2018-02-15,0.0126796431171883,239.694213867188
2018-02-16,0.000292790357831585,239.764404296875
2018-02-20,-0.00628078823350275,238.263214111328
2018-02-21,-0.00498653349467482,237.078063964844
2018-02-22,0.00129476600161027,237.385223388672
2018-02-23,0.0158137221473309,241.169006347656
2018-02-26,0.0115456243693153,243.969589233398
2018-02-27,-0.0125652989594336,240.923217773438
2018-02-28,-0.0101816557695527,238.482666015625
2018-03-01,-0.0146477436982986,235.014892578125
2018-03-02,0.0051417597614245,236.22639465332
2018-03-05,0.0114917008045223,238.956695556641
2018-03-06,0.00253206146015383,239.562515258789
2018-03-07,-0.000366692151080095,239.474685668945
2018-03-08,0.00482737426927926,240.633514404297
2018-03-09,0.0172526751130544,244.821105957031
2018-03-12,-0.00125585257480321,244.51383972168
2018-03-13,-0.00648359381534913,242.933639526367
2018-03-14,-0.00514464234177403,241.687042236328
2018-03-15,-0.00109029551868378,241.423675537109
2018-03-16,0.00108360323995083,241.685424804688
2018-03-19,-0.0136225585184668,238.415374755859
2018-03-20,0.00169905863681219,238.82080078125
2018-03-21,-0.00192103825553946,238.362457275391
2018-03-22,-0.0253148501642109,232.404083251953
2018-03-23,-0.0215452286534896,227.450439453125
2018-03-26,0.0269915291916139,233.673278808594
2018-03-27,-0.017157770420102,229.698165893555
2018-03-28,-0.00295930203995365,229.019424438477
2018-03-29,0.0126967068608543,231.945755004883
2018-04-02,-0.0218211481961355,226.939254760742
2018-04-03,0.012735605178916,229.847946166992
2018-04-04,0.0106424066740658,232.307144165039
2018-04-05,0.00786072100862611,234.140441894531
2018-04-06,-0.022537726675238,228.922470092773
2018-04-09,0.0049160879616359,230.050643920898
2018-04-10,0.0157752505200461,233.708526611328
2018-04-11,-0.00525610515878672,232.483352661133
2018-04-12,0.0081938107274917,234.396102905273
2018-04-13,-0.00293770556870498,233.708526611328
2018-04-16,0.00818826696567054,235.63005065918
2018-04-17,0.0106416168824177,238.150924682617
2018-04-18,0.000740013186713462,238.327224731445
2018-04-19,-0.00556291396692998,237.005111694336
2018-04-20,-0.00851586938068571,234.995376586914
2018-04-23,-0.000149745082978825,234.960189819336
2018-04-24,-0.0135589900799218,231.795867919922
2018-04-25,0.00246894387320129,232.368865966797
2018-04-26,0.0101143360601599,234.731048583984
2018-04-27,0.000938172955187611,234.951370239258
2018-04-30,-0.00772025231955986,233.144470214844
2018-05-01,0.00177519985570918,233.558715820312
2018-05-02,-0.00674006920222947,231.989807128906
2018-05-03,-0.00220597625511232,231.478607177734
2018-05-04,0.0128631656773752,234.475387573242
2018-05-07,0.00337754108650312,235.268676757812
2018-05-08,0,235.268676757812
2018-05-09,0.0096196551470964,237.54280090332
2018-05-10,0.00930667980845268,239.763854980469
2018-05-11,0.00304674449782283,240.495468139648
2018-05-14,0.000476566018851265,240.610107421875
2018-05-15,-0.00691066433184151,238.953063964844
2018-05-16,0.00419577559324669,239.957763671875
2018-05-17,-0.00084520689856582,239.755035400391
2018-05-18,-0.00250265393067028,239.15576171875
2018-05-21,0.00749032652779302,240.953842163086
2018-05-22,-0.00278384598932924,240.283996582031
2018-05-23,0.00274730586999983,240.945037841797
2018-05-24,-0.00205072854513055,240.451431274414
2018-05-25,-0.00238553534130315,239.878509521484
2018-05-29,-0.0115677433940569,237.119644165039
2018-05-30,0.0132567014104907,240.283996582031
2018-05-31,-0.00614505396407861,238.811965942383
2018-06-01,0.00976996677341635,241.156585693359
2018-06-04,0.00474026065834821,242.302444458008
2018-06-05,0.000727024044620883,242.478668212891
2018-06-06,0.00832603222881545,244.505981445312
2018-06-07,-0.000108343741344719,244.4794921875
2018-06-08,0.00295209720501699,245.202285766602
2018-06-11,0.00132889649491919,245.528350830078
2018-06-12,0.00129187971285472,245.845748901367
2018-06-13,-0.00319650154872786,245.061157226562
2018-06-14,0.00251502732030673,245.678268432617
2018-06-15,-0.00127646753513577,245.364868164062
2018-06-18,-0.00205905389420558,244.860168457031
2018-06-19,-0.00384006769426914,243.921691894531
2018-06-20,0.00170438891767066,244.337783813477
2018-06-21,-0.00628835552218376,242.806121826172
2018-06-22,0.0018213049688347,243.248748779297
2018-06-25,-0.0137065496914568,239.937393188477
2018-06-26,0.00221217933062956,240.468765258789
2018-06-27,-0.00831904389944693,238.476593017578
2018-06-28,0.00570136502265228,239.840118408203
2018-06-29,0.00143850975207993,240.18537902832
2018-07-02,0.00213547639812273,240.698837280273
2018-07-03,-0.00353734131562522,239.848907470703
2018-07-05,0.00812487407938889,241.805587768555
2018-07-06,0.00842288953474668,243.850891113281
2018-07-09,0.00896401377653699,246.046600341797
2018-07-10,0.00359194890169245,246.931976318359
2018-07-11,-0.00734137771785814,245.125793457031
2018-07-12,0.0090248829692019,247.348037719727
2018-07-13,0.000787403776198126,247.542877197266
2018-07-16,-0.000894625961644913,247.321517944336
2018-07-17,0.00403750259857638,248.32209777832
2018-07-18,0.00210071208825369,248.844299316406
2018-07-19,-0.00377834674619848,247.905853271484
2018-07-20,-0.00114346612356897,247.622543334961
2018-07-23,0.00185726146185683,248.082870483398
2018-07-24,0.00501962277140677,249.331283569336
2018-07-25,0.00848637994251344,251.456207275391
2018-07-26,-0.00236148362241995,250.863098144531
2018-07-27,-0.00679965769983149,249.163101196289
2018-07-30,-0.00523716981248512,247.861602783203
2018-07-31,0.00491726127309633,249.083404541016
2018-08-01,-0.00167201189121968,248.667282104492
2018-08-02,0.00543301814146258,250.02197265625
2018-08-03,0.00427550458877946,251.093231201172
2018-08-06,0.0036606045309675,252.014068603516
2018-08-07,0.00329687344370289,252.846298217773
2018-08-08,-0.000420533497024422,252.739990234375
2018-08-09,-0.00136676250284751,252.394790649414
2018-08-10,-0.00672289076748278,250.703659057617
2018-08-13,-0.00375045506150862,249.765167236328
2018-08-14,0.00636041799116605,251.358840942383
2018-08-15,-0.00749555052224515,249.481811523438
2018-08-16,0.00805897885646267,251.500503540039
2018-08-17,0.00351443438677546,252.385940551758
2018-08-20,0.0021372681666687,252.925933837891
2018-08-21,0.00234290823078442,253.51921081543
2018-08-22,-0.000594110651976898,253.368637084961
2018-08-23,-0.00132875409173749,253.032196044922
2018-08-24,0.00600015616360317,254.554992675781
2018-08-27,0.0078646836530174,256.564880371094
2018-08-28,0.000483164210487885,256.688873291016
2018-08-29,0.00536627083219976,258.070037841797
2018-08-30,-0.00405684876597512,257.025207519531
2018-08-31,0.0000346696669417668,257.034118652344
2018-09-04,-0.00172365862479307,256.591461181641
2018-09-05,-0.00269529527075019,255.900802612305
2018-09-06,-0.00301448819568062,255.130554199219
2018-09-07,-0.00194534438572802,254.634719848633
2018-09-10,0.00173713186968083,255.077438354492
2018-09-11,0.0032921050041006,255.918563842773
2018-09-12,0.000242161786956352,255.980545043945
2018-09-13,0.00589682301323613,257.494476318359
2018-09-14,0.000171953975301342,257.538757324219
2018-09-17,-0.00530839347336887,256.175262451172
2018-09-18,0.00541183603111595,257.565399169922
2018-09-19,0.00106508465376276,257.839874267578
2018-09-20,0.00807123780881991,259.929382324219
2018-09-21,-0.000914550447588702,259.691772460938
2018-09-24,-0.00332743284831505,258.8291015625
2018-09-25,-0.000928117227378067,258.588989257812
2018-09-26,-0.00299665727387843,257.815246582031
2018-09-27,0.00279046247075598,258.535675048828
2018-09-28,0.000102925674180909,258.562286376953
2018-10-01,0.00346801433350041,259.460540771484
2018-10-02,-0.000582620672900269,259.309417724609
2018-10-03,0.000548392858563673,259.45166015625
2018-10-04,-0.00784618566003559,257.423919677734
2018-10-05,-0.00561269931596708,255.983123779297
2018-10-08,0,255.983123779297
2018-10-09,-0.00146064176919047,255.609497070312
2018-10-10,-0.0321749471534165,247.516174316406
2018-10-11,-0.022272850265133,242.064224243164
2018-10-12,0.0137926235537407,245.426055908203
2018-10-15,-0.00563263538477088,244.047546386719
2018-10-16,0.0216304523209319,249.383911132812
2018-10-17,0.000178218761767823,249.428359985352
2018-10-18,-0.0145464511533708,245.826324462891
2018-10-19,-0.000542713525623739,245.692947387695
2018-10-22,-0.00449893865807649,244.590072631836
2018-10-23,-0.00510406879313408,243.344848632812
2018-10-24,-0.0307668010482303,235.971908569336
2018-10-25,0.0177816182072013,240.20539855957
2018-10-26,-0.0177439847101253,235.98078918457
2018-10-29,-0.00555583101083901,234.673355102539
2018-10-30,0.0147097207124176,238.150848388672
2018-10-31,0.0106245375496563,240.694580078125
2018-11-01,0.0105852323545825,243.255920410156
2018-11-02,-0.00594025815181354,241.815200805664
2018-11-05,0.00550163536009318,243.14924621582
2018-11-06,0.00630807078583384,244.687896728516
2018-11-07,0.0211828112562005,249.926361083984
2018-11-08,-0.00181663682584965,249.472747802734
2018-11-09,-0.00981618117739291,247.035858154297
2018-11-12,-0.0188617493157679,242.419998168945
2018-11-13,-0.00187294040344455,241.966384887695
2018-11-14,-0.00686023877726516,240.312118530273
2018-11-15,0.0103825772094126,242.820175170898
2018-11-16,0.00259700167050347,243.451599121094
2018-11-19,-0.0170588518897041,239.33381652832
2018-11-20,-0.0186796214219029,234.904647827148
2018-11-21,0.00340174143640493,235.705093383789
2018-11-23,-0.00670123216690577,234.130859375
2018-11-26,0.0160155501123933,237.910781860352
2018-11-27,0.00335863889611865,238.711181640625
2018-11-28,0.0227646023876442,244.207672119141
2018-11-29,-0.00218779130563806,243.673980712891
2018-11-30,0.00607671206704197,245.159225463867
2018-12-03,0.0131547858350203,248.405548095703
2018-12-04,-0.0329394208608624,240.356506347656
2018-12-06,-0.0015179744157825,239.991928100586
2018-12-07,-0.0235103819767311,234.415435791016
2018-12-10,0.00189527137761925,234.860137939453
2018-12-11,0.000227368045661258,234.913543701172
2018-12-12,0.00502260556252754,236.096389770508
2018-12-13,-0.000339103789304573,236.016342163086
2018-12-14,-0.0186373015817454,231.65837097168
2018-12-17,-0.019813407251454,227.11360168457
2018-12-18,-0.00109700512632926,226.864593505859
2018-12-19,-0.0150889897425444,223.467132568359
2018-12-20,-0.0164118296217231,219.829559326172
2018-12-21,-0.0207023853851949,215.325347900391
2018-12-24,-0.0267781572502468,209.635848999023
2018-12-26,0.0492898615000597,220.227661132812
2018-12-27,0.00764803158729688,221.918426513672
2018-12-28,-0.00129094957682874,221.632125854492
2018-12-31,0.00872069527039532,223.573364257812
2019-01-02,0.00104006035408322,223.806015014648
2019-01-03,-0.0241524036283431,218.465316772461
2019-01-04,0.0329470458903751,225.782989501953
2019-01-07,0.0078536288044182,227.563186645508
2019-01-08,0.00935160026534021,229.701248168945
2019-01-09,0.00466264804179772,230.774765014648
2019-01-10,0.00352122022393786,231.588806152344
2019-01-11,0.000386223352762727,231.678268432617
2019-01-14,-0.00611967972648575,230.264801025391
2019-01-15,0.0113958362510331,232.903869628906
2019-01-16,0.00241688809330487,233.46745300293
2019-01-17,0.00755796986623292,235.238677978516
2019-01-18,0.013222265934921,238.369720458984
2019-01-22,-0.0136025127872443,235.14924621582
2019-01-23,0.00209018584623699,235.641265869141
2019-01-24,0.000531168070470045,235.766464233398
2019-01-25,0.00842595013807301,237.761413574219
2019-01-28,-0.00762930632496595,235.954360961914
2019-01-29,-0.00132781188357711,235.641265869141
2019-01-30,0.0157070023878063,239.371704101562
2019-01-31,0.00874357982121499,241.473846435547
2019-02-01,0.000481709499955407,241.590194702148
2019-02-04,0.00701098855878435,243.289932250977
2019-02-05,0.0041832822775536,244.309814453125
2019-02-06,-0.00131970647626556,243.987609863281
2019-02-07,-0.00957813618477221,241.661819458008
2019-02-08,0.00122065581100195,241.956985473633
2019-02-11,0.000554305531228927,242.09114074707
2019-02-12,0.0127775326306976,245.204315185547
2019-02-13,0.00324165624284589,246.000473022461
2019-02-14,-0.00222062843152493,245.454803466797
2019-02-15,0.0108382083352359,248.12956237793
2019-02-19,0.0017294104627128,248.559051513672
2019-02-20,0.00201318854148713,249.059951782227
2019-02-21,-0.003562188220533,248.174331665039
2019-02-22,0.006180798666378,249.712997436523
2019-02-25,0.00136019520091502,250.052886962891
2019-02-26,-0.000715802995633119,249.873962402344
2019-02-27,-0.000429446842001191,249.766677856445
2019-02-28,-0.00186437612845847,249.301452636719
2019-03-01,0.00622459638666673,250.858093261719
2019-03-04,-0.00364404885884895,249.945617675781
2019-03-05,-0.00136102388023307,249.605667114258
2019-03-06,-0.00607545758446371,248.093795776367
2019-03-07,-0.00840042097428473,246.018432617188
2019-03-08,-0.00200230545209656,245.526321411133
2019-03-11,0.0143969346425949,249.086715698242
2019-03-12,0.00376406882171221,250.026062011719
2019-03-13,0.00659749366574935,251.681060791016
2019-03-14,-0.000640067247712039,251.52001953125
2019-03-15,0.00492855884741861,252.762710571289
2019-03-18,0.00361932782500229,253.67919921875
2019-03-19,0.000247967463464782,253.742111206055
2019-03-20,-0.00301465850145632,252.978317260742
2019-03-21,0.0112312155794854,255.835586547852
2019-03-22,-0.0194336808558884,250.911758422852
2019-03-25,-0.000752422732552382,250.723037719727
2019-03-26,0.00742650460494598,252.59196472168
2019-03-27,-0.00524270870960208,251.27116394043
2019-03-28,0.00378325386653522,252.223587036133
2019-03-29,0.00628545215650433,253.813919067383
2019-04-01,0.0117895300913275,256.823974609375
2019-04-02,0.000489803036628267,256.949798583984
2019-04-03,0.00157221037197175,257.354095458984
2019-04-04,0.0026502328913347,258.037048339844
2019-04-05,0.00482797967971216,259.285858154297
2019-04-08,0.000762278511862391,259.483581542969
2019-04-09,-0.00513774817515777,258.153839111328
2019-04-10,0.00340551618139973,259.034484863281
2019-04-11,-0.000277841178203175,258.962524414062
2019-04-12,0.00674284603968633,260.714569091797
2019-04-15,-0.000655012295824875,260.543853759766
2019-04-16,0.000655012295824875,260.714569091797
2019-04-17,-0.00244976957655485,260.07666015625
2019-04-18,0.001967041101123,260.588745117188
2019-04-22,0.000862027240716046,260.8134765625
2019-04-23,0.00895115710315508,263.158538818359
2019-04-24,-0.00222148489855378,262.574584960938
2019-04-25,-0.000616411803051164,262.412780761719
2019-04-26,0.00464649746544232,263.634918212891
2019-04-29,0.00156623787831478,264.048156738281
2019-04-30,0.00051013703456082,264.182891845703
2019-05-01,-0.00754519109338414,262.197082519531
2019-05-02,-0.00216093459358557,261.631103515625
2019-05-03,0.00974008706710805,264.191864013672
2019-05-06,-0.00412352291212326,263.104705810547
2019-05-07,-0.0168411787425002,258.710815429688
2019-05-08,-0.00138959244698711,258.3515625
2019-05-09,-0.00303045735122875,257.56982421875
2019-05-10,0.00501062003167974,258.863647460938
2019-05-13,-0.025451232715092,252.358383178711
2019-05-14,0.00900294481630937,254.640609741211
2019-05-15,0.00584031003671903,256.132141113281
2019-05-16,0.00921861612256247,258.504241943359
2019-05-17,-0.00648624264679931,256.832946777344
2019-05-20,-0.00663366376966845,255.134841918945
2019-05-21,0.00897517287913097,257.435028076172
2019-05-22,-0.00307645972772619,256.644256591797
2019-05-23,-0.0122936810981615,253.50846862793
2019-05-24,0.00226552832668325,254.083450317383
2019-05-28,-0.00934399989262946,251.720352172852
2019-05-29,-0.00673309178333081,250.031188964844
2019-05-30,0.00272738190155142,250.714050292969
2019-05-31,-0.0135669833522885,247.335586547852
2019-06-03,-0.00254583899167748,246.70671081543
2019-06-04,0.0214742440956908,252.06184387207
2019-06-05,0.00862490052614806,254.245254516602
2019-06-06,0.00648138638327378,255.898468017578
2019-06-07,0.00995779203700131,258.459381103516
2019-06-10,0.00457778038189982,259.645263671875
2019-06-11,-0.000242035217598691,259.582427978516
2019-06-12,-0.00176678501583361,259.124206542969
2019-06-13,0.00411777040676409,260.193420410156
2019-06-14,-0.00110522936777624,259.906005859375
2019-06-17,0.000380009040499729,260.004791259766
2019-06-18,0.0104163017041667,262.727233886719
2019-06-19,0.00225473300056933,263.320281982422
2019-06-20,0.00950905229797794,265.836151123047
2019-06-21,-0.00145452047873018,265.449768066406
2019-06-24,-0.00122547857799393,265.124664306641
2019-06-25,-0.00985617930126281,262.524383544922
2019-06-26,-0.000998126647454356,262.262481689453
2019-06-27,0.00353988139149397,263.192504882812
2019-06-28,0.00513238853805209,264.546783447266
2019-07-01,0.00903782263067043,266.948547363281
2019-07-02,0.00260071221720448,267.643707275391
2019-07-03,0.00796339695457959,269.783569335938
2019-07-05,-0.00113839603956567,269.476623535156
2019-07-08,-0.00551026647219288,267.995819091797
2019-07-09,0.00124590882267928,268.329925537109
2019-07-10,0.00476705057699789,269.612121582031
2019-07-11,0.00234143558557331,270.244140625
2019-07-12,0.00446695782560536,271.454010009766
2019-07-15,0.000332266135639969,271.544219970703
2019-07-16,-0.00323033281275453,270.66845703125
2019-07-17,-0.00682856138810539,268.826477050781
2019-07-18,0.00365415595001561,269.810607910156
2019-07-19,-0.00557007573840718,268.311920166016
2019-07-22,0.00245329955692863,268.970977783203
2019-07-23,0.00712472519027507,270.894165039062
2019-07-24,0.00468839498338536,272.167205810547
2019-07-25,-0.00478866294678504,270.867004394531
2019-07-26,0.00667802866600109,272.681915283203
2019-07-29,-0.00182310023713317,272.185241699219
2019-07-30,-0.0024572247623933,271.517242431641
2019-07-31,-0.0110008475141825,268.546691894531
2019-08-01,-0.00874623723964074,266.208160400391
2019-08-02,-0.00755803030276692,264.203735351562
2019-08-05,-0.0305347262048468,256.258270263672
2019-08-06,0.0139255724854435,259.851776123047
2019-08-07,0.000590912238082275,260.00537109375
2019-08-08,0.0194300578187674,265.106689453125
2019-08-09,-0.00683484941285162,263.300903320312
2019-08-12,-0.012248549024152,260.095520019531
2019-08-13,0.0154324524747969,264.140563964844
2019-08-14,-0.0300136332417864,256.330535888672
2019-08-15,0.00263812208672842,257.007659912109
2019-08-16,0.0146473086133891,260.799835205078
2019-08-19,0.0119756686567243,263.941864013672
2019-08-20,-0.00769179920726515,261.919464111328
2019-08-21,0.00810228990314954,264.050231933594
2019-08-22,-0.0003079389315781,263.968933105469
2019-08-23,-0.0260228239352136,257.188323974609
2019-08-26,0.0109974464390357,260.032348632812
2019-08-27,-0.00393120257997026,259.012115478516
2019-08-28,0.00701689620623025,260.835968017578
2019-08-29,0.0126923716612071,264.167694091797
2019-08-30,-0.000444748859711019,264.050231933594
2019-09-03,-0.00586421049024555,262.506317138672
2019-09-04,0.0112865882053805,265.485900878906
2019-09-05,0.0127730387292964,268.898712158203
2019-09-06,0.000771894634552517,269.106353759766
2019-09-09,0.000503384420474262,269.241851806641
2019-09-10,-0.000234881196198522,269.178619384766
2019-09-11,0.00708604045001682,271.092803955078
2019-09-12,0.00345764425445338,272.031768798828
2019-09-13,-0.000664012399694158,271.851196289062
2019-09-16,-0.00309334459664079,271.011566162109
2019-09-17,0.00252852540517168,271.697692871094
2019-09-18,0.000598047123410161,271.860229492188
2019-09-19,-0.0000662324437961104,271.842224121094
2019-09-20,-0.00473608470193998,270.557800292969
2019-09-23,-0.000234754032493178,270.494293212891
2019-09-24,-0.00787779827743051,268.371765136719
2019-09-25,0.00589762644621228,269.959197998047
2019-09-26,-0.00208582202628183,269.396697998047
2019-09-27,-0.00540153570053814,267.945465087891
2019-09-30,0.00462673213204123,269.188049316406
2019-10-01,-0.0119657529584725,265.986206054688
2019-10-02,-0.017822626304925,261.287628173828
2019-10-03,0.00815968613123363,263.428375244141
2019-10-04,0.0134413163822265,266.993103027344
2019-10-07,-0.00432408376174109,265.841094970703
2019-10-08,-0.0156464795170228,261.713989257812
2019-10-09,0.00945163365292245,264.199340820312
2019-10-10,0.00674055341730639,265.986206054688
2019-10-11,0.0103135094770721,268.74365234375
2019-10-14,-0.00111426878174559,268.444366455078
2019-10-15,0.00985129224210723,271.101959228516
2019-10-16,-0.00160696952690653,270.666656494141
2019-10-17,0.00294496538337441,271.464935302734
2019-10-18,-0.00438705832292374,270.276611328125
2019-10-21,0.00675627188584826,272.108856201172
2019-10-22,-0.00327211373537128,271.219940185547
2019-10-23,0.00290542131536231,272.009094238281
2019-10-24,0.00163253665507135,272.453521728516
2019-10-25,0.00408684301710949,273.569274902344
2019-10-28,0.00562029961299171,275.111145019531
2019-10-29,-0.000296776910649221,275.029510498047
2019-10-30,0.00306260323803276,275.873107910156
2019-10-31,-0.00266666145305283,275.138427734375
2019-11-01,0.00922137670578227,277.687316894531
2019-11-04,0.00400964086893651,278.802978515625
2019-11-05,-0.00110702710598343,278.494506835938
2019-11-06,0.000228449326960423,278.558135986328
2019-11-07,0.00351023505357073,279.537658691406
2019-11-08,0.00246304186987256,280.227020263672
2019-11-11,-0.0019115497904556,279.691864013672
2019-11-12,0.00210614061268721,280.281555175781
2019-11-13,0.000323000319767175,280.372100830078
2019-11-14,0.00145498331260452,280.780334472656
2019-11-15,0.00721041904919861,282.812194824219
2019-11-18,0.000737276420085031,283.020782470703
2019-11-19,-0.00028815805409721,282.939239501953
2019-11-20,-0.00372623994203103,281.886901855469
2019-11-21,-0.00161017396677199,281.433380126953
2019-11-22,0.00222177422742398,282.059356689453
2019-11-25,0.00772006528040325,284.245300292969
2019-11-26,0.00226302258975952,284.889282226562
2019-11-27,0.00444750030551599,286.159149169922
2019-11-29,-0.00371527616939193,285.097961425781
2019-12-02,-0.00853085044337831,282.676177978516
2019-12-03,-0.00672935929671592,280.780334472656
2019-12-04,0.00615139307588297,282.512847900391
2019-12-05,0.00179630239340067,283.020782470703
2019-12-06,0.00909286381332919,285.605987548828
2019-12-09,-0.0031493955359414,284.707916259766
2019-12-10,-0.00111571011800837,284.390441894531
2019-12-11,0.00283483061152268,285.197784423828
2019-12-12,0.00858178559012401,287.655822753906
2019-12-13,0.000599232300621644,287.828247070312
2019-12-16,0.00684653122029921,289.805633544922
2019-12-17,0.000218796954562173,289.869049072266
2019-12-18,0.0000627452499895043,289.887237548828
2019-12-19,0.00409067404378405,291.075500488281
2019-12-20,0.0043745826322521,292.351623535156
2019-12-23,0.00152653145491133,292.798248291016
2019-12-24,0.0000310592604462201,292.807342529297
2019-12-26,0.00530933423132129,294.366088867188
2019-12-27,-0.000248014639941729,294.293090820312
2019-12-30,-0.00552835254685391,292.670623779297
2019-12-31,0.00242640102046998,293.381622314453
2020-01-02,0.00930846626042481,296.125305175781
2020-01-03,-0.00760087520496633,293.883026123047
2020-01-06,0.0038077109720609,295.004180908203
2020-01-07,-0.00281588309099146,294.174652099609
2020-01-08,0.00531536960700851,295.742462158203
2020-01-09,0.00675750583289059,297.747711181641
2020-01-10,-0.00288158547918815,296.890960693359
2020-01-13,0.0068537621792597,298.932769775391
2020-01-14,-0.00152575203061645,298.477020263672
2020-01-15,0.00225725430738954,299.151519775391
2020-01-16,0.00828400058958589,301.639984130859
2020-01-17,0.0031076276072568,302.578826904297
2020-01-21,-0.00196008309133422,301.986328125
2020-01-22,0.000120653773835855,302.022766113281
2020-01-23,0.0011464946702926,302.369232177734
2020-01-24,-0.00893296659236675,299.680206298828
2020-01-27,-0.0161592147146195,294.876525878906
2020-01-28,0.0104245286817548,297.966552734375
2020-01-29,-0.000826046896389876,297.720520019531
2020-01-30,0.0032398213475533,298.686645507812
2020-01-31,-0.0183246762084925,293.263153076172
2020-02-03,0.00740132732309018,295.441741943359
2020-02-04,0.0151257526603255,299.944488525391
2020-02-05,0.0114819863377544,303.408294677734
2020-02-06,0.00335944034532965,304.429290771484
2020-02-07,-0.00534409156908922,302.806732177734
2020-02-10,0.00743762495422562,305.067291259766
2020-02-11,0.00173161601003091,305.596008300781
2020-02-12,0.00642196348009971,307.564849853516
2020-02-13,-0.0010675169958283,307.236694335938
2020-02-14,0.0016008980356137,307.728942871094
2020-02-18,-0.00258046567814141,306.935882568359
2020-02-19,0.00477012739928462,308.403503417969
2020-02-20,-0.00411681009618281,307.136474609375
2020-02-21,-0.0103517300112381,303.973480224609
2020-02-24,-0.0337275952041658,293.892150878906
2020-02-25,-0.0307705878237421,284.986633300781
2020-02-26,-0.00368534047628,283.938293457031
2020-02-27,-0.0459515384385769,271.186126708984
2020-02-28,-0.00421018353948721,270.046783447266
2020-03-02,0.0423947167342753,281.741485595703
2020-03-03,-0.029049821466745,273.674682617188
2020-03-04,0.0411732530827837,285.177947998047
2020-03-05,-0.0338065328643777,275.698211669922
2020-03-06,-0.016669571428336,271.140533447266
2020-03-09,-0.0813123988293381,249.96598815918
2020-03-10,0.0504503563221625,262.900390625
2020-03-11,-0.049976527165323,250.084457397461
2020-03-12,-0.100568982424218,226.15705871582
2020-03-13,0.0820282058303601,245.490417480469
2020-03-16,-0.115886580043106,218.6279296875
2020-03-17,0.0525847688413448,230.432067871094
2020-03-18,-0.051959615323474,218.7646484375
2020-03-19,0.0021226033931141,219.2294921875
2020-03-20,-0.0440502054451555,209.781997680664
2020-03-23,-0.0259007774179034,204.418243408203
2020-03-24,0.0867308841463279,222.939178466797
2020-03-25,0.0148594725723523,226.276672363281
2020-03-26,0.0567486333372473,239.488906860352
2020-03-27,-0.030238180563023,232.355590820312
2020-03-30,0.031959333140672,239.901458740234
2020-03-31,-0.0150175106711385,236.325653076172
2020-04-01,-0.0460490964209805,225.689834594727
2020-04-02,0.022813332182638,230.897750854492
2020-04-03,-0.0145597053043316,227.560302734375
2020-04-06,0.0650066693640019,242.844650268555
2020-04-07,0.00101882933757835,243.092193603516
2020-04-08,0.0330172252403038,251.252395629883
2020-04-09,0.0151030830241581,255.075881958008
2020-04-13,-0.00917229358449134,252.746948242188
2020-04-14,0.029066638056177,260.201263427734
2020-04-15,-0.021477372769219,254.672409057617
2020-04-16,0.00481260585099719,255.901000976562
2020-04-17,0.0266571625444412,262.814331054688
2020-04-20,-0.0177751087467177,258.184051513672
2020-04-21,-0.0308338342544161,250.3447265625
2020-04-22,0.0219517804566927,255.901000976562
2020-04-23,-0.0000714961725254426,255.882705688477
2020-04-24,0.013842541800094,259.449401855469
2020-04-27,0.0143152094219454,263.190185546875
2020-04-28,-0.00460905235965736,261.979919433594
2020-04-29,0.0258417250701042,268.838165283203
2020-04-30,-0.00935424135958129,266.335113525391
2020-05-01,-0.0268299558897978,259.284362792969
2020-05-04,0.00275460249863357,259.999572753906
2020-05-05,0.00919655892632676,262.401702880859
2020-05-06,-0.00680226782936177,260.622833251953
2020-05-07,0.0119953233173646,263.767913818359
2020-05-08,0.0164103206760418,268.132141113281
2020-05-11,0.000205188189187133,268.187164306641
2020-05-12,-0.0201330248624272,262.841735839844
2020-05-13,-0.0178436816046128,258.193267822266
2020-05-14,0.011896016736781,261.283081054688
2020-05-15,0.00458655381929773,262.484222412109
2020-05-18,0.0300051929922471,270.479461669922
2020-05-19,-0.0103246120385982,267.701232910156
2020-05-20,0.0168453945292608,272.248962402344
2020-05-21,-0.00692738337890297,270.369506835938
2020-05-22,0.00189684658439315,270.882843017578
2020-05-26,0.0122455187376644,274.220336914062
2020-05-27,0.0147691176560434,278.300384521484
2020-05-28,-0.00184624322406624,277.787048339844
2020-05-29,0.00444535158577786,279.024658203125
2020-06-01,0.00403392611807263,280.152496337891
2020-06-02,0.00824594057797423,282.47216796875
2020-06-03,0.0132206010115778,286.231414794922
2020-06-04,-0.00263043098109605,285.4794921875
2020-06-05,0.025306829358632,292.796264648438
2020-06-08,0.0120149594002861,296.335418701172
2020-06-09,-0.00748485435513579,294.125671386719
2020-06-10,-0.00559546590443194,292.484497070312
2020-06-11,-0.0593773930679138,275.623077392578
2020-06-12,0.0119046751655594,278.923889160156
2020-06-15,0.00929215044521481,281.527770996094
2020-06-16,0.0190648066038444,286.946533203125
2020-06-17,-0.00416247387585855,285.754608154297
2020-06-18,0.000385247379385945,285.864715576172
2020-06-19,-0.00573196927141684,284.230834960938
2020-06-22,0.00639512686917421,286.054351806641
2020-06-23,0.00459308705666484,287.371246337891
2020-06-24,-0.0258399340409259,280.040710449219
2020-06-25,0.0106638399142316,283.042999267578
2020-06-26,-0.0240383025288962,276.320251464844
2020-06-29,0.0145905433887377,280.381469726562
2020-06-30,0.0127283894113637,283.973083496094
2020-07-01,0.00698056443761974,285.962310791016
2020-07-02,0.00549169404088889,287.537048339844
2020-07-06,0.015319100369525,291.975769042969
2020-07-07,-0.0103671562376038,288.964447021484
2020-07-08,0.00761939669766409,291.174591064453
2020-07-09,-0.00570904523505256,289.516998291016
2020-07-10,0.0101588375679382,292.47314453125
2020-07-13,-0.00869673035141183,289.940612792969
2020-07-14,0.0128759033245442,293.697998046875
2020-07-15,0.00914528967271089,296.396270751953
2020-07-16,-0.00329888356180508,295.420104980469
2020-07-17,0.00289488170323615,296.276550292969
2020-07-20,0.0080489834063151,298.6708984375
2020-07-21,0.00212518714662568,299.306304931641
2020-07-22,0.00567583623472867,301.009948730469
2020-07-23,-0.0120034282773638,297.418395996094
2020-07-24,-0.00646134359560957,295.502868652344
2020-07-27,0.00726608395541106,297.657836914062
2020-07-28,-0.00636254043557027,295.769989013672
2020-07-29,0.0122239473715142,299.407653808594
2020-07-30,-0.00357442014995346,298.33935546875
2020-07-31,0.00787085891406214,300.696807861328
2020-08-03,0.00692848288292325,302.787414550781
2020-08-04,0.00385518891305647,303.956970214844
2020-08-05,0.00619169693410093,305.844818115234
2020-08-06,0.0066625011999264,307.889312744141
2020-08-07,0.000717163685146183,308.110198974609
2020-08-10,0.00298469910444243,309.031188964844
2020-08-11,-0.00828887413097323,306.480255126953
2020-08-12,0.0138460037702188,310.753295898438
2020-08-13,-0.00180959338062792,310.191467285156
2020-08-14,0.0000297112353253581,310.20068359375
2020-08-17,0.00317156072999492,311.186065673828
2020-08-18,0.0021580227222886,311.858337402344
2020-08-19,-0.00417251595017198,310.559814453125
2020-08-20,0.0031090259326767,311.52685546875
2020-08-21,0.00354100016320924,312.631927490234
2020-08-24,0.0100820319308319,315.799835205078
2020-08-25,0.00349326798247773,316.904937744141
2020-08-26,0.00997565331384731,320.082092285156
2020-08-27,0.00218439888007893,320.782043457031
2020-08-28,0.0064384151092538,322.854034423828
2020-08-31,-0.0036292246214602,321.684448242188
2020-09-01,0.00937470497991999,324.714324951172
2020-09-02,0.0143602629279771,329.410949707031
2020-09-03,-0.0350203512683986,318.074523925781
2020-09-04,-0.00819812267134967,315.477569580078
2020-09-08,-0.0277031753484156,306.857788085938
2020-09-09,0.0195549107818342,312.917419433594
2020-09-10,-0.0175161388483529,307.484039306641
2020-09-11,0.000508721781291577,307.640502929688
2020-09-14,0.01308533547392,311.692535400391
2020-09-15,0.00503988456217019,313.267395019531
2020-09-16,-0.00397656832085325,312.024139404297
2020-09-17,-0.00883413522708842,309.279815673828
2020-09-18,-0.0115794603047963,305.719177246094
2020-09-21,-0.0111921817636293,302.316589355469
2020-09-22,0.0101330060048959,305.395538330078
2020-09-23,-0.0234642449339741,298.313079833984
2020-09-24,0.0026618936217595,299.108215332031
2020-09-25,0.0160378418044322,303.943939208984
2020-09-28,0.0164729170325977,308.992248535156
2020-09-29,-0.00546087697862685,307.309478759766
2020-09-30,0.00755358731189926,309.639556884766
2020-10-01,0.0063991811907238,311.627349853516
2020-10-02,-0.0095397429712305,308.668640136719
2020-10-05,0.0175776423653691,314.142272949219
2020-10-06,-0.0143179305825063,309.676452636719
2020-10-07,0.0172568317383321,315.066864013672
2020-10-08,0.00882351291395445,317.859161376953
2020-10-09,0.00889061186804874,320.697723388672
2020-10-12,0.0159594232428883,325.85693359375
2020-10-13,-0.00654724229508385,323.730438232422
2020-10-14,-0.00630319509499966,321.696319580078
2020-10-15,-0.00123684973189864,321.298675537109
2020-10-16,-0.00060455292028383,321.1044921875
2020-10-19,-0.0153200171398939,316.22265625
2020-10-20,0.0039977947322738,317.489379882812
2020-10-21,-0.00189500486009475,316.888305664062
2020-10-22,0.00547038368720631,318.626556396484
2020-10-23,0.00338940623543493,319.708343505859
2020-10-26,-0.0186528659912897,313.800140380859
2020-10-27,-0.00345313683374382,312.718414306641
2020-10-28,-0.0347769057164973,302.029968261719
2020-10-29,0.0101123663723959,305.099700927734
2020-10-30,-0.010479820975271,301.919006347656
2020-11-02,0.0111461650936571,305.303070068359
2020-11-03,0.017501880360725,310.693481445312
2020-11-04,0.0221032293093728,317.637268066406
2020-11-05,0.0193152709856079,323.832153320312
2020-11-06,-0.000228555390969554,323.758148193359
2020-11-09,0.0124873748810206,327.826385498047
2020-11-10,-0.0014678133198931,327.345550537109
2020-11-11,0.00740099824538021,329.777221679688
2020-11-12,-0.00974804688332043,326.578155517578
2020-11-13,0.0137495101359173,331.099456787109
2020-11-16,0.0124053750143593,335.232452392578
2020-11-17,-0.00539290010229188,333.429443359375
2020-11-18,-0.0121078035634943,329.416687011719
2020-11-19,0.00420152138124141,330.803649902344
2020-11-20,-0.00687166918564763,328.538269042969
2020-11-23,0.00597678530300172,330.507751464844
2020-11-24,0.0159851952885592,335.833435058594
2020-11-25,-0.00154327403822663,335.315551757812
2020-11-27,0.00278126324151717,336.249450683594
2020-11-30,-0.00443685837497387,334.760864257812
2020-12-01,0.0108780916579763,338.422302246094
2020-12-02,0.00210150678365739,339.134246826172
2020-12-03,-0.00027287695911582,339.041717529297
2020-12-04,0.00858102719350651,341.963562011719
2020-12-07,-0.00205718376762309,341.260803222656
2020-12-08,0.00292183442410554,342.259368896484
2020-12-09,-0.00900930838833158,339.189697265625
2020-12-10,-0.000327101740690949,339.078765869141
2020-12-11,-0.0011734069714473,338.681121826172
2020-12-14,-0.00448729509846224,337.164764404297
2020-12-15,0.0134289856822072,341.723083496094
2020-12-16,0.00156812651672489,342.259368896484
2020-12-17,0.00557658713811282,344.17333984375
2020-12-18,-0.00400085595396416,342.799102783203
2020-12-21,-0.00358199466735165,341.573394775391
2020-12-22,-0.00168698854055904,340.997650146484
2020-12-23,0.000898215584972384,341.304077148438
2020-12-24,0.00388314964574743,342.631988525391
2020-12-28,0.00855383996396952,345.575378417969
2020-12-29,-0.00190957152787963,344.916107177734
2020-12-30,0.00142578356031198,345.408233642578
2020-12-31,0.00506818184203439,347.163269042969
2021-01-04,-0.0137076301018011,342.436950683594
2021-01-05,0.00686358341879423,344.795379638672
2021-01-06,0.00596073333183167,346.856750488281
2021-01-07,0.0147481735921184,352.010162353516
2021-01-08,0.00568152229806174,354.015808105469
2021-01-11,-0.00676354292471881,351.629486083984
2021-01-12,0.000211395704473816,351.703826904297
2021-01-13,0.00268922189758136,352.650909423828
2021-01-14,-0.00350806482623955,351.415954589844
2021-01-15,-0.0073194318395009,348.853179931641
2021-01-19,0.00782133804740681,351.592376708984
2021-01-20,0.0137437020681723,356.457916259766
2021-01-21,0.000911110800463355,356.782836914062
2021-01-22,-0.00354556366262582,355.520080566406
2021-01-25,0.00393587124603023,356.922119140625
2021-01-26,-0.00156205957122335,356.365020751953
2021-01-27,-0.0247437983752006,347.655395507812
2021-01-28,0.00856332124404968,350.645263671875
2021-01-29,-0.0202227889654942,343.625457763672
2021-02-01,0.0165084836597043,349.345275878906
2021-02-02,0.0140411804199454,354.285095214844
2021-02-03,0.000786135199422056,354.563720703125
2021-02-04,0.0113013733767486,358.593505859375
2021-02-05,0.00392831296511531,360.004943847656
2021-02-08,0.00719610107134461,362.604919433594
2021-02-09,-0.000666280483258674,362.363403320312
2021-02-10,-0.00043575545568153,362.205535888672
2021-02-11,0.00161377864433287,362.79052734375
2021-02-12,0.00492764363773279,364.582641601562
2021-02-16,-0.000866392477708366,364.266906738281
2021-02-17,0.000229525566637356,364.350524902344
2021-02-18,-0.00426503664245992,362.799865722656
2021-02-19,-0.00176751005731823,362.1591796875
2021-02-22,-0.00772150261328619,359.37353515625
2021-02-23,0.00121351765957023,359.809906005859
2021-02-24,0.0109590875124734,363.774780273438
2021-02-25,-0.0243907602435192,355.009368896484
2021-02-26,-0.0051660135058631,353.180114746094
2021-03-01,0.0239513241952478,361.741363525391
2021-03-02,-0.00783409752173814,358.918518066406
2021-03-03,-0.0133341003758476,354.164428710938
2021-03-04,-0.0124519381263459,349.78173828125
2021-03-05,0.0182292280491669,356.216461181641
2021-03-08,-0.00499114528676703,354.442962646484
2021-03-09,0.0141765015301649,359.503509521484
2021-03-10,0.00620555173136683,361.741363525391
2021-03-11,0.0100878572705909,365.409027099609
2021-03-12,0.00134579294828363,365.901123046875
2021-03-15,0.00594591651411402,368.083221435547
2021-03-16,-0.00126201458708408,367.618988037109
2021-03-17,0.00340417150189065,368.87255859375
2021-03-18,-0.014656722040991,363.505523681641
2021-03-19,-0.00185205016600243,362.832916259766
2021-03-22,0.00795336098403876,365.730163574219
2021-03-23,-0.00790180338740054,362.851623535156
2021-03-24,-0.00509642956636114,361.007080078125
2021-03-25,0.00560967378382848,363.037902832031
2021-03-26,0.0159864937557179,368.888244628906
2021-03-29,-0.000505102422239112,368.701965332031
2021-03-30,-0.00265656247339408,367.723785400391
2021-03-31,0.00404489804095753,369.214202880859
2021-04-01,0.0107414555346681,373.201477050781
2021-04-05,0.014250988208742,378.558044433594
2021-04-06,-0.000590762304549131,378.33447265625
2021-04-07,0.00115660235293724,378.772308349609
2021-04-08,0.00473545439130962,380.570220947266
2021-04-09,0.00724404192671457,383.337097167969
2021-04-12,0.000364469098762754,383.476837158203
2021-04-13,0.00295922409708638,384.613311767578
2021-04-14,-0.00342090208664647,383.299835205078
2021-04-15,0.0106853300372904,387.41748046875
2021-04-16,0.00333663657326788,388.712310791016
2021-04-19,-0.00492522856302369,386.802520751953
2021-04-20,-0.00734834268063089,383.970581054688
2021-04-21,0.00941756353717693,387.603729248047
2021-04-22,-0.00917502320094155,384.063720703125
2021-04-23,0.010784230968115,388.227966308594
2021-04-26,0.00208508610528657,389.038299560547
2021-04-27,-0.000215272502162023,388.954559326172
2021-04-28,-0.000287599169254804,388.842712402344
2021-04-29,0.00635268440580283,391.320770263672
2021-04-30,-0.00659216499075121,388.749603271484
2021-05-03,0.00215436008976688,389.588012695312
2021-05-04,-0.00618837666950167,387.184539794922
2021-05-05,0.000312705713138683,387.305633544922
2021-05-06,0.00795395463377524,390.398529052734
2021-05-07,0.00725161290090615,393.239837646484
2021-05-10,-0.00995189693358434,389.345764160156
2021-05-11,-0.00896468029219744,385.871002197266
2021-05-12,-0.0214742887606896,377.673034667969
2021-05-13,0.0119411002329359,382.209899902344
2021-05-14,0.0152383899539963,388.078765869141
2021-05-17,-0.00254748260424975,387.091400146484
2021-05-18,-0.00865323991530698,383.756256103516
2021-05-19,-0.00262500865392568,382.750213623047
2021-05-20,0.010700197734189,386.867706298828
2021-05-21,-0.000818990911401585,386.550994873047
2021-05-24,0.0101429127643735,390.49169921875
2021-05-25,-0.00222142588569074,389.625213623047
2021-05-26,0.00198280037064524,390.398529052734
2021-05-27,0.000524697853601985,390.603424072266
2021-05-28,0.00178732871125842,391.302185058594
2021-06-01,-0.000881361035701467,390.957458496094
2021-06-02,0.00157125472128605,391.572235107422
2021-06-03,-0.00371813863874948,390.119018554688
2021-06-04,0.00910426123949559,393.686981201172
2021-06-07,-0.000970600725992199,393.305053710938
2021-06-08,0.000212891545906757,393.388793945312
2021-06-09,-0.00149274731836346,392.802001953125
2021-06-10,0.0046376204071894,394.627899169922
2021-06-11,0.00165100074780788,395.279968261719
2021-06-14,0.00223659549695565,396.1650390625
2021-06-15,-0.00183590478448892,395.438385009766
2021-06-16,-0.0055991104946651,393.23046875
2021-06-17,-0.000331671241474041,393.100067138672
2021-06-18,-0.013582282637814,387.796966552734
2021-06-21,0.0142145596013012,393.348693847656
2021-06-22,0.0053319205740765,395.451599121094
2021-06-23,-0.00120599081097517,394.974975585938
2021-06-24,0.0058982568259589,397.3115234375
2021-06-25,0.00354571746024934,398.722778320312
2021-06-28,0.00201399033921668,399.526611328125
2021-06-29,0.000537982964833539,399.741607666016
2021-06-30,0.000841406720425653,400.078094482422
2021-07-01,0.00552121621181545,402.293121337891
2021-07-02,0.00761434435352815,405.368011474609
2021-07-06,-0.00182307309583063,404.629669189453
2021-07-07,0.0035279226405196,406.059692382812
2021-07-08,-0.00818157603199587,402.751037597656
2021-07-09,0.0106181494202806,407.05029296875
2021-07-12,0.00357563589711862,408.508361816406
2021-07-13,-0.00341468289306146,407.115814208984
2021-07-14,0.00149090053378131,407.723236083984
2021-07-15,-0.00342126958357802,406.330688476562
2021-07-16,-0.00787423959279909,403.143707275391
2021-07-19,-0.0148783303505562,397.190002441406
2021-07-20,0.014228773356165,402.881927490234
2021-07-21,0.00806367093584992,406.143768310547
2021-07-22,0.00209195769517567,406.994293212891
2021-07-23,0.0102353815697107,411.181427001953
2021-07-26,0.00245171963258528,412.190765380859
2021-07-27,-0.00456764671819077,410.312316894531
2021-07-28,-0.000410270332984908,410.144012451172
2021-07-29,0.00413879412939533,411.845031738281
2021-07-30,-0.00486824853954282,409.844940185547
2021-08-02,-0.00210029952256363,408.985046386719
2021-08-03,0.00810266694769002,412.312377929688
2021-08-04,-0.00493114574905817,410.284210205078
2021-08-05,0.00631280359113706,412.882446289062
2021-08-06,0.00165126738975108,413.564788818359
2021-08-09,-0.000813956572012664,413.228302001953
2021-08-10,0.00124318355689734,413.742340087891
2021-08-11,0.00248181375945489,414.770446777344
2021-08-12,0.00299245776573365,416.013488769531
2021-08-13,0.0018180446660585,416.7705078125
2021-08-16,0.00235204042836301,417.751922607422
2021-08-17,-0.00657682052911479,415.013458251953
2021-08-18,-0.0110052020761682,410.47119140625
2021-08-19,0.00154709293522526,411.106719970703
2021-08-20,0.0079253700239672,414.377838134766
2021-08-23,0.0087581963487473,418.022979736328
2021-08-24,0.00158607936866595,418.6865234375
2021-08-25,0.00209627120473499,419.565124511719
2021-08-26,-0.00592098370768657,417.088226318359
2021-08-27,0.00890141376951181,420.817474365234
2021-08-30,0.00438802867742449,422.668090820312
2021-08-31,-0.00148283298942964,422.041809082031
2021-09-01,0.000531404972108795,422.266143798828
2021-09-02,0.00307192369788911,423.565307617188
2021-09-03,-0.000242835577080491,423.462463378906
2021-09-07,-0.00358178425397604,421.948425292969
2021-09-08,-0.00121906369957259,421.434356689453
2021-09-09,-0.00428940933248256,419.630523681641
2021-09-10,-0.00791578758330047,416.321929931641
2021-09-13,0.00255595267913122,417.387390136719
2021-09-14,-0.00541128567454763,415.134887695312
2021-09-15,0.00831808597435302,418.602416992188
2021-09-16,-0.00158647131909451,417.938842773438
2021-09-17,-0.00978859243554098,413.867767333984
2021-09-20,-0.0168150682512582,406.966735839844
2021-09-21,-0.000944993868897015,406.582336425781
2021-09-22,0.00970751963395156,410.548461914062
2021-09-23,0.0120768435184155,415.536651611328
2021-09-24,0.00164586116079946,416.221130371094
2021-09-27,-0.00286499621837155,415.030364990234
2021-09-28,-0.0203576370307319,406.666748046875
2021-09-29,0.00168165433759615,407.351196289062
2021-09-30,-0.0122976606218659,402.372406005859
2021-10-01,0.0118141785102033,407.154296875
2021-10-04,-0.0129800509795075,401.903564453125
2021-10-05,0.0103512076401078,406.085357666016
2021-10-06,0.00414751862648632,407.773101806641
2021-10-07,0.00860860996058843,411.298614501953
2021-10-08,-0.00182552890372012,410.548461914062
2021-10-11,-0.00726598793353528,407.576232910156
2021-10-12,-0.00246449995386211,406.572998046875
2021-10-13,0.0035911195698457,408.035675048828
2021-10-14,0.0166806965770672,414.899078369141
2021-10-15,0.00758695011725319,418.058868408203
2021-10-18,0.00295607173682289,419.296508789062
2021-10-19,0.0076852251523265,422.531311035156
2021-10-20,0.00392007910507619,424.19091796875
2021-10-21,0.0026048269454364,425.297302246094
2021-10-22,-0.00103676377912887,424.856597900391
2021-10-25,0.00534859298714974,427.135070800781
2021-10-26,0.000899614816025185,427.519500732422
2021-10-27,-0.00444007897170007,425.62548828125
2021-10-28,0.0096028451566319,429.732391357422
2021-10-29,0.00202699363949144,430.604339599609
2021-11-01,0.00171850311134492,431.344970703125
2021-11-02,0.00403512924734084,433.089019775391
2021-11-03,0.00608651917229341,435.733062744141
2021-11-04,0.00470160165307476,437.786529541016
2021-11-05,0.00346333350906125,439.305358886719
2021-11-08,0.000853533870699863,439.680480957031
2021-11-09,-0.00331091771419967,438.227142333984
2021-11-10,-0.00807712787242565,434.701782226562
2021-11-11,0.000323164601267578,434.84228515625
2021-11-12,0.00751855668494006,438.123992919922
2021-11-15,0.000342296311532486,438.273986816406
2021-11-16,0.00395009958690107,440.008636474609
2021-11-17,-0.00243210671379046,438.939788818359
2021-11-18,0.00339064323990268,440.430603027344
2021-11-19,-0.00178991485236413,439.642974853516
2021-11-22,-0.00281907313608798,438.405334472656
2021-11-23,0.0013250609408999,438.986633300781
2021-11-24,0.00266635962661166,440.15869140625
2021-11-26,-0.0225556966116098,430.341735839844
2021-11-29,0.0121920660226715,435.62060546875
2021-11-30,-0.0196494712878597,427.144439697266
2021-12-01,-0.0111694321089386,422.400024414062
2021-12-02,0.0152004718611973,428.869750976562
2021-12-03,-0.0087395823674683,425.137939453125
2021-12-06,0.0117736414365863,430.172943115234
2021-12-07,0.0204739819006239,439.071075439453
2021-12-08,0.00264428881652723,440.233642578125
2021-12-09,-0.00677437519423574,437.261413574219
2021-12-10,0.00936958380457931,441.377624511719
2021-12-13,-0.00889789759721893,437.467712402344
2021-12-14,-0.0069038886379813,434.457885742188
2021-12-15,0.0155042946019464,441.246337890625
2021-12-16,-0.00885771251558065,437.355163574219
2021-12-17,-0.0106997924058341,432.700500488281
2021-12-20,-0.0106904022084509,428.099395751953
2021-12-21,0.0176031822586751,435.702026367188
2021-12-22,0.00994902432043787,440.058471679688
2021-12-23,0.00620263922212594,442.796478271484
2021-12-27,0.0140529840793997,449.063018798828
2021-12-28,-0.000817397121585017,448.696105957031
2021-12-29,0.00127832027101515,449.270050048828
2021-12-30,-0.00276832235277258,448.028045654297
2021-12-31,-0.0025233118502177,446.898956298828
2022-01-03,0.0057732566687827,449.486480712891
2022-01-04,-0.000334910853488246,449.335968017578
2022-01-05,-0.0193891549395389,440.707641601562
2022-01-06,-0.000939773805042066,440.293670654297
2022-01-07,-0.00396131547309952,438.552978515625
2022-01-10,-0.00124526860734608,438.007202148438
2022-01-11,0.0090672098531801,441.996765136719
2022-01-12,0.00269987024585472,443.191711425781
2022-01-13,-0.0138745594987819,437.085083007812
2022-01-14,0.00040899571948394,437.263885498047
2022-01-18,-0.0178680919332486,429.520202636719
2022-01-19,-0.0104380174266563,425.060180664062
2022-01-20,-0.0111296899768005,420.355621337891
2022-01-21,-0.0198259828052567,412.103729248047
2022-01-24,0.00423773394092475,413.853820800781
2022-01-25,-0.0122839758351425,408.801147460938
2022-01-26,-0.00251196194810177,407.775543212891
2022-01-27,-0.00495026968580969,405.761932373047
2022-01-28,0.0245320398501221,415.839202880859
2022-01-31,0.0178508799757067,423.328948974609
2022-02-01,0.00673415265307487,426.189331054688
2022-02-02,0.0096672200459258,430.329376220703
2022-02-03,-0.0237858101827966,420.214416503906
2022-02-04,0.00469129865653173,422.190399169922
2022-02-07,-0.0032143498021453,420.835510253906
2022-02-08,0.00819407490921797,424.298034667969
2022-02-09,0.0145300598219285,430.508117675781
2022-02-10,-0.0181289592438167,422.773773193359
2022-02-11,-0.0199158517047158,414.437164306641
2022-02-14,-0.00327458198977038,413.082275390625
2022-02-15,0.0159981859908518,419.743988037109
2022-02-16,0.00112012336191825,420.214416503906
2022-02-17,-0.0215928097244351,411.238067626953
2022-02-18,-0.00649601398666455,408.575317382812
2022-02-22,-0.0107899942589222,404.190490722656
2022-02-23,-0.0178976504144437,397.020782470703
2022-02-24,0.0149373321406987,402.995727539062
2022-02-25,0.021823952736101,411.887359619141
2022-02-28,-0.00256182528438131,410.833526611328
2022-03-01,-0.0153474542976131,404.576416015625
2022-03-02,0.0182290838114918,412.019104003906
2022-03-03,-0.00499108753992239,409.967803955078
2022-03-04,-0.00815775030815669,406.636993408203
2022-03-07,-0.029922526618158,394.649627685547
2022-03-08,-0.00761030457596679,391.657623291016
2022-03-09,0.0264576549095334,402.158264160156
2022-03-10,-0.0045258852270269,400.342254638672
2022-03-11,-0.01279647749669,395.251922607422
2022-03-14,-0.00733519184296583,392.36328125
2022-03-15,0.0217520456360392,400.991485595703
2022-03-16,0.0219319205177122,409.883148193359
2022-03-17,0.0124334665645893,415.01123046875
2022-03-18,0.0108931731392605,419.556732177734
2022-03-21,-0.000292520941503227,419.434020996094
2022-03-22,0.0116334532649329,424.341979980469
2022-03-23,-0.0129619678740411,418.877166748047
2022-03-24,0.0149617163627296,425.19140625
2022-03-25,0.00487188554333784,427.267944335938
2022-03-28,0.00708774442981763,430.307067871094
2022-03-29,0.0122948357446626,435.630279541016
2022-03-30,-0.00619368765650563,432.940460205078
2022-03-31,-0.0155110394204536,426.276916503906
2022-04-01,0.00282992055945197,427.484954833984
2022-04-04,0.00853036612500446,431.147155761719
2022-04-05,-0.0127119782381167,425.701110839844
2022-04-06,-0.0100495581497402,421.444427490234
2022-04-07,0.00502627174352277,423.568054199219
2022-04-08,-0.00267752920846043,422.435455322266
2022-04-11,-0.017239996617235,415.215087890625
2022-04-12,-0.00371222204256227,413.676574707031
2022-04-13,0.011388678965969,418.414733886719
2022-04-14,-0.0125300601698441,413.204681396484
2022-04-18,0.00041107095045323,413.374572753906
2022-04-19,0.0160137728070904,420.047546386719
2022-04-20,-0.000741913662436033,419.736022949219
2022-04-21,-0.0150664239244742,413.459503173828
2022-04-22,-0.027822542388769,402.114562988281
2022-04-25,0.00578085720242161,404.445861816406
2022-04-26,-0.0293887465238942,392.732666015625
2022-04-27,0.00280791362868804,393.836975097656
2022-04-28,0.0249458145864354,403.785125732422
2022-04-29,-0.037655912980572,388.862945556641
2022-05-02,0.0060014520601408,391.203704833984
2022-05-03,0.00457359330865259,392.997009277344
2022-05-04,0.029998406641333,404.964904785156
2022-05-05,-0.0361898974636503,390.5712890625
2022-05-06,-0.00598667388343888,388.240051269531
2022-05-09,-0.032541121583562,375.809631347656
2022-05-10,0.00230793847507993,376.677978515625
2022-05-11,-0.0160137289552713,370.694000244141
2022-05-12,-0.00104443288515643,370.307037353516
2022-05-13,0.0236265214247462,379.160278320312
2022-05-16,-0.00406594029664564,377.621765136719
2022-05-17,0.020361743831236,385.389617919922
2022-05-18,-0.0411463909188239,369.854034423828
2022-05-19,-0.00614357041129665,367.588775634766
2022-05-20,0.00043642903143315,367.749237060547
2022-05-23,0.0185371930935014,374.629852294922
2022-05-24,-0.00766295984576892,371.770050048828
2022-05-25,0.00879608645333452,375.054595947266
2022-05-26,0.0197842171359515,382.548645019531
2022-05-27,0.0242527177892731,391.939910888672
2022-05-31,-0.00562675685386527,389.740753173828
2022-06-01,-0.00812135499124533,386.588348388672
2022-06-02,0.0188642982220362,393.950286865234
2022-06-03,-0.0165477828215277,387.484924316406
2022-06-06,0.00304031937414084,388.664794921875
2022-06-07,0.00954648431348026,392.392944335938
2022-06-08,-0.0109317336201453,388.126770019531
2022-06-09,-0.0240701817866178,378.896026611328
2022-06-10,-0.0294243907668861,367.90966796875
2022-06-13,-0.0387076984160579,353.940826416016
2022-06-14,-0.00301801764043308,352.874237060547
2022-06-15,0.014155860142349,357.904998779297
2022-06-16,-0.0336562149453803,346.059722900391
2022-06-17,0.00215355941676165,346.805786132812
2022-06-21,0.0248618685414188,355.536102294922
2022-06-22,-0.00181457450579714,354.891540527344
2022-06-23,0.00975484249705794,358.370391845703
2022-06-24,0.0312987444383399,369.764312744141
2022-06-27,-0.00382700089141963,368.351928710938
2022-06-28,-0.0206445996096409,360.825408935547
2022-06-29,-0.000814555707124853,360.531616210938
2022-06-30,-0.00815742498055005,357.602569580078
2022-07-01,0.01052091014627,361.384735107422
2022-07-05,0.00188669010119114,362.067199707031
2022-07-06,0.00337177576727843,363.290069580078
2022-07-07,0.0148660732754413,368.731109619141
2022-07-08,-0.000822761995432408,368.427856445312
2022-07-11,-0.0114894296336647,364.219055175781
2022-07-12,-0.00888834892402457,360.99609375
2022-07-13,-0.00526579449103171,359.100158691406
2022-07-14,-0.00243118567136769,358.228179931641
2022-07-15,0.0189249973378116,365.072204589844
2022-07-18,-0.00829137070430264,362.057769775391
2022-07-19,0.0266606809842189,371.840301513672
2022-07-20,0.0063528938889954,374.210083007812
2022-07-21,0.0101317344780227,378.020751953125
2022-07-22,-0.00932151753254651,374.513397216797
2022-07-25,0.00121421798034671,374.968414306641
2022-07-26,-0.0119015364015214,370.532165527344
2022-07-27,0.0256351911171571,380.153625488281
2022-07-28,0.0124642294524122,384.921600341797
2022-07-29,0.0144734710851413,390.533264160156
2022-08-01,-0.00296563545717632,389.376800537109
2022-08-02,-0.00661911073424015,386.807983398438
2022-08-03,0.0155380019764166,392.865142822266
2022-08-04,-0.000675884876957689,392.599700927734
2022-08-05,-0.00169163562355301,391.936126708984
2022-08-08,-0.00116146556212993,391.481170654297
2022-08-09,-0.00397888920127887,389.926605224609
2022-08-10,0.0207864167768133,398.116607666016
2022-08-11,0,398.116607666016
2022-08-12,0.0167873756588737,404.856353759766
2022-08-15,0.00411218974765593,406.524627685547
2022-08-16,0.00195679618042632,407.320892333984
2022-08-17,-0.00712326145045594,404.429748535156
2022-08-18,0.00290228678588544,405.605224609375
2022-08-19,-0.0135292032908385,400.154663085938
2022-08-22,-0.0210421740460376,391.822509765625
2022-08-23,-0.00242223331699698,390.874572753906
2022-08-24,0.00319588943567872,392.125762939453
2022-08-25,0.0140189099839434,397.661651611328
2022-08-26,-0.0344353010788456,384.201141357422
2022-08-29,-0.00663389263295677,381.660827636719
2022-08-30,-0.0110388044405951,377.470916748047
2022-08-31,-0.0076380578476698,374.598754882812
2022-09-01,0.00313296610643121,375.774200439453
2022-09-02,-0.0106004609415828,371.811859130859
2022-09-06,-0.00378034478368061,370.408935546875
2022-09-07,0.0178055149176775,377.063323974609
2022-09-08,0.00651503261490127,379.527923583984
2022-09-09,0.015415802903,385.423980712891
2022-09-12,0.010690286492423,389.566375732422
2022-09-13,-0.0444561423476637,372.627075195312
2022-09-14,0.0038084690301341,374.048919677734
2022-09-15,-0.0114181973967886,369.80224609375
2022-09-16,-0.00765810159740443,366.981079101562
2022-09-19,0.00772486132335715,369.826934814453
2022-09-20,-0.0115448801384375,365.581878662109
2022-09-21,-0.0175975633098586,359.204803466797
2022-09-22,-0.00843534574539984,356.187530517578
2022-09-23,-0.0168968770045721,350.219635009766
2022-09-26,-0.00994190547690899,346.755035400391
2022-09-27,-0.00255605416797522,345.869842529297
2022-09-28,0.0194853435723239,352.675323486328
2022-09-29,-0.021110262108853,345.308288574219
2022-09-30,-0.0155844450614264,339.968566894531
2022-10-03,0.0260587258329705,348.944152832031
2022-10-04,0.03051645863881,359.7568359375
2022-10-05,-0.00233082828573483,358.919281005859
2022-10-06,-0.0103693925379709,355.216735839844
2022-10-07,-0.0282905185866484,345.308288574219
2022-10-10,-0.0076645186130202,342.671783447266
2022-10-11,-0.00635330335534601,340.501586914062
2022-10-12,-0.00330366443114727,339.378540039062
2022-10-13,0.0260486017993182,348.335021972656
2022-10-14,-0.0230521306641451,340.397003173828
2022-10-17,0.0253720622056184,349.144073486328
2022-10-18,0.0116812587517554,353.246429443359
2022-10-19,-0.00711203250823189,350.743041992188
2022-10-20,-0.00842034783367485,347.802062988281
2022-10-21,0.0240107626331474,356.254119873047
2022-10-24,0.0121623527563832,360.613464355469
2022-10-25,0.0158424205663978,366.371948242188
2022-10-26,-0.00756271282656495,363.611633300781
2022-10-27,-0.00535412558725579,361.670013427734
2022-10-28,0.0235119945545419,370.274353027344
2022-10-31,-0.00724939957942627,367.599792480469
2022-11-01,-0.00438533990821277,365.991271972656
2022-11-02,-0.02541675684484,356.806182861328
2022-11-03,-0.0103499727865533,353.132293701172
2022-11-04,0.0142901721897024,358.21484375
2022-11-07,0.00952023554559833,361.641418457031
2022-11-08,0.00538090325265728,363.592620849609
2022-11-09,-0.0208173180263538,356.101837158203
2022-11-10,0.053497471739929,375.671173095703
2022-11-11,0.00963186138986494,379.307067871094
2022-11-14,-0.00854301429947046,376.080444335938
2022-11-15,0.00849264749475687,379.287963867188
2022-11-16,-0.00765791826748252,376.394500732422
2022-11-17,-0.00306452004007696,375.242797851562
2022-11-18,0.00453032113234109,376.946624755859
2022-11-21,-0.00364294341167337,375.575927734375
2022-11-22,0.0133672927319122,380.630065917969
2022-11-23,0.00628177871793056,383.028625488281
2022-11-25,-0.000223671069477405,382.942962646484
2022-11-28,-0.0160856169522772,376.832366943359
2022-11-29,-0.001718995751256,376.185150146484
2022-11-30,0.0310145016172809,388.03515625
2022-12-01,-0.000736008100911789,387.749664306641
2022-12-02,-0.00115455044129842,387.30224609375
2022-12-05,-0.0181528847909194,380.335021972656
2022-12-06,-0.0145197816082776,374.8525390625
2022-12-07,-0.00170255690638044,374.214874267578
2022-12-08,0.0078032593861268,377.146392822266
2022-12-09,-0.00749814228793966,374.329071044922
2022-12-12,0.0143142932264944,379.725860595703
2022-12-13,0.00754145723520683,382.600372314453
2022-12-14,-0.00641413651511691,380.154174804688
2022-12-15,-0.0247657956409464,370.85498046875
2022-12-16,-0.0118764449340585,366.476593017578
2022-12-19,-0.00851600704980982,363.368927001953
2022-12-20,0.00136768559117328,363.866241455078
2022-12-21,0.0148416328558332,369.306884765625
2022-12-22,-0.0143687160935322,364.038360595703
2022-12-23,0.005735728008748,366.132385253906
2022-12-27,-0.00395130869861404,364.688537597656
2022-12-28,-0.0125057025809427,360.15625
2022-12-29,0.0178402677195741,366.639190673828
2022-12-30,-0.00263756163178108,365.673431396484
2023-01-03,-0.00421889963410127,364.133941650391
2023-01-04,0.00769063733787601,366.945159912109
2023-01-05,-0.0114789994934075,362.757080078125
2023-01-06,0.0226731247891454,371.075866699219
2023-01-09,-0.000567128899311875,370.865478515625
2023-01-10,0.00698830896839464,373.466278076172
2023-01-11,0.0125686036033432,378.189849853516
2023-01-12,0.00363421204737513,379.566772460938
2023-01-13,0.00387200696888002,381.039306640625
2023-01-17,-0.00183358697090874,380.341278076172
2023-01-18,-0.0159140226196097,374.33642578125
2023-01-19,-0.00730643604735537,371.611328125
2023-01-20,0.0184577193616615,378.534118652344
2023-01-23,0.0119272426988033,383.076019287109
2023-01-24,-0.00107405638340285,382.664794921875
2023-01-25,0.000374835236556237,382.808258056641
2023-01-26,0.0109304405067805,387.015472412109
2023-01-27,0.0022949231110454,387.904663085938
2023-01-30,-0.0126262858226456,383.037658691406
2023-01-31,0.0145963584366999,388.669616699219
2023-02-01,0.0105717316707699,392.800323486328
2023-02-02,0.0144521224074783,398.518341064453
2023-02-03,-0.0106859392825189,394.282470703125
2023-02-06,-0.00613004520173899,391.872894287109
2023-02-07,0.0129937461511815,396.998016357422
2023-02-08,-0.0109949493379515,392.656951904297
2023-02-09,-0.00870699757691451,389.2529296875
2023-02-10,0.00233079054630281,390.161254882812
2023-02-13,0.0116706468313419,394.741363525391
2023-02-14,-0.000460256881258836,394.559722900391
2023-02-15,0.00324218352899219,395.841033935547
2023-02-16,-0.0138643917544758,390.390808105469
2023-02-17,-0.00250142062632897,389.415496826172
2023-02-21,-0.0202649763540315,381.603424072266
2023-02-22,-0.00137918759763878,381.077484130859
2023-02-23,0.0053054509464685,383.104644775391
2023-02-24,-0.0107399237663977,379.012145996094
2023-02-27,0.00340023560365044,380.303070068359
2023-02-28,-0.00370287079502418,378.8974609375
2023-03-01,-0.00384332204645244,377.444030761719
2023-03-02,0.00774726763748479,380.379547119141
2023-03-03,0.0159103493324251,386.479919433594
2023-03-06,0.000692659569189402,386.747711181641
2023-03-07,-0.0154474925783958,380.8193359375
2023-03-08,0.00163073223458365,381.440856933594
2023-03-09,-0.0186220350695336,374.403381347656
2023-03-10,-0.0145346507985789,369.000915527344
2023-03-13,-0.00142624185428097,368.475006103516
2023-03-14,0.0163950015936383,374.565948486328
2023-03-15,-0.00627411359381735,372.223236083984
2023-03-16,0.0173932213093249,378.754028320312
2023-03-17,-0.0117616591655683,374.325347900391
2023-03-20,0.00956950924963618,377.924652099609
2023-03-21,0.0130452856988104,382.887084960938
2023-03-22,-0.0171933864729841,376.360229492188
2023-03-23,0.00269968161596523,377.377655029297
2023-03-24,0.00654039444723153,379.853942871094
2023-03-27,0.00186833464033587,380.564300537109
2023-03-28,-0.00224737164099764,379.709991455078
2023-03-29,0.0144302710468232,385.229034423828
2023-03-30,0.00583833972430181,387.484710693359
2023-03-31,0.0139962310832642,392.946166992188
2023-04-03,0.00380324090096629,394.443481445312
2023-04-04,-0.0055636349711099,392.255035400391
2023-04-05,-0.00262164861934888,391.22802734375
2023-04-06,0.00389326445907301,392.754150390625
2023-04-10,0.0010259877254164,393.157318115234
2023-04-11,0.000268380162030901,393.262847900391
2023-04-12,-0.00408424247826211,391.659942626953
2023-04-13,0.0131951802530743,396.862213134766
2023-04-14,-0.00244562647733559,395.892822265625
2023-04-17,0.0035818284069622,397.313385009766
2023-04-18,0.000651979779089373,397.572509765625
2023-04-19,-0.000169039320468301,397.505310058594
2023-04-20,-0.00547195134300793,395.336120605469
2023-04-21,0.000776578842099696,395.643249511719
2023-04-24,0.00104261758550539,396.055969238281
2023-04-25,-0.0160011715382709,389.76904296875
2023-04-26,-0.00424460500784729,388.118133544922
2023-04-27,0.0197123456344093,395.844757080078
2023-04-28,0.00849917764713926,399.223449707031
2023-05-01,-0.00101039014003668,398.820281982422
2023-05-02,-0.0113027621269648,394.337890625
2023-05-03,-0.00688772001881777,391.631134033203
2023-05-04,-0.00710805288912653,388.857269287109
2023-05-05,0.0183431784395154,396.055969238281
2023-05-08,0.000266724337819824,396.16162109375
2023-05-09,-0.00439529655342064,394.424194335938
2023-05-10,0.00466156470519863,396.267120361328
2023-05-11,-0.00174547374564504,395.576049804688
2023-05-12,-0.00131128141371128,395.057678222656
2023-05-15,0.00344428469042501,396.420715332031
2023-05-16,-0.00670507510285567,393.771575927734
2023-05-17,0.0120658507396483,398.551544189453
2023-05-18,0.00958724382172615,402.390930175781
2023-05-19,-0.00145628971562139,401.805358886719
2023-05-22,0.000406028345627085,401.968536376953
2023-05-23,-0.0112862960312716,397.457305908203
2023-05-24,-0.00727098437675888,394.577880859375
2023-05-25,0.00862250930248187,397.994842529297
2023-05-26,0.0128674440207277,403.149108886719
2023-05-30,0.000381066775872796,403.302764892578
2023-05-31,-0.00556069449307284,401.066345214844
2023-06-01,0.00945596158992057,404.876800537109
2023-06-02,0.0143576501762386,410.731811523438
2023-06-05,-0.00191812256439494,409.944732666016
2023-06-06,0.00217509496660906,410.837371826172
2023-06-07,-0.00346364243408992,409.416839599609
2023-06-08,0.0060301856074414,411.893157958984
2023-06-09,0.00179294994213564,412.63232421875
2023-06-12,0.00903089535725066,416.375640869141
2023-06-13,0.00657124810870968,419.120758056641
2023-06-14,0.00119015350071372,419.619873046875
2023-06-15,0.0123214301318315,424.822174072266
2023-06-16,-0.00341199587103258,423.375152587891
2023-06-20,-0.00520172622713932,421.178588867188
2023-06-21,-0.00513693627331158,419.020568847656
2023-06-22,0.00360335573944948,420.533172607422
2023-06-23,-0.00758871913621828,417.353942871094
2023-06-26,-0.0040941840570774,415.648712158203
2023-06-27,0.0109035737713228,420.20556640625
2023-06-28,0.00050425592698744,420.417510986328
2023-06-29,0.00393367643864284,422.074554443359
2023-06-30,0.0117315402801763,427.055297851562
2023-07-03,0.00115006658786143,427.546722412109
2023-07-05,-0.00148841775170805,426.910827636719
2023-07-06,-0.00786146531969223,423.567840576172
2023-07-07,-0.00252800074496751,422.498413085938
2023-07-10,0.00252800074496751,423.567840576172
2023-07-11,0.00634834895583847,426.265350341797
2023-07-12,0.00801363125190768,429.695007324219
2023-07-13,0.00790546247457069,433.105407714844
2023-07-14,-0.000622868776573249,432.835723876953
2023-07-17,0.00346613161515741,434.338592529297
2023-07-18,0.00740317627641396,437.566009521484
2023-07-19,0.0022212470306906,438.539031982422
2023-07-20,-0.00665653068914818,435.629577636719
2023-07-21,0,435.629577636719
2023-07-24,0.00445732250108133,437.575653076172
2023-07-25,0.00272641610775715,438.770294189453
2023-07-26,0.000153560165458977,438.837677001953
2023-07-27,-0.00665198557735547,435.92822265625
2023-07-28,0.00974278944242712,440.196136474609
2023-07-31,0.00190212349103547,441.034240722656
2023-08-01,-0.00286575081588225,439.772155761719
2023-08-02,-0.0140083955427528,433.654602050781
2023-08-03,-0.00286984363505827,432.411865234375
2023-08-04,-0.00453314505579971,430.456115722656
2023-08-07,0.00869075928012641,434.213409423828
2023-08-08,-0.00435813863055223,432.325164794922
2023-08-09,-0.00670782906807865,429.434906005859
2023-08-10,0.000359095515165109,429.589141845703
2023-08-11,-0.000583329160312118,429.338623046875
2023-08-14,0.00550471492709725,431.708526611328
2023-08-15,-0.0117172828209116,426.679595947266
2023-08-16,-0.00736514312356729,423.548583984375
2023-08-17,-0.00764912529344119,420.321166992188
2023-08-18,0.000481257847422256,420.523498535156
2023-08-21,0.0064852287670476,423.259552001953
2023-08-22,-0.00271223347724092,422.113128662109
2023-08-23,0.0110760987762237,426.814483642578
2023-08-24,-0.0139560781544734,420.899200439453
2023-08-25,0.00702520904823967,423.866516113281
2023-08-28,0.00632142509433287,426.554443359375
2023-08-29,0.0143512127367362,432.720153808594
2023-08-30,0.00411027033151168,434.502410888672
2023-08-31,-0.0014644324305122,433.866577148438
2023-09-01,0.00186350223731591,434.675842285156
2023-09-05,-0.00433128042945263,432.797210693359
2023-09-06,-0.00674528183401257,429.8876953125
2023-09-07,-0.00307488310472781,428.56787109375
2023-09-08,0.00150485091729813,429.213287353516
2023-09-11,0.00655518618292561,432.036102294922
2023-09-12,-0.00550074275569301,429.666107177734
2023-09-13,0.00116557170319886,430.167205810547
2023-09-14,0.00858523350431639,433.876190185547
2023-09-15,-0.0121214866244097,428.648712158203
2023-09-18,0.000586260044714848,428.900085449219
2023-09-19,-0.00207605342070405,428.010589599609
2023-09-20,-0.00923563917330661,424.075836181641
2023-09-21,-0.0166666219194651,417.066497802734
2023-09-22,-0.00225110654161043,416.128692626953
2023-09-25,0.00419646562352405,417.878631591797
2023-09-26,-0.014800310991899,411.739440917969
2023-09-27,0.000399123475025576,411.90380859375
2023-09-28,0.00578065692316887,414.291778564453
2023-09-29,-0.0024299669181902,413.286285400391
2023-10-02,-0.000397566496533663,413.122009277344
2023-10-03,-0.0134767207219912,407.591827392578
2023-10-04,0.00725567622794898,410.559936523438
2023-10-05,-0.00037685789658326,410.405242919922
2023-10-06,0.0118029225469405,415.277923583984
2023-10-09,0.00638171775954799,417.936584472656
2023-10-10,0.00519141408051293,420.111907958984
2023-10-11,0.0040878175661696,421.832763671875
2023-10-12,-0.006114971851094,419.261138916016
2023-10-13,-0.00499339412369881,417.172821044922
2023-10-16,0.010466530411664,421.562103271484
2023-10-17,-0.0000458973622121661,421.542755126953
2023-10-18,-0.0134146675519595,415.925659179688
2023-10-19,-0.00882527965042446,412.271148681641
2023-10-20,-0.0123640249744712,407.205200195312
2023-10-23,-0.0017348833391706,406.499359130859
2023-10-24,0.00751118804075102,409.564147949219
2023-10-25,-0.0144562565397317,403.685974121094
2023-10-26,-0.0120468123677879,398.852020263672
2023-10-27,-0.0045430423508277,397.044128417969
2023-10-30,0.0118848145072921,401.791076660156
2023-10-31,0.0062606053214358,404.314422607422
2023-11-01,0.0106083767559522,408.626373291016
2023-11-02,0.0189830901247889,416.457458496094
2023-11-03,0.00908208567350055,420.256988525391
2023-11-06,0.00229763027908803,421.223693847656
2023-11-07,0.0028420037086212,422.422515869141
2023-11-08,0.000732288033361783,422.731964111328
2023-11-09,-0.00782947086773245,419.435119628906
2023-11-10,0.0154843578989317,425.980346679688
2023-11-13,-0.000953635575579703,425.574310302734
2023-11-14,0.0192149048807444,433.830749511719
2023-11-15,0.0021148481890938,434.749206542969
2023-11-16,0.00122234464316318,435.280944824219
2023-11-17,0.00124304987017254,435.822357177734
2023-11-20,0.00766815011206035,439.177154541016
2023-11-21,-0.00218180260494094,438.220001220703
2023-11-22,0.00385353851374592,439.911956787109
2023-11-24,0.000615071191044869,440.1826171875
2023-11-27,-0.00180259241919867,439.389862060547
2023-11-28,0.000989583285734952,439.824890136719
2023-11-29,-0.000703680218120617,439.515502929688
2023-11-30,0.00392969583650338,441.246063232422
2023-12-01,0.00589843367400444,443.856414794922
2023-12-04,-0.00526310346571357,441.526489257812
2023-12-05,-0.000197144938251625,441.439453125
2023-12-06,-0.00403798236413611,439.660522460938
2023-12-07,0.0076014621824303,443.015319824219
2023-12-08,0.00429003227844404,444.919952392578
2023-12-11,0.00388205429373123,446.650512695312
2023-12-12,0.00455674576096587,448.6904296875
2023-12-13,0.0136958456887024,454.877899169922
2023-12-14,0.00320436011593728,456.337829589844
2023-12-15,-0.0016479526105817,455.58642578125
2023-12-18,0.00560932602436903,458.149139404297
2023-12-19,0.00606239934930297,460.93505859375
2023-12-20,-0.013954171717554,454.547760009766
2023-12-21,0.00943727504102476,458.857757568359
2023-12-22,0.00200758039062521,459.779876708984
2023-12-26,0.00421377762193664,461.721374511719
2023-12-27,0.00180640235166329,462.556182861328
2023-12-28,0.000377706881789841,462.730926513672
2023-12-29,-0.00289931698212698,461.391265869141
2024-01-02,-0.00561196962727362,458.809204101562
2024-01-03,-0.00820021064844934,455.062255859375
2024-01-04,-0.00322620685655028,453.596496582031
2024-01-05,0.0013685970347872,454.217712402344
2024-01-08,0.0141751095168781,460.7021484375
2024-01-09,-0.00151821358089865,460.003234863281
2024-01-10,0.00563946647076197,462.604736328125
2024-01-11,-0.000440770135484492,462.40087890625
2024-01-12,0.000692476210606863,462.72119140625
2024-01-16,-0.00367799649428857,461.022430419922
2024-01-17,-0.00557413553026631,458.459777832031
2024-01-18,0.00885350216345682,462.536773681641
2024-01-19,0.0123890861555029,468.302825927734
2024-01-22,0.00211208965732368,469.29296875
2024-01-23,0.00291216900433788,470.66162109375
2024-01-24,0.00109260094583608,471.176147460938
2024-01-25,0.0054241692601904,473.738830566406
2024-01-26,-0.00127120626382204,473.136993408203
2024-01-29,0.00788817916084206,476.883941650391
2024-01-30,-0.000773791410511926,476.515075683594
2024-01-31,-0.0164517240246136,468.739715576172
2024-02-01,0.0130032033943905,474.874633789062
2024-02-02,0.0104722691896129,479.873779296875
2024-02-05,-0.00364777739475564,478.126495361328
2024-02-06,0.00289904748563075,479.514617919922
2024-02-07,0.00830577981244396,483.513946533203
2024-02-08,0.000441526783671264,483.727478027344
2024-02-09,0.00576288819337467,486.523193359375
2024-02-12,-0.000439051828280412,486.309631347656
2024-02-13,-0.0138687162002995,479.611694335938
2024-02-14,0.00904649581168027,483.970184326172
2024-02-15,0.00687597381368299,487.309417724609
2024-02-16,-0.00499222678465117,484.882720947266
2024-02-20,-0.0055207180187038,482.213195800781
2024-02-21,0.000905472680427621,482.650024414062
2024-02-22,0.0204843082547734,492.638732910156
2024-02-23,0.00068923448843794,492.978393554688
2024-02-26,-0.00366911667190895,491.172912597656
2024-02-27,0.00185608671991666,492.085418701172
2024-02-28,-0.00132251481738965,491.43505859375
2024-02-29,0.00358833552404558,493.20166015625
2024-03-01,0.00934459610826632,497.83203125
2024-03-04,-0.00107309704258896,497.298095703125
2024-03-05,-0.0100445314416673,492.327972412109
2024-03-06,0.00505458220248745,494.822784423828
2024-03-07,0.00987750859721714,499.734619140625
2024-03-08,-0.00602029484348598,496.735107421875
2024-03-11,-0.000860171170850244,496.308013916016
2024-03-12,0.0106998399606466,501.646942138672
2024-03-13,-0.00156863760933224,500.860656738281
2024-03-14,-0.00197890047238669,499.870483398438
2024-03-15,-0.006890207808528,496.438110351562
2024-03-18,0.00592556471318062,499.388519287109
2024-03-19,0.00554170542074583,502.163665771484
2024-03-20,0.00920688969354178,506.808380126953
2024-03-21,0.00329922306412467,508.483215332031
2024-03-22,-0.0018974923970303,507.519287109375
2024-03-25,-0.0027667172169652,506.117065429688
2024-03-26,-0.0018487399412086,505.182250976562
2024-03-27,0.00836868914623334,509.427703857422
2024-03-28,-0.000191117162470889,509.330352783203
2024-04-01,-0.00174138696945203,508.444183349609
2024-04-02,-0.00637825441666084,505.211517333984
2024-04-03,0.00109787199264044,505.766479492188
2024-04-04,-0.0122811354833887,499.593078613281
2024-04-05,0.0103924234637978,504.812133789062
2024-04-08,0.000559460015121971,505.094635009766
2024-04-09,0.00115594261539709,505.678833007812
2024-04-10,-0.0100635129063695,500.615447998047
2024-04-11,0.00751846733818162,504.393493652344
2024-04-12,-0.0138991155991608,497.431365966797
2024-04-15,-0.0126073679859688,491.199432373047
2024-04-16,-0.00182539063005027,490.303619384766
2024-04-17,-0.0059358199426196,487.401885986328
2024-04-18,-0.0020598885266887,486.39892578125
2024-04-19,-0.00876665026417101,482.153472900391
2024-04-22,0.00916698873178845,486.593688964844
2024-04-23,0.0117968431179865,492.367950439453
2024-04-24,-0.000474765050438641,492.134246826172
2024-04-25,-0.00380613227276605,490.264678955078
2024-04-26,0.00942935725703364,494.909423828125
2024-04-29,0.00353504792354453,496.662048339844
2024-04-30,-0.0159679789956648,488.794342041016
2024-05-01,-0.00325237114924537,487.207183837891
2024-05-02,0.00930985291050312,491.764190673828
2024-05-03,0.0123192627442075,497.859832763672
2024-05-06,0.0102736558226608,503.001037597656
2024-05-07,0.0011029364395041,503.556121826172
2024-05-08,0.0000965377111254995,503.604736328125
2024-05-09,0.00574532968834074,506.506439208984
2024-05-10,0.00128740005185257,507.158935546875
2024-05-13,0.00013441878427134,507.227111816406
2024-05-14,0.00457730879265128,509.554168701172
2024-05-15,0.0123072636023105,515.864135742188
2024-05-16,-0.0020596407494553,514.802734375
2024-05-17,0.00143651111673559,515.542785644531
2024-05-20,0.0011515091045009,516.136779785156
2024-05-21,0.00244934603837343,517.402526855469
2024-05-22,-0.00288343183331552,515.912780761719
2024-05-23,-0.00733072968575144,512.144592285156
2024-05-24,0.0065944821748749,515.533081054688
2024-05-28,0.000698507445160423,515.893310546875
2024-05-29,-0.00702702497770336,512.280822753906
2024-05-30,-0.00665591705828117,508.882446289062
2024-05-31,0.00906686463682327,513.517395019531
2024-06-03,0.00081526457247616,513.936218261719
2024-06-04,0.00111679066253423,514.510498046875
2024-06-05,0.0118149913627761,520.62548828125
2024-06-06,-0.0000181714790903342,520.616027832031
2024-06-07,-0.00121659860716861,519.983032226562
2024-06-10,0.0030848903048879,521.589599609375
2024-06-11,0.00240532681717198,522.845703125
2024-06-12,0.00817968208178588,527.139953613281
2024-06-13,0.00201136967270088,528.201293945312
2024-06-14,0.000608085195021424,528.522583007812
2024-06-17,0.00792766835181258,532.729187011719
2024-06-18,0.00253738340671905,534.082641601562
2024-06-20,-0.00272025496505268,532.631774902344
2024-06-21,-0.00134162192835419,531.917663574219
2024-06-24,-0.00325580480172061,530.188659667969
2024-06-25,0.00384335858977369,532.230285644531
2024-06-26,0.00124737810659692,532.894592285156
2024-06-27,0.00157510598836552,533.734619140625
2024-06-28,-0.00394271357743925,531.634399414062
2024-07-01,0.00205602347344769,532.728576660156
2024-07-02,0.0067070046337312,536.313598632812
2024-07-03,0.00445270649837504,538.706970214844
2024-07-05,0.00574992181944456,541.813415527344
2024-07-08,0.00115331890846093,542.438659667969
2024-07-09,0.000972037113812441,542.966186523438
2024-07-10,0.00984653152578208,548.338928222656
2024-07-11,-0.00866006727826285,543.610778808594
2024-07-12,0.00628781721034333,547.039672851562
2024-07-15,0.00274617899128238,548.544006347656
2024-07-16,0.00591282346996547,551.797058105469
2024-07-17,-0.0141203511756318,544.060241699219
2024-07-18,-0.00771466020314104,539.879150390625
2024-07-19,-0.00666256132678988,536.294128417969
2024-07-22,0.0102569565648327,541.823181152344
2024-07-23,-0.00156973851178055,540.973327636719
2024-07-24,-0.0229232765737493,528.713500976562
2024-07-25,-0.00522393004992594,525.958740234375
2024-07-26,0.0111373026294652,531.849243164062
2024-07-29,0.000587744045274619,532.161926269531
2024-07-30,-0.00507943418600831,529.465698242188
2024-07-31,0.0161240386014478,538.072021484375
2024-08-01,-0.0142622067683895,530.452392578125
2024-08-02,-0.0187938751106538,520.576232910156
2024-08-05,-0.0295562662272735,505.415100097656
2024-08-06,0.009177306828553,510.074798583984
2024-08-07,-0.00670636258060675,506.665496826172
2024-08-08,0.0228540249228715,518.378173828125
2024-08-09,0.00439988169619188,520.664001464844
2024-08-12,0.000525501544356821,520.937683105469
2024-08-13,0.0163117315783072,529.504760742188
2024-08-14,0.00314992933444369,531.17529296875
2024-08-15,0.0169950406898742,540.27978515625
2024-08-16,0.00223948388014072,541.491088867188
2024-08-19,0.00951600893122073,546.668518066406
2024-08-20,-0.00162749567746179,545.779541015625
2024-08-21,0.00343056841634493,547.655090332031
2024-08-22,-0.00787936366839759,543.356872558594
2024-08-23,0.010569222066044,549.130187988281
2024-08-26,-0.00238654249058001,547.821228027344
2024-08-27,0.00137224014121173,548.573486328125
2024-08-28,-0.00582232392623805,545.388793945312
2024-08-29,0.0000894131126436548,545.437561035156
2024-08-30,0.00950090860591413,550.644409179688
2024-09-03,-0.0207939519900489,539.312561035156
2024-09-04,-0.00204858871954539,538.208862304688
2024-09-05,-0.00243525654312915,536.899780273438
2024-09-06,-0.0169734412675107,527.863647460938
2024-09-09,0.0111339250614471,533.773681640625
2024-09-10,0.00434611476053437,536.098571777344
2024-09-11,0.0102068124298738,541.598449707031
2024-09-12,0.00838807055506408,546.160522460938
2024-09-13,0.00520930299078248,549.013061523438
2024-09-16,0.0014756151021782,549.823791503906
2024-09-17,0.000408650068715488,550.048522949219
2024-09-18,-0.00297023176638156,548.417175292969
2024-09-19,0.0169204177498079,557.775573730469
2024-09-20,-0.00173009845857308,556.811401367188
2024-09-23,0.00249567798106121,558.202758789062
2024-09-24,0.0028571828599997,559.799926757812
2024-09-25,-0.00220800988234338,558.565246582031
2024-09-26,0.00395696110747323,560.779846191406
2024-09-27,-0.00145156078046504,559.966430664062
2024-09-30,0.00399940791163012,562.21044921875
2024-10-01,-0.00899886459738219,557.173889160156
2024-10-02,0.000421984673641518,557.409057617188
2024-10-03,-0.00182985114365497,556.390014648438
2024-10-04,0.00904638248154122,561.446166992188
2024-10-07,-0.00908170602601466,556.370361328125
2024-10-08,0.00941321843538656,561.63232421875
2024-10-09,0.00690249713793811,565.522399902344
2024-10-10,-0.00175156998753145,564.53271484375
2024-10-11,0.0059702686672507,567.913208007812
2024-10-14,0.00814519390097246,572.557861328125
2024-10-15,-0.00779994377575655,568.109313964844
2024-10-16,0.00433688866257587,570.578491210938
2024-10-17,0.0000858937488441569,570.627502441406
2024-10-18,0.0038391693187716,572.822448730469
2024-10-21,-0.00164363004137424,571.881713867188
2024-10-22,-0.00053132085294294,571.577941894531
2024-10-23,-0.00917936854531032,566.355224609375
2024-10-24,0.00216046710662976,567.580139160156
2024-10-25,-0.000345464496687597,567.384094238281
2024-10-28,0.00308666154873372,569.138122558594
2024-10-29,0.00161696439462666,570.059143066406
2024-10-30,-0.00302957991830333,568.334716796875
2024-10-31,-0.0197979922261045,557.193481445312
2024-11-01,0.00421159802257165,559.545104980469
2024-11-04,-0.00215621580345982,558.339904785156
2024-11-05,0.0120192929241556,565.091247558594
2024-11-06,0.0245614779688506,579.142578125
2024-11-07,0.00770242736620919,583.62060546875
2024-11-08,0.00432235678554349,586.148681640625
2024-11-11,0.000952432023358263,586.707214355469
2024-11-12,-0.00311117071775247,584.884704589844
2024-11-13,0.000485650700877471,585.168823242188
2024-11-14,-0.00645096929204936,581.406066894531
2024-11-15,-0.0128913787310312,573.959045410156
2024-11-18,0.00408893269593236,576.310729980469
2024-11-19,0.00364891548809254,578.41748046875
2024-11-20,0.00033877034917662,578.613464355469
2024-11-21,0.00535399448982332,581.719665527344
2024-11-22,0.00309449631001524,583.522583007812
2024-11-25,0.00338646945298482,585.502014160156
2024-11-26,0.00520779653910353,588.559143066406
2024-11-27,-0.00303448037399878,586.77587890625
2024-11-29,0.00619273047674351,590.4208984375
2024-12-02,0.00179082626370874,591.479187011719
2024-12-03,0.000463528406481117,591.75341796875
2024-12-04,0.00619051669617132,595.428039550781
2024-12-05,-0.00164709519922468,594.448120117188
2024-12-06,0.00189390003617174,595.575012207031
2024-12-09,-0.0051629783345879,592.507995605469
2024-12-10,-0.00311383399527365,590.665893554688
2024-12-11,0.00770090795548217,595.232116699219
2024-12-12,-0.00516606333957892,592.1650390625
2024-12-13,-0.000198431730265902,592.047546386719
2024-12-16,0.00426075986406627,594.575500488281
2024-12-17,-0.00412860510632296,592.125793457031
2024-12-18,-0.0302565075632968,574.478454589844
2024-12-19,-0.000307199930328572,574.302001953125
2024-12-20,0.0119394539180311,581.199951171875
2024-12-23,0.00597045515471706,584.680358886719
2024-12-24,0.0110535724467598,591.179016113281
2024-12-26,0.0000667960569513681,591.218505859375
2024-12-27,-0.0105824838364228,584.994934082031
2024-12-30,-0.0114771981532042,578.319213867188
2024-12-31,-0.00364466410950559,576.215270996094
2025-01-02,-0.00246004175558578,574.799499511719
2025-01-03,0.0124258825218373,581.986450195312
2025-01-06,0.00574398221233796,585.338989257812
2025-01-07,-0.0113684229493787,578.722290039062
2025-01-08,0.00146015605399352,579.567932128906
2025-01-10,-0.0153853874348533,570.719299316406
2025-01-13,0.00154938398940452,571.604248046875
2025-01-14,0.00137500452486172,572.390747070312
2025-01-15,0.0180265695133288,582.802551269531
2025-01-16,-0.00192505815805877,581.681701660156
2025-01-17,0.00998994016691945,587.521789550781
2025-01-21,0.00911173735886806,592.899597167969
2025-01-22,0.00560579645353965,596.232604980469
2025-01-23,0.00544311550366494,599.48681640625
2025-01-24,-0.00292353462277273,597.736755371094
2025-01-27,-0.0142462532403487,589.281616210938
2025-01-28,0.00855561147328299,594.344909667969
2025-01-29,-0.0044929426330258,591.680541992188
2025-01-30,0.00535262820325855,594.856079101562
2025-01-31,-0.00533612344483281,591.690307617188
2025-02-03,-0.00675229895034324,587.70849609375
2025-02-04,0.00668586563925366,591.651000976562
2025-02-05,0.00404643194315302,594.049926757812
2025-02-06,0.00346960314946365,596.114624023438
2025-02-07,-0.00919566382996972,590.658081054688
2025-02-10,0.00676826779737194,594.669372558594
2025-02-11,0.000760149491280337,595.12158203125
2025-02-12,-0.00322668522690872,593.204406738281
2025-02-13,0.0105021601399029,599.467163085938
2025-02-14,-0.0000491781821860826,599.437683105469
2025-02-18,0.00293159633618512,601.197570800781
2025-02-19,0.00235215036136971,602.613342285156
2025-02-20,-0.00416902443430267,600.106262207031
2025-02-21,-0.0172520727283452,589.841979980469
2025-02-24,-0.00456079148302901,587.157958984375
2025-02-25,-0.00498559036868063,584.237915039062
2025-02-26,0.000504670194333201,584.532836914062
2025-02-27,-0.0160906745387939,575.202575683594
2025-02-28,0.0154849770472065,584.178894042969
2025-03-03,-0.0176751644678053,573.944152832031
2025-03-04,-0.0119074814955988,567.150451660156
2025-03-05,0.0106904921247999,573.24609375
2025-03-06,-0.0179107065653854,563.070251464844
2025-03-07,0.00558934531568855,566.226257324219
2025-03-10,-0.0269967750652951,551.144470214844
2025-03-11,-0.00834763594419652,546.562866210938
2025-03-12,0.00529268091038748,549.463317871094
2025-03-13,-0.0134203078480457,542.138610839844
2025-03-14,0.020445465861842,553.336975097656
2025-03-17,0.00768175640485502,557.603942871094
2025-03-18,-0.0108673239404604,551.577087402344
2025-03-19,0.0108320772982466,557.584289550781
2025-03-20,-0.00289588766167537,555.971923828125
2025-03-21,0.00032972777122442,556.1552734375
2025-03-24,0.0177501277479966,566.115234375
2025-03-25,0.0024007216060804,567.475952148438
2025-03-26,-0.0120100625299484,560.701293945312
2025-03-27,-0.00265926889358337,559.212219238281
2025-03-28,-0.0203436411210038,547.950744628906
2025-03-31,0.00669025871616569,551.628967285156
2025-04-01,0.00282057183324369,553.187072753906
2025-04-02,0.00630846763746096,556.687866210938
2025-04-03,-0.0505365236390514,529.253845214844
2025-04-04,-0.0603267111330013,498.269683837891
2025-04-07,-0.00178277665475246,497.382171630859
2025-04-08,-0.0157866489627301,489.591827392578
2025-04-09,0.0998628091253142,541.008422851562
2025-04-10,-0.044808236735876,517.301879882812
2025-04-11,0.0176854640386859,526.531982421875
2025-04-14,0.00965475064745114,531.64013671875
2025-04-15,-0.00280472199085491,530.151123046875
2025-04-16,-0.0224789628795685,518.366821289062
2025-04-17,0.00142593580812722,519.106506347656
2025-04-21,-0.024090568657221,506.750366210938
2025-04-22,0.0256850562890119,519.934875488281
2025-04-23,0.0153766513231544,527.991516113281
2025-04-24,0.0208305581555663,539.105224609375
2025-04-25,0.00719922058985745,543.000366210938
2025-04-28,0.000381312457809813,543.207458496094
2025-04-29,0.00627951896246692,546.629272460938
2025-04-30,0.000396751377285121,546.84619140625
2025-05-01,0.00706209667778612,550.721740722656
2025-05-02,0.0147350389936483,558.896728515625
2025-05-05,-0.00575093836887586,555.691772460938
2025-05-06,-0.00839345327707264,551.047119140625
2025-05-07,0.00419670904692726,553.364562988281
2025-05-08,0.00694370942431988,557.220336914062
2025-05-09,-0.00127514339622348,556.51025390625
2025-05-12,0.0325132130028782,574.901550292969
2025-05-13,0.00658225632971465,578.698181152344
2025-05-14,0.00127705578671744,579.437683105469
2025-05-15,0.00487250104765113,582.267883300781
2025-05-16,0.00631396401700357,585.955932617188
2025-05-19,0.001093326021536,586.596923828125
2025-05-20,-0.00336771401502922,584.624755859375
2025-05-21,-0.0169944694125101,574.773315429688
2025-05-22,0.000394630210236002,575.000183105469
2025-05-23,-0.00684936081361354,571.075256347656
2025-05-27,0.0205775102731955,582.948303222656
2025-05-28,-0.00580204228661074,579.575805664062
2025-05-29,0.00393956625924208,581.863586425781
2025-05-30,-0.00111913192325463,581.212768554688
2025-06-02,0.00561701129577141,584.486633300781
2025-06-03,0.00568646366588332,587.819763183594
2025-06-04,-0.0002684446267045,587.661987304688
2025-06-05,-0.00484447128724685,584.821960449219
2025-06-06,0.010216558319085,590.827453613281
2025-06-09,0.000900822913648902,591.359924316406
2025-06-10,0.0056538086619824,594.712829589844
2025-06-11,-0.0028561522744015,593.016662597656
2025-06-12,0.0039663988120715,595.373474121094
2025-06-13,-0.0112430264071373,588.717163085938
2025-06-16,0.00946916181067703,594.318298339844
2025-06-17,-0.00858168442641638,589.239868164062
2025-06-18,-0.000150828031675765,589.151000976562
2025-06-20,-0.00235113240164075,587.767456054688
2025-06-23,0.00982881557858395,593.572998046875
2025-06-24,0.0109867144163633,600.13037109375
2025-06-25,0.000560125818758195,600.466613769531
2025-06-26,0.00779356493816241,605.164672851562
2025-06-27,0.00495602040953269,608.171325683594
2025-06-30,0.00476968543434175,611.079040527344
2025-07-01,-0.000323666658537114,610.881286621094
2025-07-02,0.0045230212788212,613.650573730469
2025-07-03,0.00785060292294393,618.487060546875
2025-07-07,-0.00747997526469746,613.878051757812
2025-07-08,-0.000547885356787958,613.541809082031
2025-07-09,0.00597874769423434,617.221008300781
2025-07-10,0.0028161901993613,618.961669921875
2025-07-11,-0.00352150344306423,616.785827636719
2025-07-14,0.00190636584328008,617.962768554688
2025-07-15,-0.00428236845431584,615.322082519531
2025-07-16,0.00333759820968726,617.379211425781
2025-07-17,0.00610108719850899,621.157409667969
2025-07-18,-0.000732701150094606,620.702453613281
2025-07-21,0.0018943480812732,621.87939453125
2025-07-22,0.000143087055369584,621.968383789062
2025-07-23,0.00847149255093704,627.259765625
2025-07-24,0.000331072177292668,627.467468261719
2025-07-25,0.00421534382150579,630.118041992188
2025-07-28,-0.000251003664798688,629.959899902344
2025-07-29,-0.00264114644795743,628.298278808594
2025-07-30,-0.00126006602783857,627.507080078125
2025-07-31,-0.00375831468004595,625.153137207031
2025-08-01,-0.0165262265376018,614.906616210938
2025-08-04,0.0150854051091809,624.253051757812
2025-08-05,-0.00508282202541377,621.088134765625
2025-08-06,0.00763057171342663,625.845520019531
2025-08-07,-0.000837987363320636,625.3212890625
2025-08-08,0.0077673102618725,630.197265625
2025-08-11,-0.00197945899137952,628.951049804688
2025-08-12,0.0105897113263138,635.646850585938
2025-08-13,0.00341728680468822,637.82275390625
2025-08-14,0.0000931049293706465,637.882141113281
2025-08-15,-0.00234403849932541,636.388671875
2025-08-18,-0.000217640329832847,636.250183105469
2025-08-19,-0.00543996625908605,632.798400878906
2025-08-20,-0.00266061710970078,631.117004394531
2025-08-21,-0.00401987870238685,628.585083007812
2025-08-22,0.0152401103575386,638.238159179688
2025-08-25,-0.00441082908584711,635.42919921875
2025-08-26,0.00417832384853067,638.089782714844
2025-08-27,0.00227586101521471,639.543640136719
2025-08-28,0.00353525894338969,641.80859375
2025-08-29,-0.00598168367496932,637.98095703125
2025-09-02,-0.00743784499921762,633.253356933594
2025-09-03,0.00540491326799319,636.685302734375
2025-09-04,0.00832287784018249,642.006469726562
2025-09-05,-0.00290068167564606,640.146911621094
2025-09-08,0.00245385085073035,641.719665527344
2025-09-09,0.00230902610288197,643.203125
2025-09-10,0.00288672957227387,645.062561035156
2025-09-11,0.00827576165666155,650.423095703125
2025-09-12,-0.000334686442006848,650.205444335938
2025-09-15,0.00530993448079986,653.667175292969
2025-09-16,-0.0013778336016097,652.767150878906
2025-09-17,-0.00124313593289038,651.956176757812
2025-09-18,0.00466152367690675,655.002380371094
2025-09-19,0.00494064334754984,658.246520996094
2025-09-22,0.00471989311242904,661.360717773438
2025-09-23,-0.00545834032264025,657.760620117188
2025-09-24,-0.00318673648617285,655.667846679688
2025-09-25,-0.00462414245081089,652.642944335938
2025-09-26,0.0057127785651403,656.382019042969
2025-09-29,0.00280641187447017,658.226684570312
2025-09-30,0.00375975799906847,660.706115722656
2025-10-01,0.0034017796058663,662.95751953125
2025-10-02,0.00115106989047842,663.721069335938
2025-10-03,-0.0000148055159838734,663.711242675781
2025-10-06,0.00357985662668536,666.091491699219
2025-10-07,-0.00371440375372067,663.621948242188
2025-10-08,0.00594534661906643,667.579162597656
2025-10-09,-0.00290117907811194,665.645202636719
2025-10-10,-0.0273998325389631,647.654235839844
2025-10-13,0.0152275876806565,657.591918945312
2025-10-14,-0.00122239310576155,656.78857421875
2025-10-15,0.00442979678572808,659.704467773438
2025-10-16,-0.00683361502164903,655.211669921875
2025-10-17,0.00566024936783727,658.930847167969
2025-10-20,0.0103467871677614,665.784057617188
2025-10-21,-0.0000150346659060219,665.774047851562
2025-10-22,-0.00521238577796268,662.312805175781
2025-10-23,0.00591244967741655,666.240295410156
2025-10-24,0.00813934021143758,671.685180664062
2025-10-27,0.0117286146034017,679.609497070312
2025-10-28,0.00265249504166931,681.41455078125
2025-10-29,0.000480165769395136,681.741821289062
2025-10-30,-0.0110590248121332,674.243957519531
2025-10-31,0.00327485389515036,676.455627441406
2025-11-03,0.0018749809994727,677.725158691406
2025-11-04,-0.0119243608024746,669.691711425781
2025-11-05,0.00345939458969369,672.012451171875
2025-11-06,-0.0107873385543318,664.802185058594
2025-11-07,0.000984080712362889,665.456726074219
2025-11-10,0.0154838740552954,675.840759277344
2025-11-11,0.00228656085395063,677.387878417969
2025-11-12,0.000556235638634384,677.764770507812
2025-11-13,-0.0167332190959311,666.517944335938
2025-11-14,-0.00016356304453069,666.408935546875
2025-11-17,-0.00936019929017551,660.200317382812
2025-11-18,-0.00843291820955994,654.656311035156
2025-11-19,0.003855733380278,657.185363769531
2025-11-20,-0.0153596769834534,647.168334960938
2025-11-21,0.00991194643339011,653.614929199219
2025-11-24,0.0146111540451042,663.235107421875
2025-11-25,0.00936196862512606,669.473449707031
2025-11-26,0.00687986180181444,674.09521484375
2025-11-28,0.00544359096669655,677.774719238281
2025-12-01,-0.00457592388986683,674.680358886719
2025-12-02,0.0018505635218018,675.930053710938
2025-12-03,0.00345676756910063,678.270629882812
2025-12-04,0.000730782714807532,678.766479492188
2025-12-05,0.00189768310420391,680.055786132812
2025-12-08,-0.00300873080032993,678.012756347656
2025-12-09,-0.000863580893558868,677.427490234375
2025-12-10,0.00661042884084928,681.92041015625
2025-12-11,0.0023242428851189,683.507202148438
2025-12-12,-0.0108102968489865,676.158081054688
2025-12-15,-0.00151195097225454,675.136535644531
2025-12-16,-0.00273602464943501,673.291870117188
2025-12-17,-0.0110645813229544,665.883239746094
2025-12-18,0.00752289464579281,670.911499023438
2025-12-19,0.00902267915654331,676.992309570312
2025-12-22,0.00621056843974088,681.209899902344
2025-12-23,0.00455998976526839,684.323303222656
2025-12-24,0.00351150185076676,686.730529785156
2025-12-26,-0.000101414807759603,686.660888671875
2025-12-29,-0.00357001844677995,684.2138671875
2025-12-30,-0.00122187058849743,683.378356933594
2025-12-31,-0.00743652415164053,678.315246582031
2026-01-02,0.00183131522019853,679.55859375
2026-01-05,0.00663803669653795,684.084533691406
2026-01-06,0.00592963297825388,688.152954101562
2026-01-07,-0.00322861866579238,685.934753417969
2026-01-08,-0.000101532468519849,685.865112304688
2026-01-09,0.00659161051999213,690.401000976562
2026-01-12,0.00156920116027237,691.485229492188
2026-01-13,-0.00200150844773095,690.102600097656
2026-01-14,-0.00492728360842332,686.710632324219
2026-01-15,0.00271950717145408,688.580688476562
2026-01-16,-0.000838256427932116,688.003723144531
2026-01-20,-0.0205668552557174,673.998168945312
2026-01-21,0.0114750186996169,681.77685546875
2026-01-22,0.00520966377808563,685.337951660156
2026-01-23,0.000362669416469785,685.586547851562
2026-01-26,0.00506529245421294,689.068054199219
2026-01-27,0.00397633818615706,691.8134765625
2026-01-28,-0.000100669647343565,691.743835449219
2026-01-29,-0.00198634863972469,690.371154785156
2026-01-30,-0.00298702924806271,688.312072753906
2026-02-02,0.00495908391728417,691.733947753906
2026-02-03,-0.0084914236999527,685.885009765625
2026-02-04,-0.00485562320726451,682.562683105469
2026-02-05,-0.0125679306812563,674.037963867188
2026-02-06,0.019003078798157,686.96923828125
2026-02-09,0.00481022784521201,690.281677246094
2026-02-10,-0.0026406293530794,688.461303710938
2026-02-11,-0.00023114885650255,688.302185058594
2026-02-12,-0.0155694367953831,677.668701171875
2026-02-13,0.000704251060116512,678.146118164062
2026-02-17,0.00161218275377539,679.240295410156
2026-02-18,0.00502506075800557,682.662109375
2026-02-19,-0.00264091788695797,680.861633300781
2026-02-20,0.00720591450551655,685.785583496094
2026-02-23,-0.0102638596973534,678.782775878906
2026-02-24,0.00724218720970793,683.716491699219
2026-02-25,0.00840290281812273,689.485900878906
2026-02-26,-0.00556992887274443,685.656188964844
2026-02-27,-0.00481350721878915,682.363708496094
2026-03-02,0.000568450833916323,682.751708984375
2026-03-03,-0.00885341560029929,676.733703613281
2026-03-04,0.00703049382680554,681.508239746094
2026-03-05,-0.0055910929443117,677.70849609375
2026-03-06,-0.0131937851866528,668.82568359375
2026-03-09,0.00872181487585078,674.6845703125
2026-03-10,-0.00160839867579465,673.600280761719
2026-03-11,-0.00125592288975174,672.754821777344
2026-03-12,-0.0153014384597334,662.5390625
2026-03-13,-0.00567621502358762,658.789001464844
2026-03-16,0.0101254293942628,665.493408203125
2026-03-17,0.00262709116327109,667.244018554688
2026-03-18,-0.0140519118083997,657.933532714844
2026-03-19,-0.00246732963124252,656.312194824219
2026-03-20,-0.01443953809253,646.903442382812
2026-03-23,0.0104452491781899,653.695922851562
2026-03-24,-0.00336246121914563,651.501586914062
2026-03-25,0.00555721826322486,655.132202148438
2026-03-26,-0.0180201214870248,643.432373046875
2026-03-27,-0.0171989518433753,632.460632324219
2026-03-30,-0.00334899230716523,630.346069335938
2026-03-31,0.028653407820693,648.668884277344
2026-04-01,0.00750624890313389,653.556274414062
2026-04-02,0.000900054360863045,654.144775390625
2026-04-06,0.00471570863127635,657.23681640625
2026-04-07,0.000439903792764262,657.526000976562
2026-04-08,0.0251506896201796,674.27294921875
2026-04-09,0.0057524406415812,678.162841796875
2026-04-10,-0.000661994496571339,677.714050292969
2026-04-13,0.00972500571340618,684.336975097656
2026-04-14,0.0121112391703644,692.675537109375
2026-04-15,0.00785999834951223,698.141418457031
2026-04-16,0.00245433330538791,699.856994628906
2026-04-17,0.01201323734188,708.315246582031
2026-04-20,-0.00200173725489616,706.898803710938
2026-04-21,-0.0065684177504437,702.270812988281
2026-04-22,0.0100757805039517,709.382507324219
2026-04-23,-0.00388829048163419,706.629577636719
2026-04-24,0.00771943756437654,712.10546875
2026-04-27,0.00172130554080763,713.332275390625
2026-04-28,-0.00487786975366067,709.861206054688
2026-04-29,-0.000154521262781593,709.751525878906
2026-04-30,0.00990046181523763,716.813293457031
2026-05-01,0.00276526841101976,718.798217773438
2026-05-04,-0.00367011880103973,716.164978027344
2026-05-05,0.00799022171152686,721.910217285156
2026-05-06,0.0138036888988706,731.9443359375
2026-05-07,-0.00307079247985786,729.700134277344
2026-05-08,0.00822220187546474,735.724609375
2026-05-11,0.00227497332709614,737.400268554688
2026-05-12,-0.00151610131559643,736.283142089844
2026-05-13,0.00557924484258887,740.402526855469
2026-05-14,0.00786331782756999,746.247497558594
2026-05-15,-0.0121022818340286,737.270629882812
2026-05-18,-0.000703756896534458,736.751953125
2026-05-19,-0.00668307013558334,731.844604492188
2026-05-20,0.010196829759483,739.345275878906
2026-05-21,0.00198112397838024,740.811462402344
2026-05-22,0.00392384073494245,743.723999023438
2026-05-26,0.00661670261476655,748.661315917969
2026-05-27,-0.00017325717290273,748.531616210938
2026-05-28,0.00550141801200965,752.660949707031
2026-05-29,0.00248830639968656,754.5361328125
2026-06-01,0.00271941250467034,756.5908203125
2026-06-02,0.00135701863086091,757.618225097656
2026-06-03,-0.00704191853128311,752.301879882812
2026-06-04,0.00377156446289195,755.144592285156
2026-06-05,-0.0261482770861869,735.65478515625
2026-06-08,0.00226161323248864,737.320434570312
2026-06-09,-0.00293976743584778,735.156066894531
2026-06-10,-0.0158911608230721,723.56591796875
2026-06-11,0.0168540176385594,735.8642578125
2026-06-12,0.00539367584476658,739.843994140625
2026-06-15,0.0174802954106861,752.890380859375
2026-06-16,-0.00597940390240481,748.401977539062
2026-06-17,-0.0125664996342421,739.056030273438
2026-06-18,0.0103433154483277,746.739990234375
2026-06-22,-0.0031519418478263,744.390014648438
2026-06-23,-0.0146284296648878,733.580017089844
2026-06-24,-0.000463624520883776,733.239990234375
2026-06-25,0.0014445913008192,734.299987792969
2026-06-26,-0.00725764673618112,728.989990234375
2026-06-29,0.0163406241987412,741
2026-06-30,0.00775664032092838,746.77001953125
2026-07-01,-0.00135341989772098,745.760009765625
2026-07-02,-0.00131493362710255,744.780029296875
2026-07-06,0.00868954540011302,751.280029296875
2026-07-07,-0.00476322584126798,747.710021972656
2026-07-08,-0.00309421185291114,745.400024414062
2026-07-09,0.00842962070650088,751.710021972656
2026-07-10,0.0043008975551766,754.950012207031
2026-07-13,-0.00768563381553022,749.169982910156
2026-07-14,0.00354435305049527,751.830017089844
2026-07-15,0.00395580142006224,754.809997558594
2026-07-16,-0.00543335171481107,750.719970703125
2026-07-17,-0.00994645843871655,743.289978027344
2026-07-20,-0.00161568275991719,742.090026855469
2026-07-21,0.00830671283160722,748.280029296875
2026-07-22,-0.00116341788614172,747.409973144531
2026-07-23,-0.0124261733687137,738.179992675781
2026-07-24,0.00101549657356514,738.929992675781
2026-07-27,0.000216552114583379,739.090026855469
2026-07-28,0.00239191773419645,740.859985351562
2026-07-29,-0.0155070892959293,729.460021972656
2026-07-30,0.0166268048986389,741.690002441406
2026-07-31,0.0071740147835806,747.030029296875
2026-08-03,0.0141425279042586,757.669982910156
2026-08-04,0.0178684076203002,771.330017089844
2026-08-05,-0.00199859787687728,769.789978027344
2026-08-06,-0.00159909090956845,768.559997558594
2026-08-07,0.00609672561389463,773.260009765625
2026-08-10,-0.000297460973861519,773.030029296875
2026-08-11,-0.00320037549292529,770.559997558594
2026-08-12,0.00250153099055161,772.489990234375
2026-08-13,0.0069532258512135,777.880004882812
2026-08-14,-0.00198167376543612,776.340026855469
2026-08-17,-0.00473857598010063,772.669982910156
2026-08-18,-0.00677868050284136,767.450012207031
2026-08-19,0.00209564002908547,769.059997558594
2026-08-20,-0.00843537128524652,762.599975585938
2026-08-21,0.00408291399847727,765.719970703125
2026-08-24,-0.00294273662514932,763.469970703125
2026-08-25,0.003190841519082,765.909973144531
2026-08-26,0.000221990936095651,766.080017089844
2026-08-27,0.00653140993984547,771.099975585938
2026-08-28,-0.00227206440754646,769.349975585938
