"date","log_return","price"
2017-01-04,0.00383774092245748,91.427978515625
2017-01-05,0.0155319162460614,92.8591156005859
2017-01-06,-0.00922381454573884,92.0065383911133
2017-01-09,0.00799393051443875,92.7449798583984
2017-01-10,-0.000657325449785695,92.6840362548828
2017-01-11,0.00336222500481576,92.9961853027344
2017-01-12,-0.00221268219227166,92.790641784668
2017-01-13,-0.00476985023606158,92.3490982055664
2017-01-17,0.0104150075412921,93.3159408569336
2017-01-18,-0.0128909765215788,92.1207275390625
2017-01-19,-0.00688266117779168,91.4888687133789
2017-01-20,-0.00199897300670582,91.3061676025391
2017-01-23,0.00995539232657006,92.2196960449219
2017-01-24,-0.00687516607939465,91.5878448486328
2017-01-25,-0.012630365021554,90.4383316040039
2017-01-26,0.00336166447798636,90.7428665161133
2017-01-27,0.00360058465579538,91.070182800293
2017-01-30,-0.00301423493737829,90.7960891723633
2017-01-31,0.00693532840130118,91.427978515625
2017-02-01,-0.00620253853496955,90.8626480102539
2017-02-02,-0.000419667328473317,90.8245239257812
2017-02-03,-0.000420263706955026,90.7863616943359
2017-02-06,0.00603275142838289,91.3357086181641
2017-02-07,0.00732271224655268,92.0069885253906
2017-02-08,0.0135073074465799,93.258186340332
2017-02-09,-0.011601506272986,92.182502746582
2017-02-10,-0.000579598841282447,92.1290893554688
2017-02-13,-0.00315148562843603,91.8392028808594
2017-02-14,-0.00725371326673763,91.1754379272461
2017-02-15,-0.00461225046226499,90.7558822631836
2017-02-16,0.0054489331609755,91.2517547607422
2017-02-17,0.00591813346592396,91.7933959960938
2017-02-21,-0.00174660385939607,91.6332092285156
2017-02-22,0.00166356867483053,91.785774230957
2017-02-23,0.0029875005023845,92.0603942871094
2017-02-24,0.0110437982202081,93.0827255249023
2017-02-27,-0.00591778871502324,92.5335083007812
2017-02-28,0.00370223724655805,92.8767242431641
2017-03-01,-0.0168977357462419,91.3205032348633
2017-03-02,-0.00360620887060126,90.9917755126953
2017-03-03,0.00260090496614396,91.2287445068359
2017-03-06,-0.00478717411473006,90.7930603027344
2017-03-07,-0.00303575472873785,90.5178527832031
2017-03-08,-0.00541874088068983,90.0286865234375
2017-03-09,-0.00801312838947954,89.3101577758789
2017-03-10,0.00350263921326199,89.6235275268555
2017-03-13,-0.00633081273331548,89.0579299926758
2017-03-14,0.00479496184680972,89.4859848022461
2017-03-15,0.0121405742099743,90.5790176391602
2017-03-16,-0.00507621389975377,90.1203842163086
2017-03-17,0.00625716717958102,90.6860504150391
2017-03-20,0.00428998321041263,91.075927734375
2017-03-21,0.00827419501725046,91.832633972168
2017-03-22,0.00398724270665607,92.1995239257812
2017-03-23,-0.0014103706630415,92.069580078125
2017-03-24,0.00356349024371205,92.3982543945312
2017-03-27,0.00453965955859736,92.8186645507812
2017-03-28,-0.00669277913926791,92.1995239257812
2017-03-29,0.00595133605253917,92.749870300293
2017-03-30,-0.00810943327217828,92.0007629394531
2017-03-31,0.0029041297637713,92.2683334350586
2017-04-03,0.0100354744030193,93.1989517211914
2017-04-04,-0.0054388165698489,92.6934356689453
2017-04-05,0.0030529059990636,92.9768524169922
2017-04-06,-0.00148386900958997,92.8389892578125
2017-04-07,-0.00405130909726292,92.4636306762695
2017-04-10,0.00462820202979497,92.8925628662109
2017-04-11,0.00943837169140238,93.7734680175781
2017-04-12,0.00545823462181705,94.2867050170898
2017-04-13,0.00308279215407925,94.5778198242188
2017-04-17,-0.00308279215407925,94.2867050170898
2017-04-18,0.0129951812168496,95.5199737548828
2017-04-19,-0.0054677992189367,94.9991149902344
2017-04-20,-0.00387773583565565,94.6314468383789
2017-04-21,0,94.6314468383789
2017-04-24,-0.00495026089265327,94.1641540527344
2017-04-25,-0.0121120756196849,93.0305099487305
2017-04-26,0.00550113443692091,93.5436935424805
2017-04-27,-0.000327678950652555,93.5130462646484
2017-04-28,0.00220936536047933,93.7198791503906
2017-05-01,-0.00834821159233901,92.9407424926758
2017-05-02,0.00510763348933541,93.4166641235352
2017-05-03,0.000657150647445981,93.4780731201172
2017-05-04,-0.00493906548677447,93.0175170898438
2017-05-05,0.000907315238587891,93.1019515991211
2017-05-08,-0.00545636337526645,92.5953369140625
2017-05-09,-0.0000829752263395989,92.5876541137695
2017-05-10,-0.00116163418341308,92.4801635742188
2017-05-11,0,92.4801635742188
2017-05-12,0.00752534414414097,93.1787338256836
2017-05-15,-0.00272225315578201,92.925422668457
2017-05-16,0.00370996454105388,93.2708129882812
2017-05-17,0.0144618098834668,94.6294784545898
2017-05-18,0.00113478181730908,94.7369232177734
2017-05-19,0.00234693846153089,94.9595260620117
2017-05-22,-0.0027516958198559,94.6985855102539
2017-05-23,-0.00675072071365701,94.0614547729492
2017-05-24,0.00561491463525332,94.5910873413086
2017-05-25,0.000324348197646707,94.6217727661133
2017-05-26,0.0017025933409327,94.7830123901367
2017-05-30,0.00492739040578094,95.2511978149414
2017-05-31,0.00249544902681809,95.4891891479492
2017-06-01,0.000104820672458317,95.4991989135742
2017-06-02,0.0117707328375802,96.6299362182617
2017-06-05,-0.00622835925159393,96.0299606323242
2017-06-06,0.00543209926955335,96.5530242919922
2017-06-07,-0.00479131762748164,96.0915145874023
2017-06-08,-0.00264551659751877,95.8376388549805
2017-06-09,-0.00152596568790919,95.6915054321289
2017-06-12,-0.000321997811793651,95.6606979370117
2017-06-13,0.000161171350016254,95.6761169433594
2017-06-14,0.015318348579723,97.1529998779297
2017-06-15,-0.00158457028883863,96.9991760253906
2017-06-16,0.00198067409299885,97.1914901733398
2017-06-19,-0.00142592247401296,97.0530014038086
2017-06-20,0.00891678283408304,97.9222717285156
2017-06-21,0.00204016672915142,98.1222534179688
2017-06-22,0.00219212352734743,98.3375854492188
2017-06-23,-0.000469025907612775,98.2914733886719
2017-06-26,0.00374915526993203,98.6606750488281
2017-06-27,-0.0107388441143756,97.6068420410156
2017-06-28,-0.00331505378204699,97.283805847168
2017-06-29,-0.00841689817733293,96.4684143066406
2017-06-30,-0.0023153394904698,96.2453155517578
2017-07-03,-0.0032246774387561,95.9354553222656
2017-07-05,0.000241174269377531,95.9585952758789
2017-07-06,-0.00830849080798135,95.1646270751953
2017-07-07,-0.00601174032888885,94.59423828125
2017-07-10,0.00146593883051604,94.7330093383789
2017-07-11,0.00170702772791831,94.8948593139648
2017-07-12,0.00688080675851044,95.5500640869141
2017-07-13,-0.00631231052420578,94.9488220214844
2017-07-14,0.00121676360430101,95.0644226074219
2017-07-17,0.00275336627597245,95.326530456543
2017-07-18,0.00869543048530197,96.159049987793
2017-07-19,0.000400435248633535,96.1975631713867
2017-07-20,0.00288057684919885,96.4750671386719
2017-07-21,0.00422516483561264,96.8835525512695
2017-07-24,-0.00390588465078245,96.5058746337891
2017-07-25,-0.0131050371328305,95.2494125366211
2017-07-26,0.00161757442138644,95.4036102294922
2017-07-27,-0.00494047447448054,94.9334335327148
2017-07-28,0.00590955695301876,95.4961090087891
2017-07-31,0.00121019354190643,95.6117477416992
2017-08-01,0.00699683731201262,96.283073425293
2017-08-02,0.000561093871273677,96.3371124267578
2017-08-03,0.0102905767687087,97.3335952758789
2017-08-04,-0.00852846289072939,96.5070190429688
2017-08-07,0.00111990296504061,96.6151580810547
2017-08-08,-0.00360397924622013,96.2675857543945
2017-08-09,0.00544205857452607,96.7929077148438
2017-08-10,0.00850275468244899,97.6194229125977
2017-08-11,0.000474675745805619,97.665771484375
2017-08-14,-0.00515479309738964,97.1636199951172
2017-08-15,-0.00422210734267736,96.7542495727539
2017-08-16,0.00366570909421959,97.1095733642578
2017-08-17,0.00745005583255232,97.8357467651367
2017-08-18,-0.00023701436878909,97.8125610351562
2017-08-21,0.00244512099331295,98.0520172119141
2017-08-22,-0.00386776322133198,97.6735076904297
2017-08-23,0.00677835117747438,98.3378219604492
2017-08-24,-0.00369848768844427,97.9747924804688
2017-08-25,0.00385565955100198,98.3532791137695
2017-08-28,-0.000628447622031736,98.2914886474609
2017-08-29,0.00321714000930839,98.6082153320312
2017-08-30,-0.000313400763749527,98.5773162841797
2017-08-31,0.00297311756705376,98.8708343505859
2017-09-01,-0.00767802218336833,98.1146087646484
2017-09-05,0.0157331839279511,99.6704711914062
2017-09-06,-0.00615445951626548,99.0589370727539
2017-09-07,0.0101851318987558,100.073020935059
2017-09-08,-0.00216827842200029,99.8562698364258
2017-09-11,-0.0120096095053439,98.6642074584961
2017-09-12,-0.00527046797296471,98.1455688476562
2017-09-13,-0.00395147401280571,97.7585144042969
2017-09-14,0.00410926462126504,98.1610565185547
2017-09-15,0.000394056856911185,98.1997451782227
2017-09-18,-0.00577123553922032,97.6346435546875
2017-09-19,-0.00246067811747253,97.3946914672852
2017-09-20,0.000715176009152607,97.4643707275391
2017-09-21,-0.000556325634357258,97.4101638793945
2017-09-22,0.00285656224309605,97.6888198852539
2017-09-25,0.00624043140222863,98.3003463745117
2017-09-26,-0.00181297695834548,98.1222915649414
2017-09-27,-0.0151818998085291,96.6438598632812
2017-09-28,-0.00296809341927329,96.3574371337891
2017-09-29,0.00224676434199367,96.5741729736328
2017-10-02,-0.00183282797185313,96.397331237793
2017-10-03,0.000965264784674069,96.4904251098633
2017-10-04,0.0000802517422471283,96.4981689453125
2017-10-05,-0.00378531896208756,96.1335830688477
2017-10-06,-0.00282826649060208,95.8620758056641
2017-10-09,0.00315114007943151,96.1646270751953
2017-10-10,0.00161225161976031,96.3197937011719
2017-10-11,0.00193035999967694,96.5059051513672
2017-10-12,0.00425058302340009,96.9169845581055
2017-10-13,0.00717722521380004,97.6150817871094
2017-10-16,-0.000715401066741173,97.5452728271484
2017-10-17,0.00127134030717446,97.6693649291992
2017-10-18,-0.00661296360417118,97.0256118774414
2017-10-19,0.00175723476476364,97.1962585449219
2017-10-20,-0.0106706302576631,96.1646270751953
2017-10-23,0.00177271617846486,96.3352508544922
2017-10-24,-0.00621886193136145,95.7380142211914
2017-10-25,-0.00479152648094061,95.2803802490234
2017-10-26,-0.0033431888004003,94.9623718261719
2017-10-27,0.00659439043837207,95.5906600952148
2017-10-30,0.00952908221530269,96.5059051513672
2017-10-31,0.000321549104298491,96.5369415283203
2017-11-01,0.00444263475064233,96.9667739868164
2017-11-02,0.00439948475484986,97.3943176269531
2017-11-03,0.00270954072783347,97.6585693359375
2017-11-06,0.00373379124946194,98.0238876342773
2017-11-07,0.00419419749516337,98.4358825683594
2017-11-08,-0.0022137789587191,98.2182083129883
2017-11-09,-0.00285282862449243,97.9384078979492
2017-11-10,-0.0151945664519157,96.4615249633789
2017-11-13,0.00209320843457661,96.6636505126953
2017-11-14,0.00673149061524825,97.316535949707
2017-11-15,0.0108045220331734,98.3736953735352
2017-11-16,-0.00872952873166,97.5186767578125
2017-11-17,0.00738552449625018,98.241569519043
2017-11-20,-0.000396064388204387,98.2026672363281
2017-11-21,0.00316111115417783,98.5135879516602
2017-11-22,0.00322935201291497,98.8322372436523
2017-11-24,-0.00275642919635999,98.560188293457
2017-11-27,-0.00141998257615938,98.4203338623047
2017-11-28,0.00134133246591972,98.5524368286133
2017-11-29,-0.00990774290844243,97.5808258056641
2017-11-30,-0.00335092619788213,97.2543869018555
2017-12-01,0.0134042753116193,98.5667877197266
2017-12-04,0.000473673391597096,98.6134872436523
2017-12-05,0.00496357411534998,99.1041793823242
2017-12-06,0.0034522136488766,99.4468994140625
2017-12-07,-0.00786269188088529,98.6680450439453
2017-12-08,0.0000788672315419348,98.6758270263672
2017-12-11,-0.00205450916517957,98.4733047485352
2017-12-12,-0.000395442183397599,98.4343719482422
2017-12-13,0.00748886823390649,99.1743011474609
2017-12-14,0.00423213581796134,99.5949096679688
2017-12-15,0.00374688688773439,99.9687805175781
2017-12-18,-0.00915773316157864,99.0574722290039
2017-12-19,-0.0130584278601624,97.772346496582
2017-12-20,-0.0111352435117249,96.6896667480469
2017-12-21,0.00581170743352732,97.2532348632812
2017-12-22,0.00136360739051167,97.3859405517578
2017-12-26,0.00296116373009703,97.6747436523438
2017-12-27,0.0129409370878628,98.9469604492188
2017-12-28,-0.000868358040679418,98.8610763549805
2017-12-29,0.00157802020091591,99.017204284668
2018-01-02,-0.0108581563064662,97.9478759765625
2018-01-03,0.00477033997959442,98.4162368774414
2018-01-04,-0.000159087193374319,98.4005813598633
2018-01-05,-0.00285966360647283,98.1195907592773
2018-01-08,-0.000636402689671911,98.0571670532227
2018-01-09,-0.0134629763973813,96.7458724975586
2018-01-10,-0.00121044707810025,96.6288375854492
2018-01-11,0.00411112871166441,97.0269088745117
2018-01-12,0.00168750647208782,97.1907806396484
2018-01-16,0.00416738114542436,97.5966567993164
2018-01-17,-0.00136073956665683,97.4639434814453
2018-01-18,-0.0093325649740672,96.5585861206055
2018-01-19,-0.00526814538107256,96.0512390136719
2018-01-22,0.000974295880009635,96.1448669433594
2018-01-23,0.00429384950106293,96.5585861206055
2018-01-24,-0.00543083220516483,96.0356140136719
2018-01-25,0.00817529683067342,96.8239517211914
2018-01-26,-0.00371537486721341,96.4648818969727
2018-01-29,-0.00698209090102431,95.793701171875
2018-01-30,-0.00588441457129907,95.2316665649414
2018-01-31,0.00588441457129907,95.793701171875
2018-02-01,-0.0145991097985938,94.4053573608398
2018-02-02,-0.00932244789041548,93.5293579101562
2018-02-05,0.00940511849525638,94.4131622314453
2018-02-06,-0.00623283714140754,93.826530456543
2018-02-07,-0.00954859032706601,92.9348831176758
2018-02-08,-0.00109433667721603,92.8332366943359
2018-02-09,-0.0063390850890821,92.2466201782227
2018-02-12,0.00439980337760204,92.6533813476562
2018-02-13,0.00446382162549241,93.0678939819336
2018-02-14,-0.0111557310370491,92.0354232788086
2018-02-15,0.00339389370045406,92.3483123779297
2018-02-16,0.00540543148252581,92.8488464355469
2018-02-20,-0.00438994284147043,92.442138671875
2018-02-21,-0.0123440273061259,91.3080444335938
2018-02-22,0.00299377753117724,91.5818099975586
2018-02-23,0.00884238663611736,92.3952026367188
2018-02-26,0.000338741658485908,92.4265060424805
2018-02-27,-0.00143963920556622,92.2935409545898
2018-02-28,0.00633546186070166,92.8801193237305
2018-03-01,0.00680341142283236,93.5141754150391
2018-03-02,-0.0081627234917061,92.7539520263672
2018-03-05,-0.00270760187470032,92.5031509399414
2018-03-06,0.000931639950194629,92.5893707275391
2018-03-07,-0.00110073236479824,92.4875106811523
2018-03-08,0.00574571106978095,93.0204467773438
2018-03-09,-0.00659350119476443,92.4091339111328
2018-03-12,0.00575032404430509,92.9420471191406
2018-03-13,0.00504638968405668,93.4122543334961
2018-03-14,0.00877172036334528,94.2352447509766
2018-03-15,0,94.2352447509766
2018-03-16,-0.00358286997075563,93.8982162475586
2018-03-19,-0.00317702854100244,93.6003723144531
2018-03-20,-0.00402729009460057,93.2241744995117
2018-03-21,0.00109285654848623,93.3261108398438
2018-03-22,0.00986012676457548,94.2508697509766
2018-03-23,-0.000748155932641659,94.1803817749023
2018-03-26,-0.00383571918245895,93.81982421875
2018-03-27,0.0106356350544559,94.8229827880859
2018-03-28,0.0026420098874258,95.0738372802734
2018-03-29,0.00485118489931846,95.5361785888672
2018-04-02,0.00197160303811739,95.724723815918
2018-04-03,-0.00774219963014122,94.9864654541016
2018-04-04,-0.00206992101207426,94.7900543212891
2018-04-05,-0.00748484761323898,94.0832138061523
2018-04-06,0.0108764580788243,95.1120910644531
2018-04-09,0.00164985927865047,95.2691421508789
2018-04-10,-0.00181487467531483,95.0963973999023
2018-04-11,0.00354452215875245,95.4340667724609
2018-04-12,-0.00735119636093362,94.7350845336914
2018-04-13,0.0023187020482478,94.9550018310547
2018-04-16,0.000331298097086652,94.9864654541016
2018-04-17,0.00272438348243309,95.2455978393555
2018-04-18,-0.0080307789512295,94.4837646484375
2018-04-19,-0.00817948225293286,93.7140884399414
2018-04-20,-0.00723369510233152,93.0386352539062
2018-04-23,0.000252863533260594,93.0621643066406
2018-04-24,-0.00456794391161885,92.6380310058594
2018-04-25,-0.00671980232065206,92.0176086425781
2018-04-26,0.00697441788793185,92.66162109375
2018-04-27,0.00768389399400959,93.3763656616211
2018-04-30,0.00176475877803917,93.5412979125977
2018-05-01,-0.0036082700800435,93.2043838500977
2018-05-02,-0.00109895557055406,93.1020126342773
2018-05-03,0.00447099484253854,93.5192031860352
2018-05-04,0.00151413948313106,93.6609115600586
2018-05-07,-0.00159784514080119,93.5113754272461
2018-05-08,-0.000926288092668592,93.4247970581055
2018-05-09,-0.00600022400178801,92.8659057617188
2018-05-10,0.00802000743166786,93.6136856079102
2018-05-11,0.00251953434748486,93.8498458862305
2018-05-14,-0.00529793257632694,93.3539505004883
2018-05-15,-0.0114480837330087,92.2913208007812
2018-05-16,-0.00384542143887856,91.9371032714844
2018-05-17,-0.00506426070681254,91.4726867675781
2018-05-18,0.00856837686134071,92.2598266601562
2018-05-21,0.000511666295946789,92.3070449829102
2018-05-22,-0.00153603330364138,92.1653671264648
2018-05-23,0.00723295363859844,92.8344116210938
2018-05-24,0.00793874189337185,93.574333190918
2018-05-25,0.00620518051709507,94.1567840576172
2018-05-29,0.0216668220838399,96.219123840332
2018-05-30,-0.00673117178469784,95.5736312866211
2018-05-31,-0.00164851663679411,95.4162063598633
2018-06-01,-0.00529762541735668,94.9120635986328
2018-06-04,-0.00725792539665182,94.2256927490234
2018-06-05,0.00234188555339632,94.4466171264648
2018-06-06,-0.00813604644800581,93.6813125610352
2018-06-07,0.00963815211166263,94.5885925292969
2018-06-08,-0.00300711825634625,94.3045806884766
2018-06-11,-0.00184245111572334,94.130989074707
2018-06-12,0.000250982913043707,94.1546173095703
2018-06-13,-0.000502515261507241,94.1073150634766
2018-06-14,0.00826541297616679,94.8883743286133
2018-06-15,0.000914497598210495,94.9751892089844
2018-06-18,-0.000914497598210495,94.8883743286133
2018-06-19,0.00580324462797588,95.4406356811523
2018-06-20,-0.00880028369499541,94.6044158935547
2018-06-21,0.00523964041142122,95.1014099121094
2018-06-22,-0.0000831152894580356,95.093505859375
2018-06-25,0.00223792921429133,95.3065567016602
2018-06-26,0.0014058293587409,95.4406356811523
2018-06-27,0.0093802335833173,96.3401031494141
2018-06-28,0.000245307660822647,96.3637390136719
2018-06-29,-0.00344440323393425,96.0323944091797
2018-07-02,-0.000782531919204743,95.957275390625
2018-07-03,0.00534249191917446,96.4712982177734
2018-07-05,0.00286452919980906,96.7480392456055
2018-07-06,0.00326374271623475,97.0643157958984
2018-07-09,-0.00645644778676768,96.4396438598633
2018-07-10,-0.0000821201362679602,96.4317245483398
2018-07-11,0.00384654278349217,96.8033676147461
2018-07-12,-0.0000814962908606276,96.7954788208008
2018-07-13,0.00252880522196186,97.0405654907227
2018-07-16,-0.00416383792300401,96.6373443603516
2018-07-17,-0.00188391090391438,96.4554595947266
2018-07-18,-0.00402553737901457,96.0679550170898
2018-07-19,0.00631808229821296,96.6768417358398
2018-07-20,-0.0123443908187673,95.4907608032227
2018-07-23,-0.0124151944987592,94.3125534057617
2018-07-24,0.00343132603700802,94.6367263793945
2018-07-25,-0.00158894654846975,94.4864730834961
2018-07-26,-0.00192627090817421,94.3046417236328
2018-07-27,0.0016752811812033,94.462760925293
2018-07-30,-0.00343798032127918,94.138557434082
2018-07-31,0.00544478129804915,94.6525192260742
2018-08-01,-0.00818003615917196,93.8814163208008
2018-08-02,0.00143413384355018,94.0161514282227
2018-08-03,0.0049614258633941,94.4837646484375
2018-08-06,0.00058727072449738,94.5392684936523
2018-08-07,-0.00521141363858213,94.0478668212891
2018-08-08,0.00100995121802772,94.1428985595703
2018-08-09,0.00838357837759052,94.9354705810547
2018-08-10,0.00723648946460465,95.6249618530273
2018-08-13,-0.00207391447941241,95.4268493652344
2018-08-14,-0.00224504103836054,95.2128524780273
2018-08-15,0.00580997404737449,95.7676467895508
2018-08-16,-0.0000830150823425413,95.7596969604492
2018-08-17,0.00124052453941204,95.8785629272461
2018-08-20,0.00667308074758122,96.5205078125
2018-08-21,-0.00337217549766322,96.1955718994141
2018-08-22,0.00394666240066233,96.5759735107422
2018-08-23,0.0015578290120688,96.7265396118164
2018-08-24,0.00196476071288565,96.9167709350586
2018-08-27,-0.00574065062190598,96.3619995117188
2018-08-28,-0.00602212185264328,95.7834396362305
2018-08-29,0.00132318841998469,95.9102630615234
2018-08-30,0.00214634483792686,96.116340637207
2018-08-31,-0.00231189629988915,95.8943862915039
2018-09-04,-0.00579787165805001,95.3400115966797
2018-09-05,-0.0026697672468794,95.0858154296875
2018-09-06,0.00366875546455692,95.435302734375
2018-09-07,-0.00852563845720589,94.625114440918
2018-09-10,0.00368642397595931,94.9745864868164
2018-09-11,-0.0076391723196565,94.251823425293
2018-09-12,0.00235706540982861,94.4742431640625
2018-09-13,0.00151166546011972,94.6171646118164
2018-09-14,-0.0047963269419169,94.164436340332
2018-09-17,0,94.164436340332
2018-09-18,-0.0105147891785764,93.1795043945312
2018-09-19,-0.00598542493371124,92.6234512329102
2018-09-20,0.00462039852816609,93.0523986816406
2018-09-21,-0.000426768598998706,93.0126953125
2018-09-24,-0.00256510132973187,92.7744140625
2018-09-25,-0.00102790216442283,92.6791000366211
2018-09-26,0.0070032079072524,93.3304290771484
2018-09-27,0.000681121365341042,93.3940200805664
2018-09-28,-0.00264053082453319,93.1477355957031
2018-10-01,-0.00736884432269047,92.4638671875
2018-10-02,0.0060946342544721,93.0291213989258
2018-10-03,-0.0175242709069838,91.4130554199219
2018-10-04,-0.0070784208622392,90.7682800292969
2018-10-05,-0.00863238216068218,89.9881057739258
2018-10-08,-0.00336693906523511,89.6856307983398
2018-10-09,0.0100678401823302,90.593132019043
2018-10-10,-0.00272793779652858,90.3463363647461
2018-10-11,0.0120861438593494,91.4449005126953
2018-10-12,-0.00348784306777894,91.1265106201172
2018-10-15,-0.000437130142109332,91.0866851806641
2018-10-16,0.00226990656200776,91.2936782836914
2018-10-17,-0.00594734568537358,90.7523345947266
2018-10-18,-0.000350962666270327,90.7204895019531
2018-10-19,-0.00219635389969763,90.5214538574219
2018-10-22,-0.00131981088405553,90.4020614624023
2018-10-23,0.00316499477209842,90.6886367797852
2018-10-24,0.00752114922179992,91.373291015625
2018-10-25,-0.00419096695267118,90.9911499023438
2018-10-26,0.00601871459839298,91.5404510498047
2018-10-29,-0.00226378046558207,91.3334579467773
2018-10-30,-0.00498053141244714,90.8796997070312
2018-10-31,-0.00509321178699285,90.4180068969727
2018-11-01,0.000925969841121699,90.5017700195312
2018-11-02,-0.0125104814784613,89.3766021728516
2018-11-05,0.00392059323883931,89.7276992797852
2018-11-06,-0.000622686078199486,89.6718444824219
2018-11-07,0.00133420486246472,89.7915649414062
2018-11-08,-0.0000887103503970366,89.7835998535156
2018-11-09,0.00743811942400363,90.4539108276367
2018-11-12,0.00650722023661654,91.04443359375
2018-11-13,-0.000613677688269476,90.9885787963867
2018-11-14,0.000613677688269476,91.04443359375
2018-11-15,-0.00043827882098757,91.0045394897461
2018-11-16,0.0057707208410136,91.5312194824219
2018-11-19,0.002786021064483,91.7865829467773
2018-11-20,0.000347468616529234,91.8184814453125
2018-11-21,-0.000347468616529234,91.7865829467773
2018-11-23,0.00104262509688002,91.8823318481445
2018-11-26,-0.00226059075433582,91.6748580932617
2018-11-27,0.0011311004173491,91.7786102294922
2018-11-28,-0.00488138074316957,91.3316955566406
2018-11-29,0.00392444947679316,91.6908264160156
2018-11-30,0.00373520429600482,92.0339508056641
2018-12-03,0.00707501035702585,92.6874008178711
2018-12-04,0.0166034849633938,94.2391815185547
2018-12-06,0.00313502799566834,94.5350875854492
2018-12-07,0.00185963535763278,94.711051940918
2018-12-10,0.00412986350091327,95.1030044555664
2018-12-11,-0.000167919652806603,95.0870361328125
2018-12-12,-0.00446851781835456,94.6630859375
2018-12-13,-0.00236867649506234,94.4391250610352
2018-12-14,0.00346634522945166,94.7670516967773
2018-12-17,0.00580705068816556,95.3189697265625
2018-12-18,0.00597086210139608,95.8898086547852
2018-12-19,0.0131240996922415,97.1565704345703
2018-12-20,-0.0036373723292078,96.8038177490234
2018-12-21,-0.000165284416668854,96.7878189086914
2018-12-24,0.00495719775498227,97.2688064575195
2018-12-26,-0.010773147234544,96.2265396118164
2018-12-27,0.000166724058552781,96.2425842285156
2018-12-28,0.0083784731340657,97.0523376464844
2018-12-31,0.00379286032567272,97.421142578125
2019-01-02,0.00525338882030457,97.9342803955078
2019-01-03,0.011315449132514,99.0487442016602
2019-01-04,-0.0116430078568106,97.9022064208984
2019-01-07,-0.00295216338840909,97.6136093139648
2019-01-08,-0.00263210873539688,97.3570175170898
2019-01-09,-0.00156586334528441,97.2046890258789
2019-01-10,-0.00645444053029465,96.5793075561523
2019-01-11,0.00389426487942313,96.9561462402344
2019-01-14,-0.0037283077167638,96.5953369140625
2019-01-15,-0.00365854471902072,96.2425842285156
2019-01-16,0.000999285877465894,96.3388061523438
2019-01-17,0.000249665520370534,96.3628616333008
2019-01-18,-0.00525587189454146,95.8577194213867
2019-01-22,0.00675216216488383,96.5071563720703
2019-01-23,-0.000415126060766546,96.4671020507812
2019-01-24,0.00654379937754346,97.1004333496094
2019-01-25,-0.00480047938915451,96.6354217529297
2019-01-28,-0.000995584880087108,96.5392608642578
2019-01-29,0.00505312393643642,97.0283203125
2019-01-30,-0.000744122216365994,96.9561462402344
2019-01-31,0.00856339999111189,97.7899856567383
2019-02-01,-0.00605832438293685,97.199333190918
2019-02-04,-0.00447447785751098,96.7653884887695
2019-02-05,0.00455720526885361,97.2073745727539
2019-02-06,0.000496063905588429,97.2556076049805
2019-02-07,0.00658810252506203,97.8984527587891
2019-02-08,0.00425900390733158,98.316291809082
2019-02-11,-0.00393073147021017,97.9305953979492
2019-02-12,-0.00254742269367725,97.6814422607422
2019-02-13,-0.00379080936311738,97.3118515014648
2019-02-14,0.00568157938437075,97.8663101196289
2019-02-15,0.00155917741995637,98.0190200805664
2019-02-19,0.00253772882601222,98.2680816650391
2019-02-20,-0.00286570507422379,97.9868774414062
2019-02-21,-0.00897953977253607,97.1109390258789
2019-02-22,0.00594043439339575,97.6895370483398
2019-02-25,-0.00296572777774173,97.4002456665039
2019-02-26,0.00493756277615365,97.8823547363281
2019-02-27,-0.0113933508418596,96.7734756469727
2019-02-28,-0.00341025505899673,96.4440155029297
2019-03-01,-0.00928639839448575,95.5525436401367
2019-03-04,0.00780742871056095,96.3014831542969
2019-03-05,0.00208822420270494,96.5027923583984
2019-03-06,0.00366437314800905,96.857063293457
2019-03-07,0.00646455670908885,97.4852294921875
2019-03-08,0.00420360763570127,97.895881652832
2019-03-11,-0.00296572056708655,97.6059799194336
2019-03-12,0.00698804270805198,98.2904434204102
2019-03-13,-0.00188586969788052,98.1052551269531
2019-03-14,-0.00724925226799478,97.3966369628906
2019-03-15,0.00659267957861687,98.0408630371094
2019-03-18,-0.000575244259197305,97.9844818115234
2019-03-19,-0.00222125759769121,97.7670745849609
2019-03-20,0.0104055999675987,98.7897109985352
2019-03-21,0.00219844329155094,99.0071334838867
2019-03-22,0.0154153643433794,100.545188903809
2019-03-25,0.00160077788618196,100.706268310547
2019-03-26,-0.00072004432963535,100.633781433105
2019-03-27,0.00916030464613815,101.559852600098
2019-03-28,0.00348215220089543,101.914115905762
2019-03-29,-0.000948639478368207,101.817481994629
2019-04-01,-0.0143053589115425,100.371315002441
2019-04-02,0.00184796023681599,100.556968688965
2019-04-03,-0.00870601525560399,99.6853179931641
2019-04-04,0.00282946415458518,99.9677734375
2019-04-05,0.00129085777660443,100.096900939941
2019-04-08,-0.00355374237356454,99.741813659668
2019-04-09,0.00315068555535625,100.056564331055
2019-04-10,0.00241644015024178,100.298637390137
2019-04-11,-0.00589088986765685,99.7095260620117
2019-04-12,-0.00714822830289741,98.9993209838867
2019-04-15,0.00252400848242118,99.24951171875
2019-04-16,-0.00628073662617901,98.6281051635742
2019-04-17,0.000409047859623257,98.66845703125
2019-04-18,0.00522138056622978,99.1849899291992
2019-04-22,-0.00481257725028073,98.7088012695312
2019-04-23,0.00212365819092408,98.9186477661133
2019-04-24,0.00812564827931883,99.725700378418
2019-04-25,-0.00145769417562214,99.580436706543
2019-04-26,0.00339778331559781,99.9193649291992
2019-04-29,-0.00640101508045632,99.2818222045898
2019-04-30,0.00510801514202086,99.7902526855469
2019-05-01,0.00411653108251642,100.201889038086
2019-05-02,-0.00477303029510701,99.7247619628906
2019-05-03,0.00283406821905441,100.007789611816
2019-05-06,0.00274534256410508,100.282722473145
2019-05-07,0.0076327735236621,101.051086425781
2019-05-08,-0.00433108235679303,100.614372253418
2019-05-09,0.00409058475741997,101.026786804199
2019-05-10,-0.0013615438533563,100.88932800293
2019-05-13,0.00782478415314536,101.681861877441
2019-05-14,-0.0029475453921135,101.382591247559
2019-05-15,0.00612377803494812,102.005340576172
2019-05-16,-0.00333523811385117,101.66569519043
2019-05-17,0.00222482743296926,101.892135620117
2019-05-20,-0.00206582196195271,101.681861877441
2019-05-21,-0.00159202024727634,101.520111083984
2019-05-22,0.0057194800702236,102.102416992188
2019-05-23,0.0111845928337049,103.250801086426
2019-05-24,0.000860912917727497,103.339729309082
2019-05-28,0.00717423277500462,104.083778381348
2019-05-29,0.00302595366225322,104.399208068848
2019-05-30,0.00856208645035572,105.296920776367
2019-05-31,0.0124411633817827,106.615119934082
2019-06-03,0.00666659959001237,107.328254699707
2019-06-04,-0.0114667644364816,106.10457611084
2019-06-05,-0.00566757886406677,105.504920959473
2019-06-06,0.00322077025471135,105.845275878906
2019-06-07,0.00861426844965418,106.76099395752
2019-06-10,-0.00945695769482047,105.756118774414
2019-06-11,0.000612509293241636,105.820915222168
2019-06-12,0.000765955907925608,105.902000427246
2019-06-13,0.00343704698380609,106.266616821289
2019-06-14,0.00251389274486868,106.53409576416
2019-06-17,0.00174787254236453,106.72046661377
2019-06-18,0.00499953994070168,107.255355834961
2019-06-19,0.0014341503917219,107.409286499023
2019-06-20,0.00263738250070222,107.692939758301
2019-06-21,-0.0110472070918961,106.509780883789
2019-06-24,0.00742868874158908,107.303955078125
2019-06-25,0.00309193824976184,107.636245727539
2019-06-26,-0.00642029477878303,106.947402954102
2019-06-27,0.00702225001411261,107.701057434082
2019-06-28,-0.000677375757941689,107.628128051758
2019-07-01,-0.00234135942152225,107.376426696777
2019-07-02,0.00768290671929428,108.204566955566
2019-07-03,0.00710429150241687,108.976020812988
2019-07-05,-0.0133521094940319,107.530632019043
2019-07-08,0.00135863767471367,107.676826477051
2019-07-09,-0.000377017339538099,107.636238098145
2019-07-10,-0.00552184237478492,107.043525695801
2019-07-11,-0.0134405653888559,105.61442565918
2019-07-12,0.00115254596589942,105.736221313477
2019-07-15,0.0057426012369568,106.345169067383
2019-07-16,-0.00298230154394119,106.02848815918
2019-07-17,0.0107400639342652,107.173377990723
2019-07-18,0.0000760252572220566,107.181526184082
2019-07-19,-0.00235119817898255,106.929817199707
2019-07-22,0.00189645541674377,107.132797241211
2019-07-23,-0.0054715289155931,106.548217773438
2019-07-24,0.0043339447143893,107.01099395752
2019-07-25,-0.00479167757678134,106.499458312988
2019-07-26,0.00236075951429182,106.751174926758
2019-07-29,0.000303911264538215,106.783622741699
2019-07-30,0.00243096429984746,107.043525695801
2019-07-31,0.00800809969301852,107.904182434082
2019-08-01,0.0196658281937676,110.047210693359
2019-08-02,0.00919889416183572,111.064193725586
2019-08-05,0.0171400308700482,112.984245300293
2019-08-06,0.00796156653159219,113.887367248535
2019-08-07,0.00035766637141954,113.928108215332
2019-08-08,0.00213970748669823,114.172142028809
2019-08-09,-0.00199687762103107,113.944381713867
2019-08-12,0.0206352174189108,116.32007598877
2019-08-13,-0.0034331431345036,115.921417236328
2019-08-14,0.0222795627103851,118.533081054688
2019-08-15,0.0110576462606957,119.851051330566
2019-08-16,-0.00804244316366098,118.891021728516
2019-08-19,-0.0144053812145586,117.190628051758
2019-08-20,0.0102906039580484,118.402816772461
2019-08-21,-0.00668723930088966,117.613670349121
2019-08-22,-0.00666303726400219,116.832611083984
2019-08-23,0.0163010788649229,118.752716064453
2019-08-26,-0.00405087727834097,118.272636413574
2019-08-27,0.0152922571124607,120.095191955566
2019-08-28,0.00128580342182794,120.249710083008
2019-08-29,-0.0037957613992079,119.794136047363
2019-08-30,0.0002713994882102,119.826652526855
2019-09-03,0.00129186254437119,119.981552124023
2019-09-04,0.0014926961575954,120.160781860352
2019-09-05,-0.0182757138106453,117.984703063965
2019-09-06,0.00708981722049895,118.824165344238
2019-09-09,-0.0179251254060437,116.713203430176
2019-09-10,-0.0176827412898204,114.667533874512
2019-09-11,-0.00177872855918526,114.463752746582
2019-09-12,-0.00657257833464353,113.713897705078
2019-09-13,-0.0215904278525638,111.285079956055
2019-09-16,0.0126626969950641,112.70320892334
2019-09-17,0.00540936984150697,113.314514160156
2019-09-18,0.004234455392778,113.795356750488
2019-09-19,0.00300405465713283,114.137718200684
2019-09-20,0.0131241671277031,115.645553588867
2019-09-23,-0.000211793270239014,115.621063232422
2019-09-24,0.0119816969514561,117.01473236084
2019-09-25,-0.0147347320885114,115.303192138672
2019-09-26,0.00641239277867189,116.044937133789
2019-09-27,0.00245447415438438,116.330116271973
2019-09-30,0.00244951123598192,116.615417480469
2019-10-01,0.00300574657139396,116.966461181641
2019-10-02,0.00244043056520571,117.252258300781
2019-10-03,0.00908030104678215,118.321792602539
2019-10-04,0.00735661257928388,119.195449829102
2019-10-07,-0.00832331316058887,118.207466125488
2019-10-08,0.00269031343526915,118.525909423828
2019-10-09,-0.00566426290143962,117.8564453125
2019-10-10,-0.0150061117966773,116.101081848145
2019-10-11,-0.01245441613914,114.664077758789
2019-10-14,0.00723685430191257,115.496894836426
2019-10-15,-0.0121622499322802,114.100700378418
2019-10-16,0.00121601092948254,114.239532470703
2019-10-17,-0.00243330150131271,113.961891174316
2019-10-18,0,113.961891174316
2019-10-21,-0.00755126150954055,113.10457611084
2019-10-22,0.00583065284645645,113.765975952148
2019-10-23,0.00100402022011004,113.880256652832
2019-10-24,-0.00200925089890003,113.651672363281
2019-10-25,-0.00489719616110573,113.096458435059
2019-10-28,-0.00913809135555343,112.067680358887
2019-10-29,0.000655720881730382,112.141189575195
2019-10-30,0.0145283671377339,113.78231048584
2019-10-31,0.0133999870675217,115.317253112793
2019-11-01,-0.00308277676073665,114.962303161621
2019-11-04,-0.0132493546189503,113.449172973633
2019-11-05,-0.0113102495021273,112.173263549805
2019-11-06,0.00603374747595797,112.85213470459
2019-11-07,-0.018284139603912,110.807479858398
2019-11-08,-0.00421660379440691,110.341232299805
2019-11-11,0.000666875435550551,110.414840698242
2019-11-12,0.00458177960171646,110.921897888184
2019-11-13,0.00646783334661816,111.641647338867
2019-11-14,0.0102764784450899,112.794845581055
2019-11-15,-0.00108769444834156,112.672225952148
2019-11-18,0.00181266303402516,112.876647949219
2019-11-19,0.00829850787407693,113.817253112793
2019-11-20,0.0102946201107299,114.995010375977
2019-11-21,-0.00627889891467071,114.275230407715
2019-11-22,0.00128750272615363,114.422454833984
2019-11-25,0.00292605435262239,114.757751464844
2019-11-26,0.005827274970021,115.428428649902
2019-11-27,-0.00290955857158703,115.093070983887
2019-11-29,-0.00213392776989618,114.847732543945
2019-12-02,-0.0134220804305034,113.316535949707
2019-12-03,0.0207500203366493,115.692420959473
2019-12-04,-0.0100354569275209,114.537200927734
2019-12-05,-0.00487557431993579,113.980125427246
2019-12-06,-0.00555005834567179,113.349281311035
2019-12-09,0.00216586846598865,113.59504699707
2019-12-10,0.0000721977170057286,113.603248596191
2019-12-11,0.00783040314714523,114.496299743652
2019-12-12,-0.0165949734390676,112.611915588379
2019-12-13,0.011501549226776,113.914604187012
2019-12-16,-0.00903080088724106,112.890495300293
2019-12-17,-0.00138010303458458,112.734802246094
2019-12-18,-0.00824606799978689,111.809005737305
2019-12-19,0.00159824120480945,111.987846374512
2019-12-20,0.00131861372693365,112.135612487793
2019-12-23,-0.00146462051811014,111.971496582031
2019-12-24,0.00285406327643845,112.291526794434
2019-12-26,0.00240872441404694,112.56233215332
2019-12-27,0.00109275039714163,112.685401916504
2019-12-30,-0.00364790214586641,112.275085449219
2019-12-31,-0.0098416124527434,111.175537109375
2020-01-02,0.0112293982407756,112.431007385254
2020-01-03,0.015283025990394,114.162490844727
2020-01-06,-0.00569486754240511,113.514198303223
2020-01-07,-0.00492779446182023,112.956199645996
2020-01-08,-0.00663278175972692,112.209465026855
2020-01-09,0.00350396329709479,112.603332519531
2020-01-10,0.00885180521093254,113.604499816895
2020-01-13,-0.00303845161803995,113.259841918945
2020-01-14,0.00513083641282197,113.84245300293
2020-01-15,0.00660945441894611,114.597381591797
2020-01-16,-0.0031553991105655,114.236351013184
2020-01-17,-0.00858489172120258,113.259841918945
2020-01-21,0.0104511549573987,114.449745178223
2020-01-22,0.00350723811059783,114.851852416992
2020-01-23,0.0069768648538524,115.655960083008
2020-01-24,0.008056247519872,116.59147644043
2020-01-27,0.0154348994574391,118.405014038086
2020-01-28,-0.0078622229235803,117.477737426758
2020-01-29,0.00973159454166339,118.626564025879
2020-01-30,0.00013871650725239,118.643020629883
2020-01-31,0.00908847135036606,119.726219177246
2020-02-03,-0.000810893815756053,119.629173278809
2020-02-04,-0.0135583065182328,118.01815032959
2020-02-05,-0.0109950208030964,116.727645874023
2020-02-06,0.00449649226404158,117.253692626953
2020-02-07,0.0124010909006964,118.716819763184
2020-02-10,0.0027655650352818,119.045593261719
2020-02-11,-0.005053139016999,118.445556640625
2020-02-12,-0.00507873822869076,117.845527648926
2020-02-13,0.00382880247859774,118.29759979248
2020-02-14,0.00436824588487905,118.815483093262
2020-02-18,0.00682500800352237,119.629173278809
2020-02-19,-0.0000686246504226773,119.620964050293
2020-02-20,0.00780303278710992,120.55802154541
2020-02-21,0.00929767799276959,121.684158325195
2020-02-24,0.0148177089695327,123.500663757324
2020-02-25,0.00531079085726827,124.158294677734
2020-02-26,-0.00531079085726827,123.500663757324
2020-02-27,0.0107899631444406,124.840446472168
2020-02-28,0.0223328194945713,127.659851074219
2020-03-02,-0.00738504067282442,126.720550537109
2020-03-03,0.0154057950933222,128.687896728516
2020-03-04,-0.0106749625022733,127.321464538574
2020-03-05,0.0245871452488107,130.490737915039
2020-03-06,0.0507349370905459,137.281997680664
2020-03-09,0.0267426148551442,141.002807617188
2020-03-10,-0.0526183965900779,133.775283813477
2020-03-11,-0.0374924080341694,128.852584838867
2020-03-12,0.00617794097380031,129.651092529297
2020-03-13,-0.0228626661351026,126.720550537109
2020-03-16,0.0627549485261945,134.927719116211
2020-03-17,-0.0690100530264806,125.930374145508
2020-03-18,-0.0580671623972933,118.826210021973
2020-03-19,0.0268618898220634,122.061363220215
2020-03-20,0.0725028080540815,131.239868164062
2020-03-23,0.0403827644715857,136.648162841797
2020-03-24,-0.0187899519427406,134.104522705078
2020-03-25,-0.00227402982878644,133.799911499023
2020-03-26,0.00491053987422418,134.458557128906
2020-03-27,0.0263420281927393,138.04753112793
2020-03-30,-0.00826277251326513,136.911575317383
2020-03-31,-0.00815024641447781,135.800247192383
2020-04-01,0.0139131805889923,137.702865600586
2020-04-02,0.00632612011918798,138.576751708984
2020-04-03,0.00237677648985191,138.906509399414
2020-04-06,-0.00261453384555033,138.543807983398
2020-04-07,-0.0105274793927084,137.09294128418
2020-04-08,-0.00730233130077362,136.095489501953
2020-04-09,0.00181466825583509,136.342681884766
2020-04-13,-0.0091718455565406,135.097885131836
2020-04-14,-0.000243880523248308,135.06494140625
2020-04-15,0.0261444112995841,138.642700195312
2020-04-16,0.0112928082823442,140.217239379883
2020-04-17,-0.0134954090251327,138.337661743164
2020-04-20,0.00801272940434661,139.450576782227
2020-04-21,0.0125133040440319,141.206527709961
2020-04-22,-0.0102695242770219,139.763824462891
2020-04-23,0.00529461869192005,140.505783081055
2020-04-24,0.00234353340874893,140.83544921875
2020-04-27,-0.0187889407133754,138.214004516602
2020-04-28,0.0114461739557292,139.805114746094
2020-04-29,-0.00520283780358888,139.079620361328
2020-04-30,-0.0117450889593771,137.455673217773
2020-05-01,0.00852610189776382,138.63264465332
2020-05-04,-0.0047144508094128,137.980606079102
2020-05-05,-0.00642198566145868,137.09733581543
2020-05-06,-0.0162672736388672,134.885177612305
2020-05-07,0.016568848306032,137.138687133789
2020-05-08,-0.0130868433722897,135.355667114258
2020-05-11,-0.00783566711461692,134.299209594727
2020-05-12,0.0102116931479337,135.677658081055
2020-05-13,0.00697166052925446,136.626861572266
2020-05-14,0.00974001667687929,137.964111328125
2020-05-15,-0.00257586366811502,137.609191894531
2020-05-18,-0.0221992569357443,134.588027954102
2020-05-19,0.00373424909746145,135.091552734375
2020-05-20,0.00298930620203386,135.495986938477
2020-05-21,0.00249399743622103,135.834335327148
2020-05-22,0.00599857165918749,136.651596069336
2020-05-26,-0.0134999810383771,134.819198608398
2020-05-27,-0.00183882159728022,134.571517944336
2020-05-28,-0.00368690772838942,134.076278686523
2020-05-29,0.00711588335128344,135.033752441406
2020-06-01,-0.00675483963404755,134.124694824219
2020-06-02,-0.00364257773613463,133.637023925781
2020-06-03,-0.0133864738698746,131.860015869141
2020-06-04,-0.0145855002637099,129.950729370117
2020-06-05,-0.00714817268006751,129.025131225586
2020-06-08,0.00383615233401269,129.521041870117
2020-06-09,0.0112944470806502,130.992202758789
2020-06-10,0.0147181062886563,132.934417724609
2020-06-11,0.0187245590617513,135.447006225586
2020-06-12,-0.00968802206791253,134.141128540039
2020-06-15,0.000554386115176442,134.215515136719
2020-06-16,-0.0154523120774046,132.157516479492
2020-06-17,0.00411905272001967,132.703002929688
2020-06-18,0.0105326841379272,134.108108520508
2020-06-19,0.000800575219457755,134.215515136719
2020-06-22,0.000123003621259166,134.232025146484
2020-06-23,-0.00685735536011478,133.314697265625
2020-06-24,0.010667851956514,134.744491577148
2020-06-25,0.00287843850618952,135.132904052734
2020-06-26,0.0106475229246126,136.57942199707
2020-06-29,-0.00315191909840085,136.149612426758
2020-06-30,-0.0048687706295123,135.488342285156
2020-07-01,-0.00194403201030191,135.225204467773
2020-07-02,0.00103950423986365,135.365844726562
2020-07-06,-0.00410350697238293,134.811508178711
2020-07-07,0.0139581462743932,136.706420898438
2020-07-08,-0.00400334065793295,136.160232543945
2020-07-09,0.0157968694067785,138.328216552734
2020-07-10,-0.00503722131689077,137.633178710938
2020-07-13,0.00330144424137213,138.088317871094
2020-07-14,0.00143624442695067,138.28678894043
2020-07-15,-0.00467726872531049,137.641494750977
2020-07-16,0.00473740310304382,138.295104980469
2020-07-17,-0.00209580109805074,138.005569458008
2020-07-20,0.00245487701590719,138.344772338867
2020-07-21,0.000598283717669901,138.42756652832
2020-07-22,0.0029840829712251,138.841262817383
2020-07-23,0.011613455999786,140.463088989258
2020-07-24,-0.000058771649724676,140.454833984375
2020-07-27,-0.00371842723950611,139.933532714844
2020-07-28,0.00689409467147772,140.901580810547
2020-07-29,-0.00170415706217408,140.661666870117
2020-07-30,0.00656738124203482,141.588485717773
2020-07-31,-0.000643585437642535,141.49739074707
2020-08-03,-0.00504723860967804,140.785018920898
2020-08-04,0.00948687064755305,142.126983642578
2020-08-05,-0.00878078397693294,140.884460449219
2020-08-06,0.0055700726917971,141.67138671875
2020-08-07,-0.00668821035828326,140.727020263672
2020-08-10,-0.0044837880931663,140.097442626953
2020-08-11,-0.0119559434585508,138.432418823242
2020-08-12,-0.00913754282754553,137.173248291016
2020-08-13,-0.0107466701328782,135.706985473633
2020-08-14,-0.00391423928451573,135.176834106445
2020-08-17,0.00250933663485942,135.516464233398
2020-08-18,0.00712605467421579,136.485610961914
2020-08-19,-0.00627068106973905,135.632431030273
2020-08-20,0.00899873543277163,136.858459472656
2020-08-21,0.00597432076362736,137.67854309082
2020-08-24,-0.00162574292739137,137.454895019531
2020-08-25,-0.0076833191831156,136.40283203125
2020-08-26,-0.00383314173718752,135.880981445312
2020-08-27,-0.0171557968527551,133.569717407227
2020-08-28,-0.000744197221917098,133.470352172852
2020-08-31,0.00661886655702748,134.356704711914
2020-09-01,0.0113728685302483,135.893447875977
2020-09-02,0.00947538281542482,137.187210083008
2020-09-03,0.00283724022026544,137.576995849609
2020-09-04,-0.0191712112617033,134.964599609375
2020-09-08,0.00612622223450199,135.793960571289
2020-09-09,-0.00269110443896903,135.429016113281
2020-09-10,0.00506933547446753,136.117294311523
2020-09-11,0.00213088459564581,136.407653808594
2020-09-14,-0.0000606308675505929,136.399383544922
2020-09-15,-0.0024355432044425,136.067581176758
2020-09-16,-0.00299078952629728,135.661239624023
2020-09-17,0.00305168037285775,136.075866699219
2020-09-18,-0.00311309478042698,135.652908325195
2020-09-21,0.00506166127869623,136.341278076172
2020-09-22,-0.000791224270720647,136.233444213867
2020-09-23,0.00133823262481059,136.415878295898
2020-09-24,0.00382293178024451,136.938385009766
2020-09-25,0,136.938385009766
2020-09-28,-0.00285049053865105,136.548599243164
2020-09-29,0.00115378427699309,136.706237792969
2020-09-30,-0.00963182452624878,135.39582824707
2020-10-01,0.00164830871202515,135.619186401367
2020-10-02,-0.00374081212698663,135.112808227539
2020-10-05,-0.0197327531412164,132.472793579102
2020-10-06,0.00537431583221704,133.186660766602
2020-10-07,-0.00731890411308367,132.215438842773
2020-10-08,0.00538509308337876,132.929351806641
2020-10-09,-0.000187008296584246,132.904495239258
2020-10-12,0.00318068912427982,133.327896118164
2020-10-13,0.00713477487589032,134.282562255859
2020-10-14,0.00228491233332484,134.589736938477
2020-10-15,-0.00172849788177576,134.357299804688
2020-10-16,-0.00278426232228757,133.983734130859
2020-10-19,-0.00378656034566127,133.477355957031
2020-10-20,-0.00956238644341756,132.207077026367
2020-10-21,-0.00345898609767126,131.750564575195
2020-10-22,-0.0104517881533308,130.380706787109
2020-10-23,0.00609377221157281,131.177642822266
2020-10-26,0.00926038892370684,132.398040771484
2020-10-27,0.00668706348468362,133.286361694336
2020-10-28,0.000933616548943306,133.410858154297
2020-10-29,-0.00975518482222881,132.115737915039
2020-10-30,-0.00991357389269165,130.812469482422
2020-11-02,0.00746136957806787,131.79216003418
2020-11-03,-0.00581777505857239,131.027648925781
2020-11-04,0.021459870032789,133.869873046875
2020-11-05,0.00173774436873053,134.10270690918
2020-11-06,-0.0121591140590782,132.482009887695
2020-11-09,-0.0212383234802003,129.697982788086
2020-11-10,-0.00578430295859089,128.949935913086
2020-11-11,0.00360271959392744,129.415344238281
2020-11-12,0.0168743693882858,131.61767578125
2020-11-13,-0.00132668571513417,131.443176269531
2020-11-16,-0.00240506950408648,131.127426147461
2020-11-17,0.00650634494116797,131.983367919922
2020-11-18,0.00289268834163092,132.365707397461
2020-11-19,0.00513531578525672,133.04719543457
2020-11-20,0.00883056188990317,134.227279663086
2020-11-23,-0.00459155123220079,133.612380981445
2020-11-24,-0.0100022095583272,132.282623291016
2020-11-25,-0.00308343808578648,131.875366210938
2020-11-27,0.00965840634474446,133.155242919922
2020-11-30,-0.00124951089890768,132.988967895508
2020-12-01,-0.014854088649809,131.028137207031
2020-12-02,-0.00796813797361029,129.988235473633
2020-12-03,0.0080314871023246,131.036437988281
2020-12-04,-0.0147747507773826,129.114639282227
2020-12-07,0.0089807169005196,130.279403686523
2020-12-08,0.00471468736386349,130.895080566406
2020-12-09,-0.0033107760676172,130.462432861328
2020-12-10,0.00882482063783741,131.618835449219
2020-12-11,0.00353349099977507,132.084732055664
2020-12-14,-0.0027759328086141,131.71858215332
2020-12-15,-0.0033530393531338,131.27766418457
2020-12-16,-0.00266481690150933,130.928298950195
2020-12-17,-0.00264950123863539,130.58186340332
2020-12-18,-0.00300187908552907,130.190460205078
2020-12-21,0.0039579746819518,130.706771850586
2020-12-22,0.00514771365113553,131.38134765625
2020-12-23,-0.00693345397120204,130.473571777344
2020-12-24,0.00394975276651977,130.989929199219
2020-12-28,0.000444886180531512,131.048217773438
2020-12-29,-0.00127136236500114,130.881713867188
2020-12-30,0.00216089039365297,131.164840698242
2020-12-31,0.00145902959106081,131.356353759766
2021-01-04,-0.0012053396721754,131.198120117188
2021-01-05,-0.00745403420204749,130.22380065918
2021-01-06,-0.0207420377241077,127.550514221191
2021-01-07,-0.00885367018953342,126.426208496094
2021-01-08,-0.00323273802042312,126.018165588379
2021-01-11,-0.00165367943405492,125.809944152832
2021-01-12,-0.000795153651322877,125.709945678711
2021-01-13,0.0111996210302534,127.125762939453
2021-01-14,-0.0094113984740245,125.934944152832
2021-01-15,0.0039591845462148,126.434532165527
2021-01-19,0.00322289122572972,126.842674255371
2021-01-20,0.000983725622849541,126.967514038086
2021-01-21,-0.00704281727207956,126.076446533203
2021-01-22,0.00323178891419218,126.484558105469
2021-01-25,0.0117167169682828,127.975257873535
2021-01-26,-0.00188911190970398,127.733726501465
2021-01-27,0.00253925330363813,128.058486938477
2021-01-28,-0.00554304671569827,127.350616455078
2021-01-29,-0.00603418870710204,126.58447265625
2021-02-01,0.00115864450666248,126.731224060059
2021-02-02,-0.00646814014220976,125.914154052734
2021-02-03,-0.00891318668806917,124.796844482422
2021-02-04,-0.00267558241716781,124.463386535645
2021-02-05,-0.00840921992680776,123.42113494873
2021-02-08,0.00438191399528876,123.96314239502
2021-02-09,0.000739443939760775,124.054840087891
2021-02-10,0.00663154369626451,124.880249023438
2021-02-11,-0.00548976849552307,124.196563720703
2021-02-12,-0.0124970043401298,122.654136657715
2021-02-16,-0.0153438549390383,120.786514282227
2021-02-17,0.00633039534782576,121.553565979004
2021-02-18,-0.00405483990730637,121.061683654785
2021-02-19,-0.0133813364008297,119.452507019043
2021-02-22,-0.00763744015862766,118.543670654297
2021-02-23,-0.00288739940486593,118.201881408691
2021-02-24,-0.00658175443838438,117.426460266113
2021-02-25,-0.0164653805228987,115.508819580078
2021-02-26,0.0325240265812603,119.327392578125
2021-03-01,-0.0132953236540878,117.751396179199
2021-03-02,0.0000706860005372789,117.759719848633
2021-03-03,-0.0109049825716028,116.482528686523
2021-03-04,-0.00647023142853698,115.731292724609
2021-03-05,0.00194574526557467,115.956695556641
2021-03-08,-0.00780520346935987,115.055152893066
2021-03-09,0.0137625489247721,116.649551391602
2021-03-10,0.00200159402386557,116.883270263672
2021-03-11,-0.00723920162666936,116.040184020996
2021-03-12,-0.0214503210959593,113.577590942383
2021-03-15,0.00586260457089693,114.245407104492
2021-03-16,-0.00402696317370488,113.786270141602
2021-03-17,-0.00751080615528466,112.934844970703
2021-03-18,-0.0101782249578619,111.791198730469
2021-03-19,0.00617904708018102,112.484100341797
2021-03-22,0.0111431520508409,113.744537353516
2021-03-23,0.00898656322905556,114.77131652832
2021-03-24,0.00536776233114633,115.389038085938
2021-03-25,-0.00791652525727837,114.479164123535
2021-03-26,-0.00350616972555251,114.078483581543
2021-03-29,-0.00852471538197452,113.110130310059
2021-03-30,0.00522578271013607,113.702766418457
2021-03-31,-0.00559487538893588,113.068389892578
2021-04-01,0.0164612263782713,114.945037841797
2021-04-05,-0.00437292634526898,114.443489074707
2021-04-06,0.00676981373503338,115.220878601074
2021-04-07,-0.00698943291599097,114.418357849121
2021-04-08,0.00822160390079052,115.362937927246
2021-04-09,-0.00362905837456395,114.945037841797
2021-04-12,-0.000436771782204914,114.894844055176
2021-04-13,0.00746580438260036,115.755836486816
2021-04-14,-0.00318254978542321,115.388023376465
2021-04-15,0.0165961573360978,117.319000244141
2021-04-16,-0.00779679644648912,116.407844543457
2021-04-19,-0.00287662984176862,116.073463439941
2021-04-20,0.00459852633835656,116.608459472656
2021-04-21,0.00200510641338436,116.842506408691
2021-04-22,0.00435445957764369,117.352401733398
2021-04-23,-0.00235323524031017,117.076568603516
2021-04-26,-0.00142945669780659,116.909332275391
2021-04-27,-0.00876052814035955,115.889617919922
2021-04-28,0.000648510886075648,115.964797973633
2021-04-29,-0.00295975564740836,115.622077941895
2021-04-30,0.00231124476133271,115.889617919922
2021-05-03,0.00059896933130954,115.959053039551
2021-05-04,0.00676325438748915,116.745971679688
2021-05-05,0.00164769349466631,116.938491821289
2021-05-06,0.00164556928606086,117.131080627441
2021-05-07,-0.00494406840062833,116.553405761719
2021-05-10,-0.0101785578217468,115.373077392578
2021-05-11,-0.00567590965675979,114.720085144043
2021-05-12,-0.0105629604813471,113.514678955078
2021-05-13,0.00154740257388575,113.690467834473
2021-05-14,0.00930766922502801,114.753601074219
2021-05-17,-0.00211786064766883,114.51082611084
2021-05-18,-0.00256191591983512,114.217834472656
2021-05-19,-0.00242191253295143,113.941543579102
2021-05-20,0.00819536762661865,114.879173278809
2021-05-21,0.00320112579875342,115.247505187988
2021-05-24,0.00369751386644346,115.674423217773
2021-05-25,0.00922084358948094,116.745971679688
2021-05-26,-0.00172241962750075,116.545059204102
2021-05-27,-0.00403048835686359,116.076271057129
2021-05-28,-0.00158851263198034,115.892028808594
2021-06-01,-0.000223919421020291,115.866081237793
2021-06-02,0.00231262410379163,116.134346008301
2021-06-03,-0.00376038859019889,115.698455810547
2021-06-04,0.0136013346237371,117.282859802246
2021-06-07,-0.00307814313598698,116.922401428223
2021-06-08,0.00700245466575034,117.744018554688
2021-06-09,0.00878964450607533,118.783508300781
2021-06-10,0.00598123197025036,119.496109008789
2021-06-11,-0.00161514871368329,119.303260803223
2021-06-14,-0.00768891827671592,118.389465332031
2021-06-15,-0.00120465293491812,118.246932983398
2021-06-16,-0.000851005100973801,118.146347045898
2021-06-17,0.0148610531996951,119.915237426758
2021-06-18,0.0186312991080673,122.170356750488
2021-06-21,-0.0168848404799578,120.124847412109
2021-06-22,0.00243963774547762,120.418266296387
2021-06-23,-0.0025791202858052,120.108093261719
2021-06-24,0.00160408076199392,120.300910949707
2021-06-25,-0.0104378571151713,119.0517578125
2021-06-28,0.010228361362687,120.27571105957
2021-06-29,0.00167138212349105,120.476905822754
2021-06-30,0.00444406126962971,121.01350402832
2021-07-01,0.0000553526902713486,121.020202636719
2021-07-02,0.00601646487115559,121.750511169434
2021-07-06,0.0116524886751446,123.177505493164
2021-07-07,0.00882013443604102,124.268753051758
2021-07-08,0.00391046770898651,124.755653381348
2021-07-09,-0.0141627715521446,123.001220703125
2021-07-12,-0.00129757758035609,122.841720581055
2021-07-13,-0.00768307318137218,121.90153503418
2021-07-14,0.0112985158950014,123.286651611328
2021-07-15,0.0109697667698709,124.646522521973
2021-07-16,-0.00188754502460409,124.411468505859
2021-07-19,0.0216911696545852,127.139579772949
2021-07-20,-0.00968602685300635,125.914047241211
2021-07-21,-0.0127478668230294,124.31909942627
2021-07-22,0.00940900730323069,125.494338989258
2021-07-23,-0.00671141145733234,124.654914855957
2021-07-26,-0.00296759649538014,124.285537719727
2021-07-27,0.0106147480679217,125.611824035645
2021-07-28,0.0000668094242595174,125.620216369629
2021-07-29,-0.00556189328633128,124.923469543457
2021-07-30,0.00469320478386503,125.511138916016
2021-08-02,0.00887961528682446,126.630592346191
2021-08-03,0.000530353727640431,126.697769165039
2021-08-04,0.00205496946776673,126.958396911621
2021-08-05,-0.00511084327126721,126.311187744141
2021-08-06,-0.016841762802227,124.201698303223
2021-08-09,-0.00359264220787203,123.756286621094
2021-08-10,-0.00462891242011754,123.184753417969
2021-08-11,-0.000614269870383488,123.109107971191
2021-08-12,-0.00163971387246509,122.907409667969
2021-08-13,0.0156722887787346,124.848823547363
2021-08-16,0.00242059230137937,125.151397705078
2021-08-17,-0.00040297455394267,125.100975036621
2021-08-18,0.00335353451990628,125.521209716797
2021-08-19,0.00733763025520506,126.445625305176
2021-08-20,0.000664937876877048,126.529731750488
2021-08-23,-0.000664937876877048,126.445625305176
2021-08-24,-0.00780685360798561,125.462326049805
2021-08-25,-0.00834082002803704,124.420219421387
2021-08-26,0.00276554814817853,124.764785766602
2021-08-27,0.00678071620921905,125.613655090332
2021-08-30,0.00260555971728582,125.941375732422
2021-08-31,-0.00682979814767837,125.08415222168
2021-09-01,0.00167355763461696,125.293663024902
2021-09-02,0.00435664243906686,125.840713500977
2021-09-03,-0.00913614123733364,124.696250915527
2021-09-07,-0.00847212001912201,123.644271850586
2021-09-08,0.00678367358141507,124.485885620117
2021-09-09,0.0120274389869302,125.992172241211
2021-09-10,-0.00885589547244603,124.881324768066
2021-09-13,0.0060465228824329,125.638710021973
2021-09-14,0.0120509369555073,127.161933898926
2021-09-15,-0.0035143402315807,126.715827941895
2021-09-16,-0.00459271304933218,126.135192871094
2021-09-17,-0.0048148145837752,125.529335021973
2021-09-20,0.0123253150936984,127.086097717285
2021-09-21,-0.000861067662325077,126.976715087891
2021-09-22,0.00594685910387049,127.734077453613
2021-09-23,-0.0228558500884386,124.847717285156
2021-09-24,-0.00982151582782098,123.62752532959
2021-09-27,-0.0036825069130737,123.17310333252
2021-09-28,-0.0157001891233621,121.254364013672
2021-09-29,0.00173384553070299,121.464782714844
2021-09-30,-0.000138509118848162,121.447959899902
2021-10-01,0.00838037914551659,122.470016479492
2021-10-04,-0.00254878534313896,122.158264160156
2021-10-05,-0.00970309082796383,120.97868347168
2021-10-06,0.00562484346428604,121.661087036133
2021-10-07,-0.0105121151571721,120.388870239258
2021-10-08,-0.0070238318700433,119.546241760254
2021-10-11,-0.00254069252288236,119.242897033691
2021-10-12,0.0169558919703103,121.282005310059
2021-10-13,0.00967912771661261,122.461608886719
2021-10-14,0.00370876599478276,122.916633605957
2021-10-15,-0.00584408170769724,122.200393676758
2021-10-18,0.00467779558153936,122.773361206055
2021-10-19,-0.0138908960316426,121.079719543457
2021-10-20,-0.00677278362472755,120.26244354248
2021-10-21,-0.00119172381247967,120.119209289551
2021-10-22,0.0109524473011842,121.442039489746
2021-10-25,-0.00152720733844536,121.256713867188
2021-10-26,0.00823504943346975,122.259391784668
2021-10-27,0.0180308434585816,124.483825683594
2021-10-28,-0.00339026089929462,124.062507629395
2021-10-29,0.00305164734080243,124.441680908203
2021-11-01,-0.00722611277371232,123.545692443848
2021-11-02,0.00442908950361431,124.094100952148
2021-11-03,-0.010387442388593,122.811752319336
2021-11-04,0.0104554377519008,124.1025390625
2021-11-05,0.0148447287902487,125.958549499512
2021-11-08,-0.00187721070885871,125.722320556641
2021-11-09,0.0129343892325595,127.359024047852
2021-11-10,-0.0184521499757633,125.03052520752
2021-11-11,-0.00148578705959856,124.84489440918
2021-11-12,-0.00440184265928067,124.29655456543
2021-11-15,-0.0126360635824874,122.735816955566
2021-11-16,-0.00254637456483575,122.423683166504
2021-11-17,0.00789295448666749,123.39379119873
2021-11-18,0.00375367258686055,123.857841491699
2021-11-19,0.0105026726449413,125.165534973145
2021-11-22,-0.0117971912349137,123.697608947754
2021-11-23,-0.0145652381990278,121.908981323242
2021-11-24,0.0159282514121069,123.866325378418
2021-11-26,0.0249545666467128,126.996246337891
2021-11-29,-0.00807013060098871,125.975494384766
2021-11-30,0.0150877687968132,127.890594482422
2021-12-01,0.00614968308349439,128.679504394531
2021-12-02,0.00124597140430804,128.839935302734
2021-12-03,0.0118619976165935,130.377334594727
2021-12-06,-0.0138308555021514,128.586517333984
2021-12-07,-0.00811227797597525,127.547607421875
2021-12-08,-0.017435871142653,125.342979431152
2021-12-09,0.005577953221791,126.044090270996
2021-12-10,-0.00241562391473327,125.73998260498
2021-12-13,0.0146710601234865,127.598320007324
2021-12-14,-0.00238628479637004,127.29419708252
2021-12-15,-0.00966803187858378,126.069442749023
2021-12-16,0.000388748703911368,126.118461608887
2021-12-17,0.0112676907867648,127.547561645508
2021-12-20,-0.0075201088673138,126.591987609863
2021-12-21,-0.00381479287388142,126.109985351562
2021-12-22,0.00461615123779602,126.693473815918
2021-12-23,-0.00871474434210295,125.594169616699
2021-12-27,0.0024210914122369,125.898612976074
2021-12-28,-0.00397102157747753,125.399658203125
2021-12-29,-0.0109845319839321,124.029739379883
2021-12-30,0.00835104854292013,125.069854736328
2021-12-31,0.00195871574299566,125.315071105957
2022-01-03,-0.0266004288138202,122.025581359863
2022-01-04,-0.00416694340994894,121.518165588379
2022-01-05,-0.00544296375369768,120.858543395996
2022-01-06,0.00258591928153962,121.171478271484
2022-01-07,-0.00721439146175307,120.300445556641
2022-01-10,0.00245759096526399,120.596458435059
2022-01-11,0.00663927672367226,121.399795532227
2022-01-12,-0.00383827451253449,120.934722900391
2022-01-13,0.008841225798216,122.008674621582
2022-01-14,-0.0152248159244763,120.165184020996
2022-01-18,-0.0141745191302522,118.473915100098
2022-01-19,0.00689974801845317,119.29418182373
2022-01-20,0.00614799861861393,120.029861450195
2022-01-21,0.0118361341992319,121.458992004395
2022-01-24,-0.00824976782172904,120.46110534668
2022-01-25,-0.00161545793383411,120.266662597656
2022-01-26,-0.0121676708468588,118.812164306641
2022-01-27,0.0181963072063294,120.993896484375
2022-01-28,0.000349332427776794,121.036170959473
2022-01-31,-0.00518345998683412,120.41040802002
2022-02-01,-0.00332516249111858,120.010688781738
2022-02-02,0.00338136263943944,120.417175292969
2022-02-03,-0.0078368436740055,119.477172851562
2022-02-04,-0.0148519135573544,117.7158203125
2022-02-07,0.000647391627927263,117.792053222656
2022-02-08,-0.00670853237157054,117.004486083984
2022-02-09,0.00188007671055512,117.224670410156
2022-02-10,-0.0160198602954251,115.361709594727
2022-02-11,0.0147189059660136,117.072265625
2022-02-14,-0.0125193109365274,115.615737915039
2022-02-15,-0.0114177902132671,114.303169250488
2022-02-16,0.0059092398125804,114.980613708496
2022-02-17,0.00741105693840716,115.835906982422
2022-02-18,0.010471990064933,117.055313110352
2022-02-22,0.00260078948752085,117.360145568848
2022-02-23,-0.0138774320844339,115.742736816406
2022-02-24,0.000658555922868231,115.818984985352
2022-02-25,0.00073059882356219,115.903633117676
2022-02-28,0.021682339683526,118.444137573242
2022-03-01,0.0114952444058618,119.813537597656
2022-03-02,-0.0347803981116606,115.71800994873
2022-03-03,0.0101338167334575,116.896636962891
2022-03-04,0.0171164222822009,118.914710998535
2022-03-07,-0.00765918314265868,118.007400512695
2022-03-08,-0.0101105056617516,116.820297241211
2022-03-09,-0.00984739118149403,115.675567626953
2022-03-10,-0.0144712057664176,114.013656616211
2022-03-11,0.00334084028066872,114.395195007324
2022-03-14,-0.0236257654057983,111.724197387695
2022-03-15,-0.00174730208010843,111.529151916504
2022-03-16,0.00976016181400574,112.623023986816
2022-03-17,-0.00748172208466968,111.783554077148
2022-03-18,0.0121384742423603,113.148704528809
2022-03-21,-0.0234285193163437,110.528610229492
2022-03-22,-0.0128947756738986,109.112518310547
2022-03-23,0.0216784223213207,111.503730773926
2022-03-24,-0.00786346474981592,110.630363464355
2022-03-25,-0.0139700571848573,109.095596313477
2022-03-28,0.00851340046129678,110.028335571289
2022-03-29,0.00752395812716511,110.859306335449
2022-03-30,0.00777142412354515,111.724197387695
2022-03-31,0.00242543707570952,111.995506286621
2022-04-01,0.00379965218456668,112.421859741211
2022-04-04,-0.00697414495744475,111.64054107666
2022-04-05,-0.0228513480541492,109.11833190918
2022-04-06,-0.00812698460534378,108.235122680664
2022-04-07,-0.00756083361759696,107.419860839844
2022-04-08,-0.0108898223147449,106.256423950195
2022-04-11,-0.0159512162760933,104.574951171875
2022-04-12,-0.00138179686870465,104.430549621582
2022-04-13,0.00203082372501662,104.642845153809
2022-04-14,-0.0202489876834751,102.54524230957
2022-04-18,-0.0049814325228752,102.035690307617
2022-04-19,-0.00751898760084124,101.271362304688
2022-04-20,0.0199261266402768,103.309547424316
2022-04-21,-0.00742570651656038,102.54524230957
2022-04-22,-0.00631370667873821,101.899841308594
2022-04-25,0.00995076377346216,102.918884277344
2022-04-26,0.0100166171765741,103.954963684082
2022-04-27,-0.012908461226373,102.621688842773
2022-04-28,0.00148824248887625,102.774528503418
2022-04-29,-0.0130580718960918,101.441215515137
2022-05-02,-0.017485636917506,99.6828689575195
2022-05-03,0.00671918447141895,100.354911804199
2022-05-04,0.00549464928764642,100.907844543457
2022-05-05,-0.0277805395513893,98.1431503295898
2022-05-06,-0.0148450035337682,96.6969757080078
2022-05-09,0.0087588823798308,97.5476531982422
2022-05-10,0.00902881248397147,98.4323806762695
2022-05-11,0.0190888658899473,100.329391479492
2022-05-12,-0.00186693574070063,100.14225769043
2022-05-13,-0.0148913174659118,98.6620559692383
2022-05-16,-0.00103526914269025,98.5599670410156
2022-05-17,-0.0121570899851706,97.3690185546875
2022-05-18,0.0210935035374256,99.4446868896484
2022-05-19,0.00239225736939019,99.6828689575195
2022-05-20,0.0112860012923477,100.814262390137
2022-05-23,-0.0165911048178931,99.1554412841797
2022-05-24,0.0195404530141046,101.112037658691
2022-05-25,0.00394641453126265,101.511856079102
2022-05-26,-0.00453573968725518,101.052467346191
2022-05-27,0.00243852202507533,101.299186706543
2022-05-31,-0.0213896498831874,99.1554412841797
2022-06-01,-0.00114349952146142,99.042121887207
2022-06-02,0.000516057020157668,99.0932464599609
2022-06-03,-0.00215262686504847,98.8801651000977
2022-06-06,-0.0186153462931484,97.0565032958984
2022-06-07,0.0107419400629372,98.1046981811523
2022-06-08,-0.00889965722283215,97.2354736328125
2022-06-09,0.00332491015469571,97.5593109130859
2022-06-10,-0.00622164299970152,96.954216003418
2022-06-13,-0.0318820473167261,93.9118728637695
2022-06-14,-0.0126932064617682,92.7273635864258
2022-06-15,0.0184844912895237,94.4573211669922
2022-06-16,0.00790793588677285,95.2072448730469
2022-06-17,0.00321711196156382,95.514030456543
2022-06-21,-0.0170975141455099,93.8948593139648
2022-06-22,0.0271287351993141,96.4769744873047
2022-06-23,0.00818158115584477,97.2695465087891
2022-06-24,-0.0139391706797287,95.923095703125
2022-06-27,-0.00856576584431945,95.1049499511719
2022-06-28,0.00464896203037668,95.5481185913086
2022-06-29,0.0154878690107267,97.0394744873047
2022-06-30,0.00874322252919324,97.8916320800781
2022-07-01,0.0102141619039564,98.8966369628906
2022-07-05,0.00782667790889757,99.6737060546875
2022-07-06,-0.0169334986579788,98.0000915527344
2022-07-07,-0.00883937292009662,97.1376495361328
2022-07-08,-0.0111376431225754,96.061767578125
2022-07-11,0.0170975294569677,97.7183074951172
2022-07-12,0.00592418835737885,98.2989273071289
2022-07-13,0.0114013267349033,99.4260787963867
2022-07-14,-0.00819232104325351,98.614875793457
2022-07-15,0.00561233333381228,99.1698913574219
2022-07-18,-0.0104733244106399,98.1366729736328
2022-07-19,-0.00540900189358151,97.6072845458984
2022-07-20,0.00262115899880921,97.8634643554688
2022-07-21,0.0171286187112667,99.5541687011719
2022-07-22,0.0166712009332279,101.227767944336
2022-07-25,-0.00983321717741603,100.237251281738
2022-07-26,0.000766624337999566,100.314125061035
2022-07-27,-0.00563417994655069,99.7505264282227
2022-07-28,0.00792985005295588,100.544677734375
2022-07-29,-0.00272151686551947,100.271415710449
2022-08-01,0.0237981389464936,102.686309814453
2022-08-02,-0.0213870220691383,100.513473510742
2022-08-03,0.0156222934987058,102.096054077148
2022-08-04,-0.000335209525720082,102.061836242676
2022-08-05,-0.0240915258029037,99.6323928833008
2022-08-08,0.0160127525684555,101.240623474121
2022-08-09,-0.00389421426030179,100.847137451172
2022-08-10,-0.00655315900662501,100.188430786133
2022-08-11,-0.0235854650441238,97.8530883789062
2022-08-12,0.0100899684633067,98.8454208374023
2022-08-15,-0.000866083118576277,98.7598495483398
2022-08-16,0.00414915946804406,99.1704711914062
2022-08-17,-0.0104920766142413,98.1354064941406
2022-08-18,0.00148053996748398,98.2808074951172
2022-08-19,-0.0162334606962018,96.6982498168945
2022-08-22,-0.0033670749359036,96.3732070922852
2022-08-23,-0.00551859888294803,95.8428268432617
2022-08-24,-0.00734563027725255,95.1413803100586
2022-08-25,0.0138399378439056,96.46728515625
2022-08-26,0.00750936403748881,97.1944198608398
2022-08-29,-0.00830767946826594,96.3903045654297
2022-08-30,0.00248194402590851,96.6298370361328
2022-08-31,-0.00960687859418741,95.7059707641602
2022-09-01,-0.0184778781278458,93.9537658691406
2022-09-02,0.00564063105143031,94.485221862793
2022-09-06,-0.0250802186088066,92.1449813842773
2022-09-07,0.0156915988128654,93.6022872924805
2022-09-08,-0.0103105889105111,92.6421508789062
2022-09-09,0.00221868997840158,92.8479232788086
2022-09-12,-0.00825119893963855,92.0849685668945
2022-09-13,0.00232468242938744,92.2992858886719
2022-09-14,0.00343033948862725,92.6164474487305
2022-09-15,-0.000648263943165084,92.5564270019531
2022-09-16,-0.00837046903954253,91.7849197387695
2022-09-19,0.00233243891827239,91.9992523193359
2022-09-20,-0.0100203261028939,91.0819931030273
2022-09-21,0.016614189756571,92.6078872680664
2022-09-22,-0.025880582540621,90.2418899536133
2022-09-23,0.00407692021209716,90.6105499267578
2022-09-26,-0.0192958120398661,88.87890625
2022-09-27,-0.0266840511075692,86.5386199951172
2022-09-28,0.032933743601463,89.4361114501953
2022-09-29,-0.00518952572699227,88.9731826782227
2022-09-30,-0.0129948367778132,87.8244705200195
2022-10-03,0.0157646464945476,89.2199630737305
2022-10-04,-0.002796992637081,88.9707641601562
2022-10-05,-0.0096075774447657,88.1200637817383
2022-10-06,-0.00557373772512282,87.6302719116211
2022-10-07,-0.00975526504728297,86.7795715332031
2022-10-10,-0.015668285981608,85.4304809570312
2022-10-11,0.0044163825728214,85.8086090087891
2022-10-12,0.00489442046322175,86.229621887207
2022-10-13,-0.00961270050859664,85.4046936035156
2022-10-14,-0.00828459313038721,84.7000732421875
2022-10-17,-0.00488137164863733,84.2876281738281
2022-10-18,0.00234198665907925,84.4852600097656
2022-10-19,-0.0183732251605697,82.9471664428711
2022-10-20,-0.0172409618280174,81.5293350219727
2022-10-21,-0.0181870478144601,80.0599594116211
2022-10-24,-0.00829888699283909,79.3983001708984
2022-10-25,0.028696341327044,81.7097473144531
2022-10-26,0.0143050380440801,82.8870086669922
2022-10-27,0.0104162233683267,83.7548904418945
2022-10-28,-0.00689789721372502,83.1791458129883
2022-10-31,-0.00715345964836978,82.5862503051758
2022-11-01,0.00930249872930045,83.3580932617188
2022-11-02,-0.00434995457615273,82.9962768554688
2022-11-03,-0.00541169038117406,82.54833984375
2022-11-04,-0.016943168483591,81.161491394043
2022-11-07,-0.0100269788438165,80.3517532348633
2022-11-08,0.0108758383186309,81.2304153442383
2022-11-09,0.00328181581447851,81.4974365234375
2022-11-10,0.0377521026187289,84.6329498291016
2022-11-11,-0.00367074801297029,84.3228530883789
2022-11-14,-0.00245488418655526,84.1161041259766
2022-11-15,0.0160507840934185,85.4771270751953
2022-11-16,0.0216325351574662,87.3463592529297
2022-11-17,-0.0106081305486718,86.424674987793
2022-11-18,-0.00690105253208984,85.8303070068359
2022-11-21,0.00420618255423388,86.1920852661133
2022-11-22,0.0140918644807284,87.4152908325195
2022-11-23,0.0172914497308057,88.9399719238281
2022-11-25,-0.0033957538531455,88.6384658813477
2022-11-28,0.00281433015188526,88.8882751464844
2022-11-29,-0.0117951303229686,87.8459854125977
2022-11-30,0.00732743158758531,88.4920349121094
2022-12-01,0.0314460761610551,91.318977355957
2022-12-02,0.0124972749519827,92.4673767089844
2022-12-05,-0.0141056710644127,91.1722183227539
2022-12-06,0.0127975425994,92.3464965820312
2022-12-07,0.0232891535114756,94.5224075317383
2022-12-08,-0.0027442041781951,94.2633743286133
2022-12-09,-0.0263588071960088,91.811164855957
2022-12-12,0.00319253894685279,92.1047439575195
2022-12-13,0.00960962622514394,92.9941024780273
2022-12-14,0.00426183244887302,93.3912734985352
2022-12-15,0.0038940563901555,93.7556533813477
2022-12-16,-0.0112332449045258,92.708366394043
2022-12-19,-0.0169481016307254,91.1503753662109
2022-12-20,-0.0179165870013165,89.5318145751953
2022-12-21,0.00251032867362166,89.7568511962891
2022-12-22,-0.00019280015592571,89.7395477294922
2022-12-23,-0.0147689568339242,88.4239273071289
2022-12-27,-0.019971267631985,86.6755065917969
2022-12-28,-0.00590859108415831,86.1648864746094
2022-12-29,0.0112868883893569,87.1429290771484
2022-12-30,-0.0111868385325709,86.1735076904297
2023-01-03,0.0189044000177656,87.8180618286133
2023-01-04,0.0136067720676802,89.0211486816406
2023-01-05,0.0041720568349346,89.3933258056641
2023-01-06,0.0182294076337337,91.0378570556641
2023-01-09,0.00531023568822864,91.522575378418
2023-01-10,-0.0166884323055712,90.0078811645508
2023-01-11,0.0161205006965872,91.4706115722656
2023-01-12,0.0194913748755923,93.2709884643555
2023-01-13,-0.00941704278512034,92.3967742919922
2023-01-17,-0.00648455723452823,91.799560546875
2023-01-18,0.0239423369283687,94.0239791870117
2023-01-19,-0.00627921192787184,93.435432434082
2023-01-20,-0.0163442199189632,91.9207153320312
2023-01-23,-0.00471902778847344,91.4879608154297
2023-01-24,0.0142779243451967,92.8035888671875
2023-01-25,0.0024220165706117,93.0286331176758
2023-01-26,-0.00466294282256907,92.5958557128906
2023-01-27,-0.00252710050696514,92.3621520996094
2023-01-30,-0.00366130068122583,92.0246047973633
2023-01-31,0.00796275837119875,92.7602996826172
2023-02-01,0.0119495930981381,93.8753967285156
2023-02-02,0.00129300602563553,93.9968566894531
2023-02-03,-0.0150682894334482,92.5911026000977
2023-02-06,-0.0074314882285762,91.9055633544922
2023-02-07,-0.00805820008843838,91.1679458618164
2023-02-08,0.00474788001602811,91.6018295288086
2023-02-09,-0.00951849406391769,90.7340545654297
2023-02-10,-0.0112528880805129,89.7187576293945
2023-02-13,0.00837969201285738,90.4737319946289
2023-02-14,-0.00230470142618966,90.2654571533203
2023-02-15,-0.00936878156724941,89.4237289428711
2023-02-16,-0.0142691185701258,88.1567916870117
2023-02-17,0.00774602567010341,88.8423080444336
2023-02-21,-0.0196289261666989,87.1154327392578
2023-02-22,0.00912285869581009,87.9138107299805
2023-02-23,0.00972455101177072,88.7729034423828
2023-02-24,-0.0130863413938096,87.6187591552734
2023-02-27,0.00276923640505,87.8617324829102
2023-02-28,0.00453313047500981,88.2609252929688
2023-03-01,-0.0108014038413948,87.3127136230469
2023-03-02,-0.0089066178601005,86.5385055541992
2023-03-03,0.0239370274577935,88.6349716186523
2023-03-06,-0.0077836474556765,87.9477462768555
2023-03-07,0.00611365945011055,88.4870758056641
2023-03-08,0.000982688670425169,88.5740737915039
2023-03-09,0.00245229031240957,88.7915496826172
2023-03-10,0.0339050144383917,91.853645324707
2023-03-13,0.00227069831469962,92.0624542236328
2023-03-14,-0.016579049835272,90.5487289428711
2023-03-15,0.0191265178393607,92.2972793579102
2023-03-16,-0.00785339038957034,91.5752716064453
2023-03-17,0.0148974518222396,92.9497222900391
2023-03-20,-0.00883618839519773,92.1320190429688
2023-03-21,-0.00862925989849828,91.3404083251953
2023-03-22,0.0132449025331436,92.5582504272461
2023-03-23,0,92.5582504272461
2023-03-24,0.00422054576055242,92.9497222900391
2023-03-27,-0.0237712832831383,90.766242980957
2023-03-28,0.00181957232445296,90.9315490722656
2023-03-29,-0.00201123704493611,90.7488479614258
2023-03-30,0.00459109997041995,91.1664428710938
2023-03-31,0.0148695235595699,92.5321731567383
2023-04-03,0.00469183125632977,92.9673385620117
2023-04-04,0.00495944497155243,93.4295501708984
2023-04-05,0.0104005701782377,94.4063415527344
2023-04-06,0.00258288481739832,94.6504974365234
2023-04-10,-0.0162558298799951,93.1243133544922
2023-04-11,0.00205842567039838,93.3162002563477
2023-04-12,-0.00102880595977251,93.2202453613281
2023-04-13,-0.00788965744918446,92.487663269043
2023-04-14,-0.00918843290750004,91.6417388916016
2023-04-17,-0.0119671737493094,90.5515823364258
2023-04-18,0.0035572172556142,90.874267578125
2023-04-19,-0.000960324190121931,90.7870407104492
2023-04-20,0.00851324635806705,91.563232421875
2023-04-21,-0.00563511982968201,91.048713684082
2023-04-24,0.00962768021388261,91.9295349121094
2023-04-25,0.0145973368405397,93.2813034057617
2023-04-26,-0.0107153065415124,92.2871017456055
2023-04-27,-0.00997254954695048,91.371337890625
2023-04-28,0.0160023214582221,92.8452529907227
2023-05-01,-0.0292586413599922,90.168083190918
2023-05-02,0.0246149492612444,92.4151077270508
2023-05-03,0.00556615407051275,92.9309387207031
2023-05-04,-0.00992782408629278,92.0129013061523
2023-05-05,-0.00333132649080436,91.7068862915039
2023-05-08,-0.0141136166190625,90.4216613769531
2023-05-09,-0.00358411537445491,90.0981597900391
2023-05-10,0.00965739524732356,90.9724884033203
2023-05-11,0.0105160958002921,91.934211730957
2023-05-12,-0.00840434571979198,91.1648025512695
2023-05-15,-0.0104114823977683,90.2205657958984
2023-05-16,-0.00300882034184902,89.9495162963867
2023-05-17,-0.00292040948524619,89.6872100830078
2023-05-18,-0.0074362087812192,89.0227508544922
2023-05-19,-0.00709653352928541,88.3932342529297
2023-05-22,-0.00356715522470452,88.078483581543
2023-05-23,0.00287477986917839,88.3320541381836
2023-05-24,-0.00496130211615142,87.8948974609375
2023-05-25,-0.00249012968146811,87.6763000488281
2023-05-26,0.00804497505925461,88.3844985961914
2023-05-30,0.00994141416167071,89.2675476074219
2023-05-31,0.00867905267977065,90.0456771850586
2023-06-01,0.0039158248965796,90.3989715576172
2023-06-02,-0.011018577932429,89.4083709716797
2023-06-05,-0.00186453458303415,89.2418212890625
2023-06-06,0.00587638123586132,89.7677841186523
2023-06-07,-0.014954831085328,88.4353103637695
2023-06-08,0.0116291595162945,89.4697418212891
2023-06-09,-0.00137273593654719,89.3470077514648
2023-06-12,0.00293926087410945,89.6100082397461
2023-06-13,-0.00992988895231228,88.7245941162109
2023-06-14,0.00797162628961612,89.434700012207
2023-06-15,0.00955988278909103,90.2937850952148
2023-06-16,-0.00389096095054509,89.9431381225586
2023-06-20,0.00689607681543247,90.5655364990234
2023-06-21,0.00241683561803718,90.7846832275391
2023-06-22,-0.0121434413388481,89.6889114379883
2023-06-23,0.00992034285685062,90.5830841064453
2023-06-26,0.00106379008088542,90.6794967651367
2023-06-27,-0.00261372686973704,90.4427947998047
2023-06-28,0.00425613904127076,90.8285522460938
2023-06-29,-0.0182136314707089,89.189208984375
2023-06-30,0.0117261499802748,90.2412109375
2023-07-03,-0.00568542938346095,89.729606628418
2023-07-05,-0.0095476558545986,88.8769760131836
2023-07-06,-0.0142442431346952,87.6199645996094
2023-07-07,-0.00603741934283342,87.0925598144531
2023-07-10,0.00131131509165794,87.2068405151367
2023-07-11,0.00512717234954785,87.6551132202148
2023-07-12,0.0110698922082886,88.6308364868164
2023-07-13,0.0104578891390794,89.5625915527344
2023-07-14,-0.00590616496100704,89.0351791381836
2023-07-17,0.000493536341758194,89.0791320800781
2023-07-18,0.00452895443066392,89.4834823608398
2023-07-19,0.0112330739075119,90.4943237304688
2023-07-20,-0.0122158413515177,89.3955841064453
2023-07-21,0.000294906063122546,89.4219512939453
2023-07-24,-0.00364395220794034,89.0966949462891
2023-07-25,-0.00187586746141033,88.9297180175781
2023-07-26,0.000987827508247108,89.0176086425781
2023-07-27,-0.0196446928318252,87.2859497070312
2023-07-28,0.00512245040081627,87.7342147827148
2023-07-31,0.00240182676096978,87.9451904296875
2023-08-01,-0.0165223603936644,86.5040664672852
2023-08-02,-0.0107564626829397,85.5785751342773
2023-08-03,-0.0233420886729601,83.6041259765625
2023-08-04,0.017557245728212,85.0849456787109
2023-08-07,-0.00989025601310178,84.2475814819336
2023-08-08,0.0115464858383429,85.2259826660156
2023-08-09,0.0051578636231806,85.6667022705078
2023-08-10,-0.0165997590422631,84.2563934326172
2023-08-11,-0.00230397375624403,84.0624923706055
2023-08-14,-0.00220459512408944,83.8773727416992
2023-08-15,-0.00611335037624094,83.3661651611328
2023-08-16,-0.00785508046489536,82.7138824462891
2023-08-17,-0.00427153782605405,82.3613204956055
2023-08-18,0.00352532770039193,82.6521835327148
2023-08-21,-0.0134201987284772,81.5503845214844
2023-08-22,0.00764487443753037,82.1762161254883
2023-08-23,0.0244755632129969,84.2123413085938
2023-08-24,-0.00661613005748407,83.6570205688477
2023-08-25,0.00326113328335431,83.9302825927734
2023-08-28,0.00104945317644844,84.0184097290039
2023-08-29,0.0103324881905751,84.8910293579102
2023-08-30,-0.00103848000475804,84.8029174804688
2023-08-31,0.00445902378161911,85.1819000244141
2023-09-01,-0.0157010871875611,83.8548965454102
2023-09-05,-0.0141212177491203,82.679084777832
2023-09-06,0.00245635265737221,82.8824234008789
2023-09-07,0.00276937660430132,83.1122741699219
2023-09-08,0.0038219672538089,83.430534362793
2023-09-11,-0.00723130174401998,82.8293991088867
2023-09-12,0.00574676220384074,83.306770324707
2023-09-13,-0.000212217840714679,83.2890930175781
2023-09-14,-0.00724408784453878,82.6879196166992
2023-09-15,-0.00611271803432256,82.1840133666992
2023-09-18,0.00568505974025069,82.6525650024414
2023-09-19,-0.00740794673497724,82.0425415039062
2023-09-20,0.00312016210003829,82.2989273071289
2023-09-21,-0.026009460355402,80.1859741210938
2023-09-22,0.00801629965489958,80.8313522338867
2023-09-25,-0.0249168978841867,78.842170715332
2023-09-26,-0.00348215364591109,78.5681076049805
2023-09-27,-0.00518945585925312,78.1614379882812
2023-09-28,0.00304909826417443,78.4001235961914
2023-09-29,0.000112877349829787,78.4089736938477
2023-10-02,-0.0168818280401171,77.0963973999023
2023-10-03,-0.0217465929975864,75.4379119873047
2023-10-04,0.0140095026972009,76.502197265625
2023-10-05,-0.00499735926083478,76.1208419799805
2023-10-06,-0.0121908999910421,75.1984939575195
2023-10-09,0.0231984073758582,76.9633712768555
2023-10-10,-0.00138392262559695,76.85693359375
2023-10-11,0.0206711480543778,78.4621887207031
2023-10-12,-0.0275023906333711,76.3336944580078
2023-10-13,0.0177342917435306,77.6994934082031
2023-10-16,-0.0162252177896818,76.448974609375
2023-10-17,-0.011082287439911,75.6064224243164
2023-10-18,-0.00883620115141603,74.941291809082
2023-10-19,-0.0206857638033053,73.4069976806641
2023-10-20,0.00566210046838656,73.8238143920898
2023-10-23,0.0119417627089389,74.7106857299805
2023-10-24,0.0130906869797611,75.6951293945312
2023-10-25,-0.0225129508929562,74.0100479125977
2023-10-26,0.0152222226319241,75.145263671875
2023-10-27,-0.00425771918045292,74.8259963989258
2023-10-30,-0.00451443998303347,74.4889602661133
2023-10-31,-0.00489313230087429,74.1253662109375
2023-11-01,0.0214502778517547,75.732551574707
2023-11-02,0.0225407822738619,77.4590072631836
2023-11-03,0.00675551926047202,77.9840545654297
2023-11-06,-0.00974707462271329,77.2276306152344
2023-11-07,0.0146420718045546,78.3667221069336
2023-11-08,0.0168905626982143,79.7016220092773
2023-11-09,-0.0232701972331979,77.8683624267578
2023-11-10,0.00558441461672921,78.3044281005859
2023-11-13,-0.0022754918345278,78.1264495849609
2023-11-14,0.0224148387525016,79.8974151611328
2023-11-15,-0.0141337510940183,78.7761077880859
2023-11-16,0.0123501292581176,79.7550354003906
2023-11-17,0.00467526308871413,80.1287841796875
2023-11-20,0.00608959921147978,80.6182250976562
2023-11-21,-0.000441385537453876,80.582649230957
2023-11-22,0.00352781124028301,80.867431640625
2023-11-24,-0.0118451040272314,79.9151992797852
2023-11-27,0.0165656028473311,81.2500686645508
2023-11-28,0.00196986801685384,81.4102783203125
2023-11-29,0.0124928989233828,82.433708190918
2023-11-30,-0.0116191974354791,81.4814376831055
2023-12-01,0.0186593052517576,83.0160980224609
2023-12-04,-0.0039871364749331,82.6857604980469
2023-12-05,0.021258275115728,84.4623336791992
2023-12-06,0.0132298386183347,85.5871810913086
2023-12-07,-0.00575350705101396,85.0961685180664
2023-12-08,-0.00821648990607127,84.3998413085938
2023-12-11,-0.00211795591577157,84.2212753295898
2023-12-12,0.00296361291145431,84.4712448120117
2023-12-13,0.0231912694214547,86.4531326293945
2023-12-14,0.0256805444785702,88.7020492553711
2023-12-15,0.00111013582324482,88.8005752563477
2023-12-18,-0.00799985392782254,88.093017578125
2023-12-19,0.00537399382420833,88.5677032470703
2023-12-20,0.00675247332588924,89.1677780151367
2023-12-21,-0.00634820474721831,88.603515625
2023-12-22,-0.00455872609611951,88.2005157470703
2023-12-26,0.00283898038072472,88.4512710571289
2023-12-27,0.0175644451949681,90.0185928344727
2023-12-28,-0.00728928764351533,89.3648071289062
2023-12-29,-0.00906064387500116,88.5587615966797
2024-01-02,-0.00578153756152133,88.0482330322266
2024-01-03,0.00416214561844352,88.4154663085938
2024-01-04,-0.0153112156171069,87.0720291137695
2024-01-05,-0.00961196526860508,86.2391052246094
2024-01-08,0.00981750452601293,87.0899276733398
2024-01-09,-0.0063963813092407,86.5346450805664
2024-01-10,-0.00466832521883731,86.1316146850586
2024-01-11,0.00559971547525162,86.6152801513672
2024-01-12,-0.00196708082864561,86.445068359375
2024-01-16,-0.017769811761255,84.9225234985352
2024-01-17,-0.00158305592640673,84.7881927490234
2024-01-18,-0.00933886202737888,84.0000534057617
2024-01-19,0.00319342637942821,84.2687301635742
2024-01-22,0.00593386604776036,84.7702560424805
2024-01-23,-0.00795541481100681,84.0985488891602
2024-01-24,-0.00587435582708462,83.6059722900391
2024-01-25,0.00651336257517698,84.1523056030273
2024-01-26,-0.00191751985302879,83.991096496582
2024-01-29,0.0114500812215379,84.9583282470703
2024-01-30,0.00902560659062512,85.7285995483398
2024-01-31,0.00977230878417057,86.5704727172852
2024-02-01,0.0194262530364737,88.2686538696289
2024-02-02,-0.0223363704926864,86.3189086914062
2024-02-05,-0.0204006180406147,84.5757904052734
2024-02-06,0.00972637790739306,85.4024200439453
2024-02-07,-0.00485136369690942,84.9891052246094
2024-02-08,-0.00583122269092673,84.4949569702148
2024-02-09,-0.00202264512407879,84.3242263793945
2024-02-12,0.00117144182331508,84.4230651855469
2024-02-13,-0.0172835634107775,82.9764709472656
2024-02-14,0.00507660578088753,83.3987808227539
2024-02-15,0.00515790673857097,83.8300552368164
2024-02-16,-0.00580470278272038,83.344856262207
2024-02-20,0.000862118870974982,83.4167404174805
2024-02-21,-0.00713430134297877,82.8237380981445
2024-02-22,0.00486981257729191,83.2280578613281
2024-02-23,0.0132979130614652,84.3422088623047
2024-02-26,-0.00298747863782367,84.0906143188477
2024-02-27,-0.00707701804342253,83.4976043701172
2024-02-28,0.00632868366505868,84.0277099609375
2024-02-29,0.00703270820272994,84.620735168457
2024-03-01,0.00621170616014499,85.1480102539062
2024-03-04,-0.00403050480472711,84.8055114746094
2024-03-05,0.0141408459184804,86.0132522583008
2024-03-06,0.00585134281256394,86.5180206298828
2024-03-07,-0.000937910214210191,86.4369125366211
2024-03-08,-0.00177447363631522,86.2836685180664
2024-03-11,-0.00052226963734725,86.2386169433594
2024-03-12,-0.00839656888837581,85.5175399780273
2024-03-13,-0.00485996772892872,85.1029357910156
2024-03-14,-0.0154759236820112,83.796028137207
2024-03-15,-0.000323087686604495,83.7689590454102
2024-03-18,-0.00301690584151526,83.5166168212891
2024-03-19,0.00280221517901058,83.7509765625
2024-03-20,-0.000323170385353677,83.7239151000977
2024-03-21,0.00215061989880461,83.904167175293
2024-03-22,0.00951567538054654,84.7063827514648
2024-03-25,-0.00501397432438733,84.2827301025391
2024-03-26,0.00277659839017197,84.5170745849609
2024-03-27,0.00986906448140346,85.3553085327148
2024-03-28,-0.000845214177339848,85.2831954956055
2024-04-01,-0.0188167916644293,83.6934432983398
2024-04-02,-0.00552578903557155,83.2322463989258
2024-04-03,-0.000217633842463094,83.2141342163086
2024-04-04,0.00714701229955228,83.8109970092773
2024-04-05,-0.014016681392131,82.6444396972656
2024-04-08,-0.00010949263285287,82.6353912353516
2024-04-09,0.0092590309906937,83.4040679931641
2024-04-10,-0.0220344681984814,81.5864028930664
2024-04-11,-0.00455481180467565,81.2156372070312
2024-04-12,0.00533029542008467,81.6496963500977
2024-04-15,-0.0156269968918208,80.383674621582
2024-04-16,-0.00665933711515976,79.8501510620117
2024-04-17,0.0110371536339162,80.7363510131836
2024-04-18,-0.00505306028775099,80.3294143676758
2024-04-19,0.0035959796434355,80.6187973022461
2024-04-22,-0.00168412992799105,80.4831390380859
2024-04-23,0.000337128775910855,80.5102767944336
2024-04-24,-0.00710120115710389,79.9405822753906
2024-04-25,-0.00703866609309056,79.3798828125
2024-04-26,0.00522665598272809,79.7958602905273
2024-04-29,0.00835129842102056,80.4650497436523
2024-04-30,-0.00857754060247906,79.7778091430664
2024-05-01,0.00734369435413473,80.3658294677734
2024-05-02,0.00428180576901571,80.7106781005859
2024-05-03,0.010068333765064,81.5274047851562
2024-05-06,0.00388829040553684,81.8450241088867
2024-05-07,0.00607949634540805,82.3441162109375
2024-05-08,-0.00607949634540805,81.8450241088867
2024-05-09,0.00486686570460737,82.2443237304688
2024-05-10,-0.00564329656405516,81.7815017700195
2024-05-13,0.00254860361736942,81.9901962280273
2024-05-14,0.00562915776256467,82.4530334472656
2024-05-15,0.0135549004616662,83.5782852172852
2024-05-16,-0.000977494642271814,83.4966278076172
2024-05-17,-0.00676124956193735,82.9339904785156
2024-05-20,-0.00295874653790484,82.6889724731445
2024-05-21,0.0051447906311699,83.1154861450195
2024-05-22,0.00120020330618598,83.2153015136719
2024-05-23,-0.00645488898031932,82.6798858642578
2024-05-24,0.00295916323037826,82.9249114990234
2024-05-28,-0.0144394820860096,81.7361221313477
2024-05-29,-0.012175583327469,80.7469711303711
2024-05-30,0.00961876658048855,81.5274047851562
2024-05-31,0.0067669896428999,82.0809707641602
2024-06-03,0.0160449369865763,83.408576965332
2024-06-04,0.0116136770794206,84.3829040527344
2024-06-05,0.0073111170536837,85.0020980834961
2024-06-06,-0.00150093803103601,84.8746109008789
2024-06-07,-0.0185161486029291,83.3175201416016
2024-06-10,-0.00668880746884959,82.7620849609375
2024-06-11,0.0102888997277688,83.6180114746094
2024-06-12,0.00748588428658437,84.2463150024414
2024-06-13,0.0145922619764152,85.4846725463867
2024-06-14,0.00837987052539635,86.2040328979492
2024-06-17,-0.00997869941591389,85.3481063842773
2024-06-18,0.0091334839348276,86.1312026977539
2024-06-20,-0.00668251478891868,85.5575485229492
2024-06-21,0,85.5575485229492
2024-06-24,0.00403591421784455,85.9035491943359
2024-06-25,0.00169472329339992,86.0492553710938
2024-06-26,-0.0143889584674106,84.8199615478516
2024-06-27,0.00396397140275795,85.156852722168
2024-06-28,-0.0187804292330194,83.5724945068359
2024-07-01,-0.0174096422626846,82.1301193237305
2024-07-02,0.00775529515866147,82.7695388793945
2024-07-03,0.0130477934009816,83.856575012207
2024-07-05,0.00824468692506564,84.5508041381836
2024-07-08,0.00215869296776461,84.7335205078125
2024-07-09,-0.00443012549820487,84.3589706420898
2024-07-10,0.00313541489865887,84.6238861083984
2024-07-11,0.00966819757501369,85.4460144042969
2024-07-12,0.00426711469008723,85.8114013671875
2024-07-15,-0.0115633149539498,84.8248519897461
2024-07-16,0.0140086062805436,86.0214920043945
2024-07-17,0.000212394124655901,86.0397644042969
2024-07-18,-0.00767359062696293,85.3820571899414
2024-07-19,-0.00590173818971707,84.879638671875
2024-07-22,-0.00290975737565624,84.6330184936523
2024-07-23,-0.00140402975207277,84.514274597168
2024-07-24,-0.0108673660737439,83.6007995605469
2024-07-25,0.00816155370045468,84.2859039306641
2024-07-26,0.00777264091493013,84.9435806274414
2024-07-29,0.00536268137124996,85.4003295898438
2024-07-30,0.00384346836218974,85.7291946411133
2024-07-31,0.0101769344393485,86.6061096191406
2024-08-01,0.00858785469096457,87.3530731201172
2024-08-02,0.0306858450154825,90.0751266479492
2024-08-05,0.00527719707930352,90.5517272949219
2024-08-06,-0.0226227137874799,88.5261993408203
2024-08-07,-0.00706452674654034,87.9030075073242
2024-08-08,-0.00617099936695098,87.3622283935547
2024-08-09,0.00981332312563676,88.223762512207
2024-08-12,0.00362936386090418,88.5445404052734
2024-08-13,0.00691101224601987,89.1585922241211
2024-08-14,0.00625106799021236,89.7176742553711
2024-08-15,-0.00810282758340186,88.9936447143555
2024-08-16,0.00349534050634404,89.3052520751953
2024-08-19,0.00460748707705783,89.7176742553711
2024-08-20,0.00793671866298862,90.4325714111328
2024-08-21,0.000607837820229662,90.4875564575195
2024-08-22,-0.0099756608744821,89.5893707275391
2024-08-23,0.00652606911674081,90.1759490966797
2024-08-26,-0.0025442799436437,89.9468078613281
2024-08-27,-0.00173372019699869,89.7910003662109
2024-08-28,-0.00122573983660779,89.6810073852539
2024-08-29,-0.00327563402216313,89.3877258300781
2024-08-30,-0.0107204177077254,88.4345703125
2024-09-03,0.0162228125011197,89.8809280395508
2024-09-04,0.0128077606649208,91.0395050048828
2024-09-05,0.00564002148388809,91.5544204711914
2024-09-06,-0.000100419859266232,91.5452270507812
2024-09-09,0.00430963764304781,91.9406051635742
2024-09-10,0.00697636584602623,92.5842590332031
2024-09-11,-0.000794946120438844,92.5106887817383
2024-09-12,-0.00468223359060804,92.0785446166992
2024-09-13,0.00269255364224374,92.3268051147461
2024-09-16,0.00912081022199462,93.1727523803711
2024-09-17,-0.0048476595838105,92.7221755981445
2024-09-18,-0.01247338204311,91.5727996826172
2024-09-19,-0.00331885847897073,91.2693862915039
2024-09-20,-0.00383594704199552,90.9199523925781
2024-09-23,-0.00212593635766822,90.7268676757812
2024-09-24,-0.000202597904616297,90.7084884643555
2024-09-25,-0.00834705797695623,89.9544906616211
2024-09-26,0.00234819835112532,90.1659698486328
2024-09-27,0.00518763641272191,90.6349334716797
2024-09-30,-0.00477979062505618,90.202751159668
2024-10-01,0.00719402219562681,90.8540115356445
2024-10-02,-0.00846277311774379,90.08837890625
2024-10-03,-0.00946516494883198,89.2397003173828
2024-10-04,-0.012377313243519,88.141960144043
2024-10-07,-0.00756366884612714,87.4777984619141
2024-10-08,0.00168566947574877,87.6253814697266
2024-10-09,-0.00570126006129268,87.1272277832031
2024-10-10,-0.00392478779997241,86.7859420776367
2024-10-11,-0.00404757942822886,86.4353790283203
2024-10-14,0.000746989642791185,86.4999694824219
2024-10-15,0.0120840709522785,87.5515823364258
2024-10-16,0.00420566540373901,87.9205703735352
2024-10-17,-0.0159697938653318,86.5276489257812
2024-10-18,0.000745840949051946,86.5922088623047
2024-10-21,-0.017625096273699,85.0793838500977
2024-10-22,0.000974906914546381,85.1623687744141
2024-10-23,-0.00271124346438256,84.9317855834961
2024-10-24,0.00638764504511702,85.4760360717773
2024-10-25,-0.0056279746336898,84.9963302612305
2024-10-28,-0.00271699704916717,84.7657089233398
2024-10-29,0.00152254634655513,84.8948669433594
2024-10-30,0.00292982827638255,85.1439590454102
2024-10-31,0.00162332487334016,85.2822875976562
2024-11-01,-0.0141984899605418,84.079963684082
2024-11-04,0.0154027078274499,85.3850479125977
2024-11-05,0.00529769926955215,85.8385925292969
2024-11-06,-0.0277705571523565,83.4876022338867
2024-11-07,0.0124499493576682,84.5335159301758
2024-11-08,0.0126213942032969,85.6072082519531
2024-11-11,-0.00487752242056239,85.190673828125
2024-11-12,-0.0151070297303297,83.9133682250977
2024-11-13,-0.00953113163778152,83.1173782348633
2024-11-14,0.00577363546146969,83.5986557006836
2024-11-15,-0.00266045135091364,83.3765411376953
2024-11-18,0.00177463357970442,83.5246353149414
2024-11-19,0.00508445087714904,83.9503936767578
2024-11-20,-0.00320236415171138,83.6819839477539
2024-11-21,-0.000774800199375036,83.6171722412109
2024-11-22,0.000553320608124075,83.6634521484375
2024-11-25,0.0255585655592556,85.8293304443359
2024-11-26,-0.00388983927346676,85.4961166381836
2024-11-27,0.0069048927605655,86.0885009765625
2024-11-29,0.0102683637811998,86.9770431518555
2024-12-02,0.00240004628980639,87.1860427856445
2024-12-03,-0.00866651748299585,86.433708190918
2024-12-04,0.010688510242332,87.3625106811523
2024-12-05,0.00201791255337636,87.5389785766602
2024-12-06,0.00148409386077919,87.6689910888672
2024-12-09,-0.00925981963400258,86.8609390258789
2024-12-10,-0.0047158739850035,86.452278137207
2024-12-11,-0.00949917356707353,85.6349411010742
2024-12-12,-0.0122220907143351,84.5946731567383
2024-12-13,-0.0102629890499868,83.7309188842773
2024-12-16,0.00299057269722969,83.9816970825195
2024-12-17,0.0024298085135257,84.1860046386719
2024-12-18,-0.0125828798621725,83.1333389282227
2024-12-19,-0.0152572430251894,81.8745803833008
2024-12-20,0.00567803931713318,82.3407897949219
2024-12-23,-0.0092147453570508,81.5855255126953
2024-12-24,0.00421997662697038,81.9305419921875
2024-12-26,-0.000569406316866861,81.883903503418
2024-12-27,-0.0082323926356267,81.2125701904297
2024-12-30,0.00800455793416699,81.8652496337891
2024-12-31,-0.00536738000555559,81.4270248413086
2025-01-02,0.00274452430334371,81.6508102416992
2025-01-03,-0.00320242826210126,81.3897476196289
2025-01-06,-0.00447808166620778,81.0260925292969
2025-01-07,-0.0113412025392154,80.1123504638672
2025-01-08,0.00127912233114014,80.2148895263672
2025-01-10,-0.0066474487099919,79.6834335327148
2025-01-13,-0.000351067580378839,79.6554641723633
2025-01-14,-0.00164023477814101,79.5249176025391
2025-01-15,0.0170884592208447,80.8955535888672
2025-01-16,0.00322214855228342,81.1566314697266
2025-01-17,0.00172187632712895,81.2964935302734
2025-01-21,0.00890623662392809,82.0237731933594
2025-01-22,-0.0052427112510518,81.5948715209961
2025-01-23,-0.00780075654963319,80.9608459472656
2025-01-24,0.00448121341918029,81.324462890625
2025-01-27,0.0117400605916336,82.2848434448242
2025-01-28,-0.000679863652777613,82.2289199829102
2025-01-29,-0.00204348431846757,82.0610580444336
2025-01-30,0.00374264808238323,82.3687591552734
2025-01-31,-0.00658726885232408,81.8279571533203
2025-02-03,0.00810932570789635,82.4942245483398
2025-02-04,0.00305783469590626,82.7468643188477
2025-02-05,0.0163753632856753,84.1130294799805
2025-02-06,-0.000445274719989897,84.0755844116211
2025-02-07,-0.00647594099918791,83.5328750610352
2025-02-10,-0.00302920130286477,83.2802200317383
2025-02-11,-0.00642494626363277,82.7468643188477
2025-02-12,-0.0136630574185421,81.6239776611328
2025-02-13,0.016485970764494,82.9807815551758
2025-02-14,0.00528607557362193,83.4205856323242
2025-02-18,-0.0118479225998822,82.4380569458008
2025-02-19,0.00124805002628126,82.5410079956055
2025-02-20,0.00373400265009227,82.8497924804688
2025-02-21,0.0120123323755221,83.8510131835938
2025-02-24,0.00289748078631202,84.0943222045898
2025-02-25,0.0170999121665298,85.5446929931641
2025-02-26,0.00588959368668007,86.0500030517578
2025-02-27,-0.00709361661754127,85.4417572021484
2025-02-28,0.0121913641950648,86.4897842407227
2025-03-03,0.00465597408652307,86.8934173583984
2025-03-04,-0.0123914441478004,85.8233261108398
2025-03-05,-0.00801637476807571,85.1380844116211
2025-03-06,-0.00331297136374609,84.8564910888672
2025-03-07,-0.00321321344524872,84.5842666625977
2025-03-10,0.0103777199303803,85.4666290283203
2025-03-11,-0.00716450648513156,84.8564910888672
2025-03-12,-0.00599140197711012,84.3496017456055
2025-03-13,0.00875310758489789,85.0911636352539
2025-03-14,-0.00530938364871947,84.6405792236328
2025-03-17,0.00497838857596378,85.0630035400391
2025-03-18,0.000992656726256591,85.1474838256836
2025-03-19,0.00516777663633317,85.5886459350586
2025-03-20,0.000657906104629902,85.6449737548828
2025-03-21,-0.00593607863850565,85.1380844116211
2025-03-24,-0.0103064245390838,84.2651214599609
2025-03-25,-0.000111280295303828,84.255744934082
2025-03-26,-0.00659493619396656,83.7019119262695
2025-03-27,-0.00291995183632743,83.4578628540039
2025-03-28,0.0137395467155139,84.6124496459961
2025-03-31,0.00982504832845876,85.447868347168
2025-04-01,0.00862807567429069,86.1883087158203
2025-04-02,-0.000656060308466877,86.1317825317383
2025-04-03,0.00458323271004879,86.5274505615234
2025-04-04,0.0108284235280971,87.4694976806641
2025-04-07,-0.0306202637840176,84.8317489624023
2025-04-08,-0.0190588541260377,83.2302627563477
2025-04-09,0.00586862688113854,83.7201461791992
2025-04-10,-0.0279557115733748,81.4121017456055
2025-04-11,0.00542391375860873,81.8548736572266
2025-04-14,0.00711026110673973,82.4389572143555
2025-04-15,0.00353612322376229,82.7309875488281
2025-04-16,0.00556385345445687,83.1925735473633
2025-04-17,-0.00887187684093949,82.457763671875
2025-04-21,-0.0176340931088266,81.0164413452148
2025-04-22,0.00556599276569969,81.468635559082
2025-04-23,0.00966632587634209,82.2599563598633
2025-04-24,0.010480891445046,83.1266479492188
2025-04-25,0.00733911167514645,83.7389678955078
2025-04-28,0.00627989805612383,84.2664947509766
2025-04-29,0.00834993876774348,84.9730606079102
2025-04-30,-0.00812615168464781,84.2853546142578
2025-05-01,-0.00508329896168291,83.8579940795898
2025-05-02,-0.010883162712779,82.9503021240234
2025-05-05,-0.0056011446094022,82.4869842529297
2025-05-06,0.00331874549190658,82.7611923217773
2025-05-07,0.00421826370657374,83.1110382080078
2025-05-08,-0.011211619097983,82.1844329833984
2025-05-09,0.00149432328383892,82.3073348999023
2025-05-12,-0.00934855446395488,81.5414657592773
2025-05-13,-0.00406652803810736,81.2105484008789
2025-05-14,-0.00665873741203349,80.6715850830078
2025-05-15,0.00875238232120346,81.3807525634766
2025-05-16,0.00266848106603756,81.5982055664062
2025-05-19,-0.00290110031433688,81.3618240356445
2025-05-20,-0.00723117849161437,80.7756042480469
2025-05-21,-0.0172376226428446,79.3951568603516
2025-05-22,0.00522622665928374,79.8111801147461
2025-05-23,0.00165707021188588,79.9435424804688
2025-05-27,0.013859888945321,81.0592651367188
2025-05-28,-0.00432545674491625,80.7094039916992
2025-05-29,0.00921259727947188,81.4563827514648
2025-05-30,0.00150766935517321,81.5792846679688
2025-06-02,-0.00935024870496903,80.8200531005859
2025-06-03,-0.00176286386523472,80.6777038574219
2025-06-04,0.0161029990882815,81.9873733520508
2025-06-05,0.000694233845330849,82.0443115234375
2025-06-06,-0.0128057157668007,81.000373840332
2025-06-09,0.00105399135517015,81.0857925415039
2025-06-10,0.00513663465478409,81.5033721923828
2025-06-11,0.00302290700659658,81.7501220703125
2025-06-12,0.0118862576072498,82.7276229858398
2025-06-13,-0.0096830248431381,81.9304351806641
2025-06-16,-0.0101288930472547,81.1047592163086
2025-06-17,0.0120959878109392,82.0917587280273
2025-06-18,0.00173298818473455,82.2341461181641
2025-06-20,-0.00184842309658073,82.0822830200195
2025-06-23,0.00323196895173261,82.3479995727539
2025-06-24,0.007234607009452,82.945915222168
2025-06-25,0.00125786769798886,83.0503158569336
2025-06-26,0.00501515950549258,83.4678726196289
2025-06-27,-0.0063875492999097,82.9364166259766
2025-06-30,0.00979280272366889,83.7525863647461
2025-07-01,0.0024761579308592,83.9602279663086
2025-07-02,-0.00637356643737697,83.4268035888672
2025-07-03,-0.00698921191896229,82.8457489013672
2025-07-07,-0.00958955817145668,82.0550918579102
2025-07-08,-0.00127778863036898,81.950309753418
2025-07-09,0.0104070593438648,82.8076248168945
2025-07-10,0.000690029515731716,82.8647842407227
2025-07-11,-0.0138908499106556,81.7216796875
2025-07-14,-0.00210024434251643,81.5502243041992
2025-07-15,-0.00703322076780566,80.9786758422852
2025-07-16,0.00141071991471353,81.0929946899414
2025-07-17,-0.000235044561691211,81.0739364624023
2025-07-18,0.00152614533283923,81.1977615356445
2025-07-21,0.00887650711597932,81.9217224121094
2025-07-22,0.00602846319159678,82.4170761108398
2025-07-23,-0.0055632924247595,81.9598388671875
2025-07-24,-0.00174485448352169,81.8169555664062
2025-07-25,0.00626729750795274,82.3313369750977
2025-07-28,-0.00650026202537646,81.7978973388672
2025-07-29,0.0167449433032756,83.1791305541992
2025-07-30,-0.00516656675825455,82.75048828125
2025-07-31,0.000575423886345128,82.7981185913086
2025-08-01,0.0141163224072871,83.975212097168
2025-08-04,0.00272903823333515,84.2046966552734
2025-08-05,0.00306157425461517,84.462890625
2025-08-06,-0.00579061248795032,83.975212097168
2025-08-07,-0.00170949554329969,83.8317794799805
2025-08-08,-0.00434387715261941,83.4684143066406
2025-08-11,0.00114482650917402,83.5640258789062
2025-08-12,-0.00504754657619433,83.1432952880859
2025-08-13,0.00824659721963972,83.8317794799805
2025-08-14,-0.00744180142270512,83.2102355957031
2025-08-15,-0.00715040794268695,82.6173706054688
2025-08-18,-0.00289767553316622,82.3783187866211
2025-08-19,0.00578725503617683,82.8564453125
2025-08-20,0.0021901090935863,83.0381088256836
2025-08-21,-0.00496380091739113,82.6269454956055
2025-08-22,0.0073790250714838,83.2389068603516
2025-08-25,-0.00287564006574481,82.999885559082
2025-08-26,-0.00057641597846203,82.9520568847656
2025-08-27,-0.00115327720347214,82.8564453125
2025-08-28,0.00655644725024906,83.4014739990234
2025-08-29,-0.00713386140241923,82.8086166381836
2025-09-02,-0.00746949040157396,82.1923828125
2025-09-03,0.0109177833180558,83.0946578979492
2025-09-04,0.00759500181577799,83.7281646728516
2025-09-05,0.0151318472659412,85.0047607421875
2025-09-08,0.013236406160603,86.1373977661133
2025-09-09,-0.00569927985551555,85.6478729248047
2025-09-10,0.00569927985551555,86.1373977661133
2025-09-11,0.00666372285480232,86.7133102416992
2025-09-12,-0.00432637424134885,86.3389663696289
2025-09-15,0.00233198631184095,86.5405426025391
2025-09-16,0.00210506583088588,86.7229080200195
2025-09-17,-0.00254896063140553,86.5021362304688
2025-09-18,-0.0103731532179632,85.6094741821289
2025-09-19,-0.00190788698794808,85.4462966918945
2025-09-22,-0.00360115287105689,85.1391448974609
2025-09-23,0.00696569099416866,85.7342681884766
2025-09-24,-0.00381385083896468,85.4079132080078
2025-09-25,0,85.4079132080078
2025-09-26,-0.000899499759183797,85.3311233520508
2025-09-29,0.00817790750665814,86.0318145751953
2025-09-30,-0.00290497359397346,85.7822570800781
2025-10-01,0.00257919491419756,86.003791809082
2025-10-02,0.00290758521202417,86.2542190551758
2025-10-03,-0.00190017004822529,86.0904769897461
2025-10-06,-0.00797540891951343,85.4066009521484
2025-10-07,0.00573523003180654,85.897834777832
2025-10-08,0.000784589206782371,85.9652557373047
2025-10-09,-0.000784589206782371,85.897834777832
2025-10-10,0.016018298213071,87.2848510742188
2025-10-13,-0.000552046481050006,87.2366790771484
2025-10-14,0.00319683362337919,87.5160064697266
2025-10-15,-0.00220347411971034,87.3233795166016
2025-10-16,0.00747241591420167,87.9783401489258
2025-10-17,-0.00153393437215676,87.8434906005859
2025-10-20,0.00383038988327744,88.1806106567383
2025-10-21,0.00490342451746528,88.6140594482422
2025-10-22,0.000651971328266221,88.6718521118164
2025-10-23,-0.00686694842598978,88.0650329589844
2025-10-24,0.000437404216534709,88.1035614013672
2025-10-27,0.00338310915383211,88.4021301269531
2025-10-28,0.00261166258013024,88.6333084106445
2025-10-29,-0.0101578567676368,87.7375411987305
2025-10-30,-0.00583546090105092,87.2270431518555
2025-10-31,-0.00298581683949539,86.9669876098633
2025-11-03,-0.00250424341227973,86.7494735717773
2025-11-04,0.00222628413345483,86.9428176879883
2025-11-05,-0.0109561245092973,85.9954605102539
2025-11-06,0.00895276229926356,86.7688140869141
2025-11-07,-0.00211893027615151,86.5851516723633
2025-11-10,-0.000223394833052559,86.5658111572266
2025-11-11,0.00456793809755851,86.9621429443359
2025-11-12,0.00177719357116413,87.116828918457
2025-11-13,-0.00824516651293994,86.4014892578125
2025-11-14,-0.00572248349529225,85.9084701538086
2025-11-17,0.00247256389487571,86.1211471557617
2025-11-18,-0.000336872476309757,86.0921401977539
2025-11-19,-0.00202308869621426,85.9181442260742
2025-11-20,0.00393012120207903,86.256477355957
2025-11-21,0.00302130935758083,86.5174789428711
2025-11-24,0.0056822286683138,87.0104904174805
2025-11-25,0.0025519293445555,87.2328186035156
2025-11-26,0.00442277246442035,87.6194839477539
2025-11-28,-0.00475535121503867,87.2038116455078
2025-12-01,-0.0125268902564946,86.1182327270508
2025-12-02,0.000450655011824175,86.1570510864258
2025-12-03,0.00281120714537586,86.3995971679688
2025-12-04,-0.00540427468908966,85.9339294433594
2025-12-05,-0.00463940006332564,85.5361709594727
2025-12-08,-0.00329457414746326,85.2548294067383
2025-12-09,0.00102359143707353,85.3421401977539
2025-12-10,0.0038575719199061,85.671989440918
2025-12-11,-0.0013597029961705,85.5555801391602
2025-12-12,-0.00968519963608561,84.73095703125
2025-12-15,0.000686879022483211,84.789176940918
2025-12-16,0.00547686025279326,85.2548294067383
2025-12-17,-0.000910610093304953,85.1772308349609
2025-12-18,0.00477230328328382,85.5846939086914
2025-12-19,-0.00373963724149196,85.2652359008789
2025-12-22,-0.00217247708635249,85.0802001953125
2025-12-23,0.00160126300194907,85.2165451049805
2025-12-24,0.00603875861842162,85.7327041625977
2025-12-26,-0.00329968759047183,85.4502792358398
2025-12-29,0.00375405873178014,85.7716674804688
2025-12-30,-0.00238724236861199,85.5671539306641
2025-12-31,-0.00799921585389196,84.8854141235352
2026-01-02,-0.00149256121807806,84.7588119506836
2026-01-05,0.00492855797276004,85.1775817871094
2026-01-06,-0.00206018100005423,85.0022811889648
2026-01-07,0.00582623581030806,85.4989700317383
2026-01-08,-0.00502441536498122,85.0704650878906
2026-01-09,0.00661793079478912,85.6353225708008
2026-01-12,-0.00296133319452707,85.3821029663086
2026-01-13,0.00170943547195712,85.5281829833984
2026-01-14,0.00579069193370074,86.0248870849609
2026-01-15,-0.00022653538355133,86.0054016113281
2026-01-16,-0.00579174001486837,85.5087203979492
2026-01-20,-0.0131845577426795,84.3887252807617
2026-01-21,0.00758799093321816,85.0315017700195
2026-01-22,0.00434281439454942,85.4015808105469
2026-01-23,0.00273323360220079,85.6353225708008
2026-01-26,0.00476510095172777,86.0443572998047
2026-01-27,-0.00624458213901669,85.5087203979492
2026-01-28,-0.00228065527514065,85.3139266967773
2026-01-29,0.000228371257903426,85.3334121704102
2026-01-30,-0.00560809664809181,84.8561935424805
2026-02-02,-0.002861239752038,84.6137466430664
2026-02-03,0.00242355349289092,84.8190612792969
2026-02-04,-0.00253915467507415,84.6039657592773
2026-02-05,0.0108035205324351,85.5229415893555
2026-02-06,0.000685601774819133,85.5815963745117
2026-02-09,-0.000228511423824074,85.5620422363281
2026-02-10,0.0114742170682103,86.5494537353516
2026-02-11,-0.00532319502648626,86.089958190918
2026-02-12,0.0131990400506865,87.2337951660156
2026-02-13,0.00547636311023325,87.7128295898438
2026-02-17,0.00167047561871136,87.8594741821289
2026-02-18,-0.00379037290286455,87.5270843505859
2026-02-19,0.00100478166172024,87.6150741577148
2026-02-20,-0.00234594656520937,87.4097747802734
2026-02-23,0.00368397095665163,87.7323837280273
2026-02-24,0.00178131001416926,87.888801574707
2026-02-25,0.000111280839099059,87.8985824584961
2026-02-26,0.00399589672733036,88.2505187988281
2026-02-27,0.006074445795206,88.7882232666016
2026-03-02,-0.0100929101784164,87.896598815918
2026-03-03,-0.00201073781567818,87.7200393676758
2026-03-04,-0.00313581464459922,87.4453964233398
2026-03-05,-0.00404642751505957,87.0922698974609
2026-03-06,-0.00372358354952596,86.7685775756836
2026-03-09,0.00866694950383007,87.5238647460938
2026-03-10,-0.0107037661333411,86.5920257568359
2026-03-11,-0.0129974690125882,85.4738311767578
2026-03-12,-0.00195286150553819,85.3070755004883
2026-03-13,-0.00495646976996689,84.8852996826172
2026-03-16,0.00771225962019617,85.5424880981445
2026-03-17,0.00274830528234382,85.7779083251953
2026-03-18,-0.00561920394205284,85.2972564697266
2026-03-19,0.0060764472955146,85.817138671875
2026-03-20,-0.0191559716379714,84.1888732910156
2026-03-23,0.00650334551178755,84.738166809082
2026-03-24,-0.00440835883388413,84.3654327392578
2026-03-25,0.00960380968728369,85.1795654296875
2026-03-26,-0.00844188209459862,84.4635162353516
2026-03-27,-0.00547300040722121,84.0025100708008
2026-03-30,0.0132238029508454,85.120719909668
2026-03-31,-0.00103773994380063,85.0324325561523
2026-04-01,-0.000984839645501445,84.94873046875
2026-04-02,0.00612531384470838,85.4706649780273
2026-04-06,-0.00161437969921341,85.3327941894531
2026-04-07,-0.000115342368016691,85.3229522705078
2026-04-08,0.00322643978128223,85.5986862182617
2026-04-09,-0.00253431697877815,85.3820266723633
2026-04-10,-0.00242502113895071,85.1752243041992
2026-04-13,0.00300164769848177,85.4312744140625
2026-04-14,0.00528862196260516,85.8842849731445
2026-04-15,-0.00436679972795595,85.5100631713867
2026-04-16,-0.00635447588900906,84.9684143066406
2026-04-17,0.00911458806707,85.7464065551758
2026-04-20,-0.000229674099159638,85.7267150878906
2026-04-21,-0.00552940540572688,85.2540054321289
2026-04-22,0.00196184637705787,85.4214248657227
2026-04-23,-0.00219275764613336,85.2343215942383
2026-04-24,0.00184678171654973,85.3918762207031
2026-04-27,-0.00497137900965772,84.9684143066406
2026-04-28,0.0010426474962868,85.0570526123047
2026-04-29,-0.00778754262134029,84.3972396850586
2026-04-30,-0.000933892156761651,84.3184585571289
2026-05-01,0.00356897238584963,84.6199264526367
2026-05-04,-0.00762158622439912,83.9774398803711
2026-05-05,0.00551682449073976,84.442008972168
2026-05-06,0.0075798135541163,85.0844955444336
2026-05-07,-0.00500785789732383,84.6594696044922
2026-05-08,0.00500785789732383,85.0844955444336
2026-05-11,-0.00605928367412023,84.5705032348633
2026-05-12,-0.0066843715349707,84.0070877075195
2026-05-13,-0.00223799890286447,83.8192901611328
2026-05-14,0.00141411778950751,83.9379043579102
2026-05-15,-0.0149486007008202,82.6924819946289
2026-05-18,-0.00119615709720922,82.5936279296875
2026-05-19,-0.0064833641552875,82.0598754882812
2026-05-20,0.0106632552736725,82.939582824707
2026-05-21,0.00368768109180539,83.2460021972656
2026-05-22,0.00544703859843487,83.70068359375
2026-05-26,0.0049475358860116,84.1158218383789
2026-05-27,0.00234748845932931,84.3135147094727
2026-05-28,0.00514485243876006,84.7484130859375
2026-05-29,0.000233315091648478,84.7681884765625
2026-06-01,0.000538433201223043,84.8138427734375
2026-06-02,0.00210371257227671,84.9924545288086
2026-06-03,-0.00397751203015861,84.6550674438477
2026-06-04,0.00222465076155398,84.8436050415039
2026-06-05,-0.00515949273512284,84.406982421875
2026-06-08,-0.00518616036210329,83.9703674316406
2026-06-09,0.00589139146655082,84.4665298461914
2026-06-10,-0.00282364170310512,84.2283630371094
2026-06-11,0.0128763675392234,85.3199310302734
2026-06-12,-0.00244552278301668,85.1115341186523
2026-06-15,-0.000583098630171364,85.0619201660156
2026-06-16,0.00546799979525758,85.5283126831055
2026-06-17,0.00162307138853279,85.6672439575195
2026-06-18,0.00485320172772497,86.0840148925781
2026-06-22,-0.00763721206029988,85.4290771484375
2026-06-23,0.00127689631003758,85.5382308959961
2026-06-24,0.0135961951633856,86.7091674804688
2026-06-25,-0.000343301382513594,86.6794052124023
2026-06-26,0.000114505562073042,86.6893310546875
2026-06-29,0.00102969671399489,86.7786407470703
2026-06-30,-0.0118481844442835,85.7565383911133
2026-07-01,-0.00678229846633904,85.1768798828125
2026-07-02,-0.000116897235773905,85.1669235229492
2026-07-06,-0.000702029102550128,85.1071548461914
2026-07-07,-0.0105881985043608,84.2107772827148
2026-07-08,-0.00224974115940491,84.0215377807617
2026-07-09,0.00153973824570119,84.151008605957
2026-07-10,-0.000236658792442945,84.1310958862305
2026-07-13,-0.0059368439389198,83.6331024169922
2026-07-14,0.00130912766808766,83.7426605224609
2026-07-15,0.00190110673566757,83.9020156860352
2026-07-16,-0.000356244859214705,83.8721313476562
2026-07-17,0.00367448702573281,84.1808853149414
2026-07-20,-0.00748168022424256,83.5534210205078
2026-07-21,-0.00274539521241657,83.324348449707
2026-07-22,-0.00263323354040956,83.105224609375
2026-07-23,-0.00324115532235147,82.8363037109375
2026-07-24,0.000961451611805053,82.9159851074219
2026-07-27,0.00598803662594349,83.4139785766602
2026-07-28,0.00583373389515351,83.9020156860352
2026-07-29,-0.0166381143056649,82.5175933837891
2026-07-30,-0.000603654174534007,82.4677963256836
2026-07-31,-0.00666473062826434,81.9199981689453
2026-08-03,0.0032905309253719,82.1900024414062
2026-08-04,0.00763590456778562,82.8199996948242
2026-08-05,0.00217103336398505,83
2026-08-06,-0.00579996027378993,82.5199966430664
2026-08-07,0.00290423116688832,82.7600021362305
2026-08-10,-0.00849422142713507,82.0599975585938
2026-08-11,0.00158301260226601,82.1900024414062
2026-08-12,-0.000973850710789925,82.1100006103516
2026-08-13,0.00582874432775426,82.5899963378906
2026-08-14,-0.00668161911808784,82.0400009155273
2026-08-17,-0.00844612945561973,81.3499984741211
2026-08-18,0.00380351582916116,81.6600036621094
2026-08-19,0.0165171714524064,83.0199966430664
2026-08-20,-0.00822453032335435,82.3399963378906
2026-08-21,-0.00352811713631862,82.0500030517578
2026-08-24,0.00619641743197619,82.5599975585938
2026-08-25,0.0109620283251433,83.4700012207031
2026-08-26,-0.00203871467855432,83.3000030517578
2026-08-27,-0.00204297130514863,83.129997253418
2026-08-28,-0.00301186913148488,82.879997253418
